id,date,state_name,state_code,cgst,sgst,igst,cess
1,2017-07-01,Andaman And Nicobar Islands,35,0.0,0.0,0.0,0.0
2,2017-07-01,Andhra Pradesh,28,2.6,2.59,4.32,0.0
3,2017-07-01,Arunachal Pradesh,12,0.0,0.0,0.0,0.0
4,2017-07-01,Assam,18,0.02,0.02,0.21,0.07
5,2017-07-01,Bihar,10,0.02,0.02,0.47,0.04
6,2017-07-01,Chandigarh,04,0.02,0.03,0.33,0.0
7,2017-07-01,Chhattisgarh,22,0.58,0.58,0.0,0.01
8,2017-07-01,Delhi,07,0.66,0.64,2.04,0.01
9,2017-07-01,Goa,30,0.06,0.06,0.0,0.0
10,2017-07-01,Gujarat,24,0.2,0.19,2.2,0.0
11,2017-07-01,Haryana,06,0.2,0.2,0.51,0.0
12,2017-07-01,Himachal Pradesh,02,0.09,0.09,0.0,0.0
13,2017-07-01,Jammu And Kashmir,01,0.0,0.0,0.0,0.0
14,2017-07-01,Jharkhand,20,0.07,0.07,0.01,0.0
15,2017-07-01,Karnataka,29,0.42,0.4,1.61,0.0
16,2017-07-01,Kerala,32,0.03,0.03,0.17,0.0
17,2017-07-01,Madhya Pradesh,23,0.25,0.25,0.39,0.0
18,2017-07-01,Maharashtra,27,1.21,1.31,5.12,0.0
19,2017-07-01,Manipur,14,0.0,0.0,0.04,0.0
20,2017-07-01,Meghalaya,17,0.01,0.03,0.0,0.0
21,2017-07-01,Mizoram,15,0.0,0.0,0.0,0.0
22,2017-07-01,Nagaland,13,0.0,0.0,0.0,0.0
23,2017-07-01,Odisha,21,0.15,0.11,0.16,0.0
24,2017-07-01,Puducherry,34,0.0,0.0,0.0,0.0
25,2017-07-01,Punjab,03,0.1,0.65,1.97,0.0
26,2017-07-01,Rajasthan,08,1.29,1.23,2.4,0.0
27,2017-07-01,Sikkim,11,0.02,0.02,0.0,0.0
28,2017-07-01,Tamil Nadu,33,0.37,0.36,4.98,0.0
29,2017-07-01,Telangana,36,0.28,0.26,2.07,0.0
30,2017-07-01,The Dadra And Nagar Haveli And Daman And Diu,38,0.0,0.0,0.01,0.0
31,2017-07-01,Tripura,16,0.0,0.0,0.0,0.0
32,2017-07-01,Uttar Pradesh,09,0.67,0.65,1.8,0.0
33,2017-07-01,Uttarakhand,05,0.07,0.07,0.04,0.0
34,2017-07-01,West Bengal,19,0.57,0.57,1.54,0.11
35,2017-08-01,Andaman And Nicobar Islands,35,3.33,3.98,0.37,0.02
36,2017-08-01,Andhra Pradesh,28,448.07,660.89,755.96,24.43
37,2017-08-01,Arunachal Pradesh,12,3.45,6.17,3.21,0.02
38,2017-08-01,Assam,18,161.79,270.71,244.51,26.22
39,2017-08-01,Bihar,10,180.5,378.96,85.84,141.03
1410,2020-09-01,Cbic,98,0.0,0.0,120.75,0.0
40,2017-08-01,Chandigarh,04,39.65,58.89,76.15,0.29
41,2017-08-01,Chhattisgarh,22,246.72,328.39,473.24,581.68
42,2017-08-01,Delhi,07,732.5,1050.58,1381.49,90.11
43,2017-08-01,Goa,30,76.05,105.54,221.43,1.75
44,2017-08-01,Gujarat,24,1330.26,1868.47,2602.87,213.3
45,2017-08-01,Haryana,06,799.75,1271.55,2256.54,342.68
46,2017-08-01,Himachal Pradesh,02,88.06,133.75,600.59,1.1
47,2017-08-01,Jammu And Kashmir,01,49.55,103.16,95.47,17.15
48,2017-08-01,Jharkhand,20,202.52,334.11,685.69,359.61
49,2017-08-01,Karnataka,29,1398.26,2107.27,2590.31,880.37
50,2017-08-01,Kerala,32,474.65,799.13,249.93,10.05
51,2017-08-01,Lakshadweep,31,0.17,0.17,0.01,0.0
52,2017-08-01,Madhya Pradesh,23,404.15,626.25,655.27,426.32
53,2017-08-01,Maharashtra,27,3504.23,4855.67,4383.49,847.19
54,2017-08-01,Manipur,14,3.66,8.97,0.89,0.16
55,2017-08-01,Meghalaya,17,12.1,20.59,37.93,6.86
56,2017-08-01,Mizoram,15,1.59,4.17,0.26,0.03
57,2017-08-01,Nagaland,13,2.65,5.57,5.41,0.1
58,2017-08-01,Odisha,21,317.68,471.37,555.89,564.81
59,2017-08-01,Puducherry,34,19.69,35.55,152.16,0.54
60,2017-08-01,Punjab,03,313.45,577.38,618.5,12.5
61,2017-08-01,Rajasthan,08,522.29,806.2,1084.97,126.74
62,2017-08-01,Sikkim,11,5.09,24.81,130.09,0.04
63,2017-08-01,Tamil Nadu,33,1505.14,2472.93,2218.65,429.37
64,2017-08-01,Telangana,36,543.29,840.53,929.76,445.13
65,2017-08-01,The Dadra And Nagar Haveli And Daman And Diu,38,17.94,32.81,231.94,0.28
66,2017-08-01,Tripura,16,11.34,18.71,2.8,4.24
67,2017-08-01,Uttar Pradesh,09,931.02,1569.63,1468.42,757.93
68,2017-08-01,Uttarakhand,05,150.38,285.43,1241.91,15.13
69,2017-08-01,West Bengal,19,751.01,1118.82,858.65,280.42
70,2017-09-01,Andaman And Nicobar Islands,35,12.07,13.37,0.74,0.0
71,2017-09-01,Andhra Pradesh,28,428.46,634.92,718.73,19.93
72,2017-09-01,Arunachal Pradesh,12,2.55,4.29,2.5,0.03
73,2017-09-01,Assam,18,155.97,250.95,234.04,31.81
74,2017-09-01,Bihar,10,130.25,260.97,79.17,203.85
75,2017-09-01,Chandigarh,04,31.94,43.68,70.99,1.03
76,2017-09-01,Chhattisgarh,22,237.28,330.84,396.97,634.34
77,2017-09-01,Delhi,07,745.28,1021.16,1535.08,103.21
78,2017-09-01,Goa,30,76.39,109.27,163.56,2.58
79,2017-09-01,Gujarat,24,1401.94,1877.44,2143.73,298.11
80,2017-09-01,Haryana,06,747.89,1147.96,3181.07,363.26
81,2017-09-01,Himachal Pradesh,02,90.25,134.94,518.72,1.67
82,2017-09-01,Jammu And Kashmir,01,71.31,136.54,107.0,4.92
83,2017-09-01,Jharkhand,20,210.01,295.25,697.34,437.86
84,2017-09-01,Karnataka,29,1363.58,1996.53,1941.17,838.44
85,2017-09-01,Kerala,32,483.3,802.58,243.71,13.55
86,2017-09-01,Lakshadweep,31,0.4,0.4,0.03,0.0
87,2017-09-01,Madhya Pradesh,23,391.63,567.31,533.07,414.14
88,2017-09-01,Maharashtra,27,3381.9,4557.62,4162.27,945.88
89,2017-09-01,Manipur,14,4.6,7.91,1.03,0.18
90,2017-09-01,Meghalaya,17,8.46,14.05,39.94,0.09
91,2017-09-01,Mizoram,15,2.46,4.46,0.6,0.0
92,2017-09-01,Nagaland,13,2.97,5.67,4.4,0.13
93,2017-09-01,Odisha,21,332.0,450.53,468.11,465.56
94,2017-09-01,Other Territory,97,0.0,0.0,10.85,0.0
95,2017-09-01,Puducherry,34,19.83,32.57,131.51,0.41
96,2017-09-01,Punjab,03,276.49,491.65,507.03,13.87
97,2017-09-01,Rajasthan,08,518.84,774.14,833.47,157.78
98,2017-09-01,Sikkim,11,4.09,7.18,144.99,0.02
99,2017-09-01,Tamil Nadu,33,1487.85,2220.66,1972.8,503.27
100,2017-09-01,Telangana,36,565.52,803.39,863.21,484.68
101,2017-09-01,The Dadra And Nagar Haveli And Daman And Diu,38,20.61,32.74,238.98,0.21
102,2017-09-01,Tripura,16,11.13,19.08,3.29,0.49
103,2017-09-01,Uttar Pradesh,09,933.99,1438.64,1381.1,1085.93
104,2017-09-01,Uttarakhand,05,150.13,307.53,998.81,14.95
105,2017-09-01,West Bengal,19,829.96,1183.08,670.45,259.31
106,2017-10-01,Andaman And Nicobar Islands,35,8.0,9.85,0.7,0.04
107,2017-10-01,Andhra Pradesh,28,435.16,701.86,670.84,20.72
108,2017-10-01,Arunachal Pradesh,12,4.16,6.05,2.22,0.21
109,2017-10-01,Assam,18,147.93,237.68,200.29,38.66
110,2017-10-01,Bihar,10,140.8,307.71,65.02,131.63
111,2017-10-01,Chandigarh,04,29.25,42.09,72.23,1.03
112,2017-10-01,Chhattisgarh,22,220.93,306.23,479.93,547.99
113,2017-10-01,Delhi,07,760.16,1069.15,1588.95,108.57
114,2017-10-01,Goa,30,69.24,105.51,168.52,2.94
115,2017-10-01,Gujarat,24,1400.77,1880.76,2286.68,314.58
116,2017-10-01,Haryana,06,700.03,1144.46,2849.56,369.15
117,2017-10-01,Himachal Pradesh,02,70.77,133.42,494.68,1.53
118,2017-10-01,Jammu And Kashmir,01,63.39,113.18,108.06,3.09
119,2017-10-01,Jharkhand,20,230.02,347.48,715.45,453.73
120,2017-10-01,Karnataka,29,1283.33,1921.92,2232.16,811.09
121,2017-10-01,Kerala,32,458.24,736.9,254.35,7.65
122,2017-10-01,Lakshadweep,31,0.28,0.3,0.02,0.0
123,2017-10-01,Madhya Pradesh,23,355.14,577.07,587.78,407.24
124,2017-10-01,Maharashtra,27,3559.82,4938.9,4765.38,1056.37
125,2017-10-01,Manipur,14,6.31,12.26,0.92,0.01
126,2017-10-01,Meghalaya,17,10.6,16.69,38.04,0.1
127,2017-10-01,Mizoram,15,3.93,5.55,0.99,0.0
128,2017-10-01,Nagaland,13,3.73,5.69,5.17,0.12
129,2017-10-01,Odisha,21,321.88,529.86,481.14,468.05
130,2017-10-01,Other Territory,97,19.87,19.76,23.55,0.0
131,2017-10-01,Puducherry,34,19.87,31.53,91.34,1.49
132,2017-10-01,Punjab,03,263.8,477.63,522.09,13.49
133,2017-10-01,Rajasthan,08,530.78,808.66,759.75,156.55
134,2017-10-01,Sikkim,11,10.16,13.36,116.72,0.08
135,2017-10-01,Tamil Nadu,33,1457.13,2132.29,1913.92,589.61
136,2017-10-01,Telangana,36,565.15,847.61,853.96,492.04
137,2017-10-01,The Dadra And Nagar Haveli And Daman And Diu,38,22.11,34.41,236.14,0.21
138,2017-10-01,Tripura,16,23.62,30.54,2.89,0.16
139,2017-10-01,Uttar Pradesh,09,928.42,1477.13,1340.51,930.65
140,2017-10-01,Uttarakhand,05,143.5,278.72,1240.62,22.97
141,2017-10-01,West Bengal,19,693.87,1042.51,708.67,339.52
142,2017-11-01,Andaman And Nicobar Islands,35,10.2,11.63,1.27,0.03
143,2017-11-01,Andhra Pradesh,28,389.38,588.89,669.29,20.01
144,2017-11-01,Arunachal Pradesh,12,2.98,4.86,3.37,0.0
145,2017-11-01,Assam,18,150.31,227.85,226.84,49.07
146,2017-11-01,Bihar,10,142.18,285.17,76.03,88.93
147,2017-11-01,Chandigarh,04,30.33,45.77,68.62,0.58
148,2017-11-01,Chhattisgarh,22,209.82,302.4,467.79,523.72
149,2017-11-01,Delhi,07,678.45,951.49,1489.96,111.64
150,2017-11-01,Goa,30,81.77,114.97,145.41,2.48
151,2017-11-01,Gujarat,24,1330.45,1748.09,1984.66,324.13
152,2017-11-01,Haryana,06,641.97,1063.17,2589.71,373.72
153,2017-11-01,Himachal Pradesh,02,70.49,117.78,460.08,1.05
154,2017-11-01,Jammu And Kashmir,01,66.27,120.32,99.53,12.83
155,2017-11-01,Jharkhand,20,206.72,333.96,830.19,437.43
156,2017-11-01,Karnataka,29,1151.04,1709.72,1755.08,580.25
157,2017-11-01,Kerala,32,410.37,611.52,215.74,11.9
158,2017-11-01,Lakshadweep,31,0.79,0.8,0.06,0.0
159,2017-11-01,Madhya Pradesh,23,363.71,586.45,498.79,425.0
160,2017-11-01,Maharashtra,27,3206.99,4347.12,3866.25,852.76
161,2017-11-01,Manipur,14,4.14,6.37,0.92,0.01
162,2017-11-01,Meghalaya,17,11.9,16.32,32.72,0.09
163,2017-11-01,Mizoram,15,2.87,4.83,0.74,0.04
164,2017-11-01,Nagaland,13,3.48,5.46,3.44,0.06
165,2017-11-01,Odisha,21,308.62,444.02,523.61,508.13
166,2017-11-01,Other Territory,97,8.05,11.44,21.65,0.0
167,2017-11-01,Puducherry,34,20.59,31.73,121.94,0.15
168,2017-11-01,Punjab,03,245.96,442.91,504.93,11.14
169,2017-11-01,Rajasthan,08,537.63,764.66,738.85,141.36
170,2017-11-01,Sikkim,11,10.36,13.75,121.74,0.1
171,2017-11-01,Tamil Nadu,33,1288.16,1912.97,1494.64,539.94
172,2017-11-01,Telangana,36,496.81,750.62,801.86,394.1
173,2017-11-01,The Dadra And Nagar Haveli And Daman And Diu,38,20.03,31.32,233.46,0.27
174,2017-11-01,Tripura,16,12.88,19.43,2.7,0.28
175,2017-11-01,Uttar Pradesh,09,838.12,1358.37,1197.47,774.11
176,2017-11-01,Uttarakhand,05,143.53,306.87,763.45,24.27
177,2017-11-01,West Bengal,19,592.9,1000.51,654.31,210.19
178,2017-12-01,Andaman And Nicobar Islands,35,5.59,8.15,1.02,0.05
179,2017-12-01,Andhra Pradesh,28,390.48,572.87,608.72,12.84
180,2017-12-01,Arunachal Pradesh,12,3.33,6.27,2.14,0.15
181,2017-12-01,Assam,18,135.81,196.87,207.13,49.7
182,2017-12-01,Bihar,10,139.57,264.52,87.8,174.71
183,2017-12-01,Chandigarh,04,26.78,37.6,67.46,0.62
184,2017-12-01,Chhattisgarh,22,233.07,303.7,445.13,600.4
185,2017-12-01,Delhi,07,646.27,859.81,1450.77,93.61
186,2017-12-01,Goa,30,73.48,111.94,128.19,1.72
187,2017-12-01,Gujarat,24,1386.71,1790.21,1894.13,301.14
188,2017-12-01,Haryana,06,603.43,968.19,2168.49,340.26
189,2017-12-01,Himachal Pradesh,02,74.24,109.68,432.62,1.27
190,2017-12-01,Jammu And Kashmir,01,86.14,143.67,83.97,0.92
191,2017-12-01,Jharkhand,20,216.83,328.45,739.07,425.18
192,2017-12-01,Karnataka,29,1219.43,1684.99,1760.64,903.43
193,2017-12-01,Kerala,32,395.67,608.44,238.66,6.28
194,2017-12-01,Lakshadweep,31,0.37,0.38,0.05,0.0
195,2017-12-01,Madhya Pradesh,23,416.88,599.09,491.69,365.85
196,2017-12-01,Maharashtra,27,3359.82,4361.38,4151.06,937.74
197,2017-12-01,Manipur,14,4.39,8.52,0.73,0.08
198,2017-12-01,Meghalaya,17,8.82,15.12,46.26,0.18
199,2017-12-01,Mizoram,15,2.04,3.55,0.91,0.08
200,2017-12-01,Nagaland,13,2.62,4.27,3.0,0.44
201,2017-12-01,Odisha,21,301.57,400.68,505.74,496.85
202,2017-12-01,Other Territory,97,7.92,11.78,26.75,0.0
203,2017-12-01,Puducherry,34,16.9,27.79,116.37,0.09
204,2017-12-01,Punjab,03,225.83,390.35,455.67,5.62
205,2017-12-01,Rajasthan,08,546.29,746.48,723.17,132.05
206,2017-12-01,Sikkim,11,6.53,10.19,147.0,0.02
207,2017-12-01,Tamil Nadu,33,1229.68,1796.28,1460.74,527.75
208,2017-12-01,Telangana,36,520.44,741.2,714.8,513.29
209,2017-12-01,The Dadra And Nagar Haveli And Daman And Diu,38,20.0,31.03,182.31,0.06
210,2017-12-01,Tripura,16,9.91,16.66,2.79,0.44
211,2017-12-01,Uttar Pradesh,09,842.9,1317.77,1220.74,1007.36
212,2017-12-01,Uttarakhand,05,132.39,263.5,778.49,11.8
213,2017-12-01,West Bengal,19,635.11,957.5,703.87,252.01
214,2018-01-01,Andaman And Nicobar Islands,35,5.66,7.95,0.87,0.03
215,2018-01-01,Andhra Pradesh,28,489.06,713.84,697.32,20.58
216,2018-01-01,Arunachal Pradesh,12,4.72,8.57,3.03,0.14
217,2018-01-01,Assam,18,141.39,222.14,175.96,38.46
218,2018-01-01,Bihar,10,136.37,280.74,78.45,146.0
219,2018-01-01,Cbic,98,0.0,0.0,18.75,0.0
220,2018-01-01,Chandigarh,04,27.01,41.53,77.64,1.35
221,2018-01-01,Chhattisgarh,22,279.03,367.35,530.4,597.23
222,2018-01-01,Delhi,07,825.37,1099.62,1596.28,81.45
223,2018-01-01,Goa,30,82.76,116.78,103.7,2.27
224,2018-01-01,Gujarat,24,1532.26,2060.8,1876.07,309.57
225,2018-01-01,Haryana,06,609.78,965.79,2376.42,310.94
226,2018-01-01,Himachal Pradesh,02,78.44,125.25,394.38,1.59
227,2018-01-01,Jammu And Kashmir,01,92.21,144.58,65.21,4.37
228,2018-01-01,Jharkhand,20,242.19,354.26,883.4,394.44
229,2018-01-01,Karnataka,29,1257.76,1810.44,2049.01,873.84
230,2018-01-01,Kerala,32,413.66,698.46,244.36,11.29
231,2018-01-01,Lakshadweep,31,0.3,0.35,0.03,0.0
232,2018-01-01,Madhya Pradesh,23,416.18,613.8,489.92,369.97
233,2018-01-01,Maharashtra,27,3263.95,4450.34,4657.39,984.98
234,2018-01-01,Manipur,14,3.71,7.59,0.84,0.16
235,2018-01-01,Meghalaya,17,12.89,21.25,51.61,4.72
236,2018-01-01,Mizoram,15,2.1,3.69,2.03,0.02
237,2018-01-01,Nagaland,13,4.04,6.19,4.82,0.38
238,2018-01-01,Odisha,21,355.36,470.56,542.25,590.33
239,2018-01-01,Other Territory,97,73.15,113.97,36.94,0.0
240,2018-01-01,Puducherry,34,20.57,30.9,109.73,1.57
241,2018-01-01,Punjab,03,239.73,424.34,410.81,12.64
242,2018-01-01,Rajasthan,08,599.43,858.55,781.42,154.81
243,2018-01-01,Sikkim,11,6.67,11.45,133.58,0.01
244,2018-01-01,Tamil Nadu,33,1282.27,1889.36,1555.99,588.31
245,2018-01-01,Telangana,36,586.35,856.59,768.04,525.74
246,2018-01-01,The Dadra And Nagar Haveli And Daman And Diu,38,24.41,33.9,193.01,0.29
247,2018-01-01,Tripura,16,11.45,16.95,3.66,0.17
248,2018-01-01,Uttar Pradesh,09,926.94,1450.58,1339.6,957.3
249,2018-01-01,Uttarakhand,05,153.59,268.71,825.16,14.27
250,2018-01-01,West Bengal,19,669.53,990.88,714.51,282.96
251,2018-02-01,Andaman And Nicobar Islands,35,8.25,11.07,0.9,0.02
252,2018-02-01,Andhra Pradesh,28,415.89,581.44,742.9,18.25
253,2018-02-01,Arunachal Pradesh,12,3.98,6.59,2.49,0.4
254,2018-02-01,Assam,18,132.62,203.23,164.07,27.94
255,2018-02-01,Bihar,10,145.59,270.19,127.62,223.39
256,2018-02-01,Cbic,98,0.0,0.0,5.34,0.0
257,2018-02-01,Chandigarh,04,28.06,40.63,71.95,0.42
258,2018-02-01,Chhattisgarh,22,307.61,389.14,546.64,290.24
259,2018-02-01,Delhi,07,703.34,930.12,1402.38,85.14
260,2018-02-01,Goa,30,93.29,127.22,134.43,2.31
261,2018-02-01,Gujarat,24,1590.6,2030.58,1808.78,392.78
262,2018-02-01,Haryana,06,602.17,942.47,2471.39,340.46
263,2018-02-01,Himachal Pradesh,02,70.64,106.8,382.8,1.45
264,2018-02-01,Jammu And Kashmir,01,71.58,124.99,71.13,1.59
265,2018-02-01,Jharkhand,20,260.05,341.26,795.16,360.7
266,2018-02-01,Karnataka,29,1252.86,1713.99,2063.63,988.01
267,2018-02-01,Kerala,32,388.95,621.16,191.15,5.6
268,2018-02-01,Lakshadweep,31,0.57,0.59,0.13,0.0
269,2018-02-01,Madhya Pradesh,23,424.06,578.0,560.63,397.57
270,2018-02-01,Maharashtra,27,3265.82,4296.96,3849.35,1036.79
271,2018-02-01,Manipur,14,3.71,7.59,1.23,0.32
272,2018-02-01,Meghalaya,17,12.66,18.41,74.72,9.45
273,2018-02-01,Mizoram,15,2.18,4.72,1.14,0.17
274,2018-02-01,Nagaland,13,3.67,4.92,3.29,0.28
275,2018-02-01,Odisha,21,356.59,486.43,517.43,621.79
276,2018-02-01,Other Territory,97,18.88,36.52,26.83,0.0
277,2018-02-01,Puducherry,34,17.93,28.22,92.17,0.6
278,2018-02-01,Punjab,03,240.18,385.28,427.95,7.67
279,2018-02-01,Rajasthan,08,565.23,763.72,835.5,142.93
280,2018-02-01,Sikkim,11,5.5,8.58,108.64,0.02
281,2018-02-01,Tamil Nadu,33,1250.03,1900.97,1649.87,562.25
282,2018-02-01,Telangana,36,571.45,793.72,748.07,526.47
283,2018-02-01,The Dadra And Nagar Haveli And Daman And Diu,38,19.22,29.18,185.33,0.18
284,2018-02-01,Tripura,16,11.21,19.16,3.84,0.13
285,2018-02-01,Uttar Pradesh,09,847.76,1352.37,1267.67,1129.13
286,2018-02-01,Uttarakhand,05,140.69,274.45,730.54,20.67
287,2018-02-01,West Bengal,19,923.9,1183.22,711.34,355.03
288,2018-03-01,Andaman And Nicobar Islands,35,16.02,19.88,1.36,0.01
289,2018-03-01,Andhra Pradesh,28,445.98,618.97,783.06,17.44
290,2018-03-01,Arunachal Pradesh,12,9.98,17.65,4.8,0.01
291,2018-03-01,Assam,18,156.08,227.99,179.35,55.09
292,2018-03-01,Bihar,10,168.73,314.03,90.95,183.97
293,2018-03-01,Cbic,98,0.0,0.0,55.9,0.0
294,2018-03-01,Chandigarh,04,25.67,36.01,74.28,0.18
295,2018-03-01,Chhattisgarh,22,368.85,454.44,684.55,321.19
296,2018-03-01,Delhi,07,807.25,982.02,1387.39,72.63
297,2018-03-01,Goa,30,92.8,127.21,123.66,2.81
298,2018-03-01,Gujarat,24,1594.43,2015.66,2006.19,305.98
299,2018-03-01,Haryana,06,666.29,1032.5,2219.06,354.05
300,2018-03-01,Himachal Pradesh,02,72.56,119.87,417.98,0.56
301,2018-03-01,Jammu And Kashmir,01,65.77,114.29,75.89,2.03
302,2018-03-01,Jharkhand,20,293.03,414.0,875.05,461.59
303,2018-03-01,Karnataka,29,1299.12,1750.6,2203.71,743.68
304,2018-03-01,Kerala,32,403.43,613.07,228.06,4.7
305,2018-03-01,Lakshadweep,31,0.36,0.41,0.07,0.0
306,2018-03-01,Madhya Pradesh,23,450.41,615.62,556.98,376.81
307,2018-03-01,Maharashtra,27,3660.45,4586.58,4139.91,944.32
308,2018-03-01,Manipur,14,7.4,16.38,1.21,0.07
309,2018-03-01,Meghalaya,17,12.32,18.95,69.45,4.7
310,2018-03-01,Mizoram,15,2.88,7.28,1.3,0.01
311,2018-03-01,Nagaland,13,2.59,5.52,3.85,0.5
312,2018-03-01,Odisha,21,391.07,515.12,559.94,525.31
313,2018-03-01,Other Territory,97,14.41,30.98,33.03,9.42
314,2018-03-01,Puducherry,34,19.64,28.03,94.94,0.92
315,2018-03-01,Punjab,03,254.85,411.28,444.57,10.27
316,2018-03-01,Rajasthan,08,579.32,789.77,845.34,131.79
317,2018-03-01,Sikkim,11,8.91,16.13,119.65,0.43
318,2018-03-01,Tamil Nadu,33,1337.21,1874.31,1761.0,507.11
319,2018-03-01,Telangana,36,641.98,903.54,846.66,407.19
320,2018-03-01,The Dadra And Nagar Haveli And Daman And Diu,38,20.85,31.48,214.44,0.35
321,2018-03-01,Tripura,16,15.22,22.74,7.31,0.15
322,2018-03-01,Uttar Pradesh,09,989.8,1515.66,1338.53,939.08
323,2018-03-01,Uttarakhand,05,162.29,303.4,777.71,21.04
324,2018-03-01,West Bengal,19,1199.19,1494.35,765.23,297.05
325,2018-04-01,Andaman And Nicobar Islands,35,21.27,27.06,1.69,0.03
326,2018-04-01,Andhra Pradesh,28,529.43,812.46,883.39,25.89
327,2018-04-01,Arunachal Pradesh,12,12.86,16.53,3.24,0.52
328,2018-04-01,Assam,18,172.48,276.88,176.89,52.97
329,2018-04-01,Bihar,10,205.91,425.05,108.9,173.69
330,2018-04-01,Cbic,98,0.0,0.0,40.36,0.0
331,2018-04-01,Chandigarh,04,33.67,46.39,101.44,0.23
332,2018-04-01,Chhattisgarh,22,338.43,415.64,633.35,502.24
333,2018-04-01,Delhi,07,1104.77,1331.57,1682.85,78.81
334,2018-04-01,Goa,30,89.39,122.13,137.47,3.48
335,2018-04-01,Gujarat,24,1701.28,2133.4,2190.05,303.9
336,2018-04-01,Haryana,06,713.35,1100.32,2982.04,334.22
337,2018-04-01,Himachal Pradesh,02,88.97,135.99,420.82,1.48
338,2018-04-01,Jammu And Kashmir,01,115.22,179.62,73.98,3.24
339,2018-04-01,Jharkhand,20,348.7,489.66,1045.35,504.82
340,2018-04-01,Karnataka,29,1608.18,2192.43,2640.19,906.45
341,2018-04-01,Kerala,32,457.51,702.07,232.56,4.02
342,2018-04-01,Lakshadweep,31,1.17,1.26,0.09,0.0
343,2018-04-01,Madhya Pradesh,23,525.89,717.05,646.84,454.56
344,2018-04-01,Maharashtra,27,4254.07,5382.56,5963.59,1125.63
345,2018-04-01,Manipur,14,13.9,18.42,1.49,0.03
346,2018-04-01,Meghalaya,17,23.66,32.8,92.31,3.64
347,2018-04-01,Mizoram,15,5.88,9.41,1.96,0.04
348,2018-04-01,Nagaland,13,4.43,7.24,5.12,0.17
349,2018-04-01,Odisha,21,448.98,639.24,495.94,583.64
350,2018-04-01,Other Territory,97,7.03,18.77,53.49,0.0
351,2018-04-01,Puducherry,34,20.67,31.38,117.98,0.22
352,2018-04-01,Punjab,03,310.48,498.58,432.34,17.0
353,2018-04-01,Rajasthan,08,659.25,903.88,903.75,141.83
354,2018-04-01,Sikkim,11,11.58,15.74,123.22,0.0
355,2018-04-01,Tamil Nadu,33,1499.28,2096.08,2395.6,674.98
356,2018-04-01,Telangana,36,715.3,1021.27,1127.47,513.64
2047,2022-01-01,Tripura,16,27.0,37.42,8.38,0.38
357,2018-04-01,The Dadra And Nagar Haveli And Daman And Diu,38,28.75,41.26,187.56,0.14
358,2018-04-01,Tripura,16,16.95,25.48,3.22,0.06
359,2018-04-01,Uttar Pradesh,09,1330.07,2115.07,1545.28,1029.82
360,2018-04-01,Uttarakhand,05,211.48,355.83,924.75,22.56
361,2018-04-01,West Bengal,19,1017.02,1359.81,925.64,388.16
362,2018-05-01,Andaman And Nicobar Islands,35,5.6,8.63,1.96,0.03
363,2018-05-01,Andhra Pradesh,28,488.45,689.92,762.84,20.87
364,2018-05-01,Arunachal Pradesh,12,9.77,15.39,4.48,0.01
365,2018-05-01,Assam,18,314.07,399.25,185.11,25.97
366,2018-05-01,Bihar,10,167.85,335.01,119.73,116.8
367,2018-05-01,Cbic,98,0.0,0.0,41.07,0.0
368,2018-05-01,Chandigarh,04,26.89,36.46,68.8,0.07
369,2018-05-01,Chhattisgarh,22,299.94,378.1,662.44,529.11
370,2018-05-01,Delhi,07,631.29,797.35,1402.19,84.07
371,2018-05-01,Goa,30,78.8,106.46,129.48,2.79
372,2018-05-01,Gujarat,24,1726.58,2177.27,2016.55,341.56
373,2018-05-01,Haryana,06,690.59,1015.29,2515.98,351.88
374,2018-05-01,Himachal Pradesh,02,74.38,116.83,453.85,1.05
375,2018-05-01,Jammu And Kashmir,01,70.6,119.22,72.76,4.37
376,2018-05-01,Jharkhand,20,251.29,358.41,893.7,454.38
377,2018-05-01,Karnataka,29,1260.0,1691.95,2102.05,698.12
378,2018-05-01,Kerala,32,419.93,658.95,216.05,5.47
379,2018-05-01,Lakshadweep,31,0.06,0.06,0.02,0.0
380,2018-05-01,Madhya Pradesh,23,383.89,555.28,527.63,396.84
381,2018-05-01,Maharashtra,27,3684.41,4606.0,3960.49,796.5
382,2018-05-01,Manipur,14,5.26,9.28,1.95,0.17
383,2018-05-01,Meghalaya,17,13.72,19.92,89.94,3.02
384,2018-05-01,Mizoram,15,3.15,6.47,4.14,0.0
385,2018-05-01,Nagaland,13,3.14,5.98,3.99,0.32
386,2018-05-01,Odisha,21,360.08,499.24,637.63,395.01
387,2018-05-01,Other Territory,97,14.05,24.99,686.59,0.0
388,2018-05-01,Puducherry,34,18.21,26.94,110.19,0.16
389,2018-05-01,Punjab,03,237.85,397.4,487.8,16.26
390,2018-05-01,Rajasthan,08,637.39,848.79,873.4,132.92
391,2018-05-01,Sikkim,11,9.94,13.55,143.15,0.66
392,2018-05-01,Tamil Nadu,33,1388.18,1927.11,1682.28,491.02
393,2018-05-01,Telangana,36,547.3,806.81,790.83,474.12
394,2018-05-01,The Dadra And Nagar Haveli And Daman And Diu,38,20.57,29.54,169.47,0.06
395,2018-05-01,Tripura,16,16.9,25.84,2.68,0.24
396,2018-05-01,Uttar Pradesh,09,971.73,1502.79,1302.46,838.84
397,2018-05-01,Uttarakhand,05,160.37,303.98,761.5,20.84
398,2018-05-01,West Bengal,19,869.32,1171.3,786.37,281.4
399,2018-06-01,Andaman And Nicobar Islands,35,11.29,13.87,2.47,0.06
400,2018-06-01,Andhra Pradesh,28,460.33,668.17,780.49,26.61
401,2018-06-01,Arunachal Pradesh,12,9.32,13.54,3.95,0.01
402,2018-06-01,Assam,18,171.54,250.27,195.99,44.86
403,2018-06-01,Bihar,10,178.75,365.74,87.86,128.78
404,2018-06-01,Cbic,98,0.0,0.0,45.1,0.0
405,2018-06-01,Chandigarh,04,25.54,39.69,70.78,0.39
406,2018-06-01,Chhattisgarh,22,303.48,383.21,693.19,521.86
407,2018-06-01,Delhi,07,619.82,795.19,1601.91,86.36
408,2018-06-01,Goa,30,83.28,113.49,135.33,3.15
409,2018-06-01,Gujarat,24,1634.99,2075.49,2251.42,400.6
410,2018-06-01,Haryana,06,709.28,1090.66,2436.53,398.01
411,2018-06-01,Himachal Pradesh,02,81.19,128.47,430.16,1.44
412,2018-06-01,Jammu And Kashmir,01,70.74,119.02,72.19,4.17
413,2018-06-01,Jharkhand,20,273.36,385.05,849.82,470.87
414,2018-06-01,Karnataka,29,1317.79,1771.66,2285.64,868.72
415,2018-06-01,Kerala,32,426.52,683.9,190.0,5.59
416,2018-06-01,Lakshadweep,31,3.09,3.13,0.13,0.0
417,2018-06-01,Madhya Pradesh,23,418.54,609.99,543.58,432.46
418,2018-06-01,Maharashtra,27,3898.98,4810.38,4398.22,913.23
419,2018-06-01,Manipur,14,8.44,12.39,1.09,0.06
420,2018-06-01,Meghalaya,17,14.92,20.95,76.04,4.27
421,2018-06-01,Mizoram,15,3.25,6.24,0.74,0.03
422,2018-06-01,Nagaland,13,2.85,5.54,4.44,0.6
423,2018-06-01,Odisha,21,407.43,535.87,786.43,422.17
424,2018-06-01,Other Territory,97,13.62,21.75,102.25,0.0
425,2018-06-01,Puducherry,34,19.61,27.2,98.99,0.24
426,2018-06-01,Punjab,03,250.79,441.5,489.74,18.2
427,2018-06-01,Rajasthan,08,606.74,833.94,850.17,133.24
428,2018-06-01,Sikkim,11,10.12,14.44,146.41,0.01
429,2018-06-01,Tamil Nadu,33,1278.2,1806.52,1526.61,575.66
430,2018-06-01,Telangana,36,563.43,797.96,792.22,547.87
431,2018-06-01,The Dadra And Nagar Haveli And Daman And Diu,38,22.48,34.52,158.16,0.03
432,2018-06-01,Tripura,16,12.06,19.46,3.68,0.06
433,2018-06-01,Uttar Pradesh,09,1034.74,1624.02,1374.16,999.74
434,2018-06-01,Uttarakhand,05,164.16,309.88,770.71,21.28
435,2018-06-01,West Bengal,19,857.67,1188.32,747.79,318.08
436,2018-07-01,Andaman And Nicobar Islands,35,4.28,8.38,1.74,0.02
437,2018-07-01,Andhra Pradesh,28,483.57,723.34,776.03,43.2
438,2018-07-01,Arunachal Pradesh,12,10.05,14.69,3.89,0.02
439,2018-07-01,Assam,18,162.93,259.53,197.37,41.19
440,2018-07-01,Bihar,10,194.84,393.18,100.65,162.54
441,2018-07-01,Cbic,98,0.0,0.0,27.97,0.0
442,2018-07-01,Chandigarh,04,29.85,41.03,76.75,0.3
443,2018-07-01,Chhattisgarh,22,337.88,420.32,550.55,601.32
444,2018-07-01,Delhi,07,662.98,834.08,1513.8,83.97
445,2018-07-01,Goa,30,73.71,106.01,137.69,1.28
446,2018-07-01,Gujarat,24,1543.92,1997.23,2189.68,348.87
447,2018-07-01,Haryana,06,680.22,1003.56,2311.71,299.16
448,2018-07-01,Himachal Pradesh,02,85.42,131.11,399.77,1.2
449,2018-07-01,Jammu And Kashmir,01,80.44,134.72,95.6,7.18
450,2018-07-01,Jharkhand,20,300.68,429.5,710.62,407.15
451,2018-07-01,Karnataka,29,1389.42,1919.36,2473.95,993.51
452,2018-07-01,Kerala,32,404.76,657.7,210.7,3.52
453,2018-07-01,Lakshadweep,31,0.38,0.42,0.08,0.0
454,2018-07-01,Madhya Pradesh,23,455.35,657.97,554.41,400.88
455,2018-07-01,Maharashtra,27,3478.17,4529.76,4726.5,1016.69
456,2018-07-01,Manipur,14,6.71,16.47,1.05,0.12
457,2018-07-01,Meghalaya,17,15.42,22.28,74.74,1.41
458,2018-07-01,Mizoram,15,3.05,5.65,1.52,0.0
459,2018-07-01,Nagaland,13,2.91,4.73,4.34,0.51
460,2018-07-01,Odisha,21,400.58,546.84,651.11,460.35
461,2018-07-01,Other Territory,97,13.48,22.46,122.64,0.0
462,2018-07-01,Puducherry,34,20.09,29.17,111.55,0.15
463,2018-07-01,Punjab,03,265.76,453.4,436.09,16.18
464,2018-07-01,Rajasthan,08,642.58,891.91,788.09,130.94
465,2018-07-01,Sikkim,11,16.38,23.58,141.17,0.13
466,2018-07-01,Tamil Nadu,33,1367.35,1956.13,1636.15,656.16
467,2018-07-01,Telangana,36,592.32,843.92,854.61,511.7
468,2018-07-01,The Dadra And Nagar Haveli And Daman And Diu,38,23.37,35.4,176.35,0.03
469,2018-07-01,Tripura,16,17.41,24.48,3.51,0.58
470,2018-07-01,Uttar Pradesh,09,1055.82,1637.23,1280.82,1009.23
471,2018-07-01,Uttarakhand,05,179.41,321.93,889.7,17.07
472,2018-07-01,West Bengal,19,875.78,1195.39,866.14,351.42
473,2018-08-01,Andaman And Nicobar Islands,35,4.12,8.17,1.22,0.09
474,2018-08-01,Andhra Pradesh,28,448.51,646.09,777.33,18.83
475,2018-08-01,Arunachal Pradesh,12,7.14,11.08,4.22,0.23
476,2018-08-01,Assam,18,172.95,246.78,201.88,24.35
477,2018-08-01,Bihar,10,192.94,357.08,127.57,168.23
478,2018-08-01,Cbic,98,0.0,0.0,47.08,0.0
479,2018-08-01,Chandigarh,04,28.64,39.93,70.85,0.16
480,2018-08-01,Chhattisgarh,22,309.88,398.68,576.67,535.74
481,2018-08-01,Delhi,07,655.04,825.96,1440.66,92.92
482,2018-08-01,Goa,30,77.07,107.74,120.58,1.41
483,2018-08-01,Gujarat,24,1413.49,1815.81,1701.42,321.54
484,2018-08-01,Haryana,06,711.49,1088.28,2281.42,292.7
485,2018-08-01,Himachal Pradesh,02,77.46,121.38,362.27,1.2
486,2018-08-01,Jammu And Kashmir,01,72.77,129.47,99.01,4.02
487,2018-08-01,Jharkhand,20,256.19,364.84,664.51,383.7
488,2018-08-01,Karnataka,29,1370.2,1845.95,2225.44,829.63
489,2018-08-01,Kerala,32,351.82,529.94,243.79,3.75
490,2018-08-01,Lakshadweep,31,0.17,0.18,0.04,0.0
491,2018-08-01,Madhya Pradesh,23,414.22,596.15,573.92,378.26
492,2018-08-01,Maharashtra,27,3468.06,4385.3,4142.54,836.03
493,2018-08-01,Manipur,14,6.11,9.56,0.89,0.05
494,2018-08-01,Meghalaya,17,15.66,21.27,64.73,0.68
495,2018-08-01,Mizoram,15,3.47,6.68,0.63,0.02
496,2018-08-01,Nagaland,13,4.58,6.73,3.6,0.39
497,2018-08-01,Odisha,21,400.97,525.89,837.7,477.2
498,2018-08-01,Other Territory,97,20.39,36.82,143.12,0.49
499,2018-08-01,Puducherry,34,16.95,30.7,101.37,0.1
500,2018-08-01,Punjab,03,247.75,409.91,427.29,11.83
501,2018-08-01,Rajasthan,08,570.64,796.9,748.83,124.02
502,2018-08-01,Sikkim,11,7.08,12.23,143.79,0.03
503,2018-08-01,Tamil Nadu,33,1395.26,2000.38,1567.42,472.53
504,2018-08-01,Telangana,36,566.23,792.95,833.04,467.53
505,2018-08-01,The Dadra And Nagar Haveli And Daman And Diu,38,23.83,36.34,153.14,0.15
506,2018-08-01,Tripura,16,14.18,20.12,3.9,0.1
507,2018-08-01,Uttar Pradesh,09,935.42,1452.78,1353.17,1022.19
508,2018-08-01,Uttarakhand,05,158.9,297.24,549.46,14.57
509,2018-08-01,West Bengal,19,883.31,1178.5,768.88,293.85
510,2018-09-01,Andaman And Nicobar Islands,35,9.22,12.51,1.17,0.02
511,2018-09-01,Andhra Pradesh,28,493.36,692.61,808.7,28.62
512,2018-09-01,Arunachal Pradesh,12,10.23,13.41,2.16,0.14
513,2018-09-01,Assam,18,184.27,256.84,223.82,31.82
514,2018-09-01,Bihar,10,195.55,374.04,90.67,170.28
515,2018-09-01,Cbic,98,0.0,0.0,49.71,0.0
516,2018-09-01,Chandigarh,04,26.98,40.93,75.28,0.18
517,2018-09-01,Chhattisgarh,22,287.07,361.02,509.3,513.6
518,2018-09-01,Delhi,07,620.52,787.04,1642.9,89.04
519,2018-09-01,Goa,30,69.23,101.03,134.42,3.83
520,2018-09-01,Gujarat,24,1547.8,1999.97,2229.57,322.81
521,2018-09-01,Haryana,06,688.69,1039.91,2156.43,307.1
522,2018-09-01,Himachal Pradesh,02,79.1,118.53,450.11,0.8
523,2018-09-01,Jammu And Kashmir,01,78.61,129.74,123.85,4.65
524,2018-09-01,Jharkhand,20,264.31,367.6,755.85,347.83
525,2018-09-01,Karnataka,29,1316.81,1809.4,2287.52,898.26
526,2018-09-01,Kerala,32,345.11,529.43,164.83,2.87
527,2018-09-01,Lakshadweep,31,0.06,0.47,0.0,0.0
528,2018-09-01,Madhya Pradesh,23,400.14,572.94,528.69,397.17
529,2018-09-01,Maharashtra,27,3428.64,4292.71,4307.92,1052.22
530,2018-09-01,Manipur,14,10.65,20.16,1.02,0.0
531,2018-09-01,Meghalaya,17,13.41,19.91,57.73,1.49
532,2018-09-01,Mizoram,15,5.3,7.56,0.46,0.07
533,2018-09-01,Nagaland,13,5.45,7.74,8.63,0.17
534,2018-09-01,Odisha,21,403.92,527.58,808.73,446.53
535,2018-09-01,Other Territory,97,10.93,18.15,125.47,0.0
536,2018-09-01,Puducherry,34,18.9,29.82,111.9,0.2
537,2018-09-01,Punjab,03,250.89,406.1,445.78,14.31
538,2018-09-01,Rajasthan,08,559.53,773.57,781.36,129.02
539,2018-09-01,Sikkim,11,7.82,11.34,145.92,0.01
540,2018-09-01,Tamil Nadu,33,1384.41,1976.47,1756.48,616.03
541,2018-09-01,Telangana,36,614.97,854.31,784.23,468.28
542,2018-09-01,The Dadra And Nagar Haveli And Daman And Diu,38,21.83,32.95,168.82,0.2
543,2018-09-01,Tripura,16,18.24,25.94,4.63,0.68
544,2018-09-01,Uttar Pradesh,09,917.49,1408.93,1438.67,1046.85
545,2018-09-01,Uttarakhand,05,157.81,289.72,779.54,19.52
546,2018-09-01,West Bengal,19,870.93,1150.44,799.75,309.05
547,2018-10-01,Andaman And Nicobar Islands,35,3.89,7.43,1.58,0.0
548,2018-10-01,Andhra Pradesh,28,548.31,786.62,856.42,20.9
549,2018-10-01,Arunachal Pradesh,12,9.79,14.67,3.25,0.49
550,2018-10-01,Assam,18,203.19,288.75,227.0,37.85
551,2018-10-01,Bihar,10,197.94,397.09,92.46,124.94
552,2018-10-01,Cbic,98,0.0,0.0,39.61,0.0
553,2018-10-01,Chandigarh,04,26.08,34.78,80.06,0.3
554,2018-10-01,Chhattisgarh,22,321.97,423.92,523.27,467.54
555,2018-10-01,Delhi,07,666.38,859.74,1671.1,89.82
556,2018-10-01,Goa,30,76.39,112.69,122.16,1.46
557,2018-10-01,Gujarat,24,1591.84,1998.91,2260.97,307.48
558,2018-10-01,Haryana,06,707.76,1053.84,2373.95,325.75
559,2018-10-01,Himachal Pradesh,02,78.77,124.54,445.78,1.55
560,2018-10-01,Jammu And Kashmir,01,84.91,133.23,103.03,2.89
561,2018-10-01,Jharkhand,20,359.99,469.16,894.17,368.01
562,2018-10-01,Karnataka,29,1385.81,1880.13,2445.18,876.38
563,2018-10-01,Kerala,32,451.48,787.77,256.72,4.66
564,2018-10-01,Lakshadweep,31,0.04,0.05,0.05,0.0
565,2018-10-01,Madhya Pradesh,23,435.69,640.66,514.66,401.5
566,2018-10-01,Maharashtra,27,3671.84,4595.09,5314.06,953.39
567,2018-10-01,Manipur,14,7.76,15.18,1.23,0.15
568,2018-10-01,Meghalaya,17,16.26,25.76,52.4,1.18
569,2018-10-01,Mizoram,15,2.42,5.01,2.77,0.0
570,2018-10-01,Nagaland,13,4.81,8.0,5.25,0.52
571,2018-10-01,Odisha,21,423.29,555.94,755.75,454.71
572,2018-10-01,Other Territory,97,17.03,23.55,110.03,0.0
573,2018-10-01,Puducherry,34,18.72,30.56,91.66,0.09
574,2018-10-01,Punjab,03,268.78,431.2,417.09,12.39
575,2018-10-01,Rajasthan,08,672.05,949.11,820.3,112.44
576,2018-10-01,Sikkim,11,9.89,15.23,115.51,0.32
577,2018-10-01,Tamil Nadu,33,1389.87,2045.88,1902.12,752.69
578,2018-10-01,Telangana,36,646.02,904.44,820.14,522.32
579,2018-10-01,The Dadra And Nagar Haveli And Daman And Diu,38,25.55,37.62,178.73,0.05
580,2018-10-01,Tripura,16,15.31,23.78,4.95,0.27
581,2018-10-01,Uttar Pradesh,09,1023.37,1580.76,1327.72,903.22
582,2018-10-01,Uttarakhand,05,179.39,341.43,868.64,21.38
583,2018-10-01,West Bengal,19,921.37,1223.78,811.59,278.66
584,2018-11-01,Andaman And Nicobar Islands,35,12.67,16.59,1.45,0.07
585,2018-11-01,Andhra Pradesh,28,528.97,741.88,858.34,15.73
586,2018-11-01,Arunachal Pradesh,12,6.47,11.59,3.54,0.11
587,2018-11-01,Assam,18,203.03,275.19,218.37,42.9
588,2018-11-01,Bihar,10,217.43,393.99,141.33,161.93
589,2018-11-01,Cbic,98,0.0,0.0,32.21,0.0
590,2018-11-01,Chandigarh,04,30.18,40.81,74.4,0.12
591,2018-11-01,Chhattisgarh,22,322.52,410.95,721.94,549.88
592,2018-11-01,Delhi,07,670.85,878.22,1632.11,95.54
593,2018-11-01,Goa,30,75.97,112.42,134.87,2.18
594,2018-11-01,Gujarat,24,1626.01,2124.82,1960.7,352.18
595,2018-11-01,Haryana,06,779.12,1068.69,2522.08,307.7
596,2018-11-01,Himachal Pradesh,02,97.55,141.13,427.71,0.99
597,2018-11-01,Jammu And Kashmir,01,75.86,126.52,82.08,1.83
598,2018-11-01,Jharkhand,20,310.09,425.2,872.31,408.15
599,2018-11-01,Karnataka,29,1373.42,1862.27,2486.74,776.08
600,2018-11-01,Kerala,32,440.65,676.36,218.21,4.13
601,2018-11-01,Lakshadweep,31,0.28,0.58,0.02,0.0
602,2018-11-01,Madhya Pradesh,23,477.85,651.17,580.91,414.15
603,2018-11-01,Maharashtra,27,3784.05,4771.82,4452.76,924.68
604,2018-11-01,Manipur,14,6.75,11.49,3.19,0.06
605,2018-11-01,Meghalaya,17,13.2,20.36,66.3,1.43
606,2018-11-01,Mizoram,15,4.65,7.6,3.4,0.14
607,2018-11-01,Nagaland,13,4.2,6.38,3.98,0.53
608,2018-11-01,Odisha,21,424.62,551.02,895.26,503.4
609,2018-11-01,Other Territory,97,26.19,38.14,132.92,0.0
610,2018-11-01,Puducherry,34,18.75,30.75,117.52,3.18
611,2018-11-01,Punjab,03,270.59,469.34,472.79,7.04
612,2018-11-01,Rajasthan,08,691.17,970.8,877.69,124.38
613,2018-11-01,Sikkim,11,10.01,19.5,118.82,0.1
614,2018-11-01,Tamil Nadu,33,1462.3,2073.24,1747.47,530.33
615,2018-11-01,Telangana,36,717.16,1004.77,795.38,549.22
616,2018-11-01,The Dadra And Nagar Haveli And Daman And Diu,38,23.27,32.17,173.37,0.04
617,2018-11-01,Tripura,16,15.39,21.59,4.28,0.1
618,2018-11-01,Uttar Pradesh,09,1048.55,1616.45,1386.28,1107.06
619,2018-11-01,Uttarakhand,05,167.82,339.53,616.85,23.36
620,2018-11-01,West Bengal,19,873.78,1125.81,755.08,280.11
621,2018-12-01,Andaman And Nicobar Islands,35,7.57,11.78,2.54,0.0
622,2018-12-01,Andhra Pradesh,28,503.75,697.53,831.58,15.9
623,2018-12-01,Arunachal Pradesh,12,9.25,12.41,4.18,0.11
624,2018-12-01,Assam,18,198.43,270.0,231.22,43.52
625,2018-12-01,Bihar,10,220.52,393.52,118.85,176.37
626,2018-12-01,Cbic,98,0.0,0.0,91.21,0.0
627,2018-12-01,Chandigarh,04,28.68,40.64,73.33,0.22
628,2018-12-01,Chhattisgarh,22,314.84,409.71,554.25,573.2
629,2018-12-01,Delhi,07,651.25,845.01,1560.65,89.23
630,2018-12-01,Goa,30,90.59,126.43,122.79,2.22
631,2018-12-01,Gujarat,24,1514.08,1971.89,1850.79,282.38
632,2018-12-01,Haryana,06,657.02,971.08,2690.77,327.43
633,2018-12-01,Himachal Pradesh,02,89.7,139.61,364.69,0.73
634,2018-12-01,Jammu And Kashmir,01,77.94,135.15,78.59,0.87
635,2018-12-01,Jharkhand,20,298.32,411.15,855.44,430.57
636,2018-12-01,Karnataka,29,1453.78,1950.98,2021.54,782.34
637,2018-12-01,Kerala,32,461.35,722.55,227.61,4.45
638,2018-12-01,Lakshadweep,31,1.67,1.85,0.03,0.0
639,2018-12-01,Madhya Pradesh,23,478.27,663.38,560.78,391.92
640,2018-12-01,Maharashtra,27,3689.91,4503.08,4517.03,814.08
641,2018-12-01,Manipur,14,9.77,15.65,1.44,0.25
642,2018-12-01,Meghalaya,17,14.05,20.98,72.87,0.14
643,2018-12-01,Mizoram,15,3.58,6.07,3.31,0.11
644,2018-12-01,Nagaland,13,4.25,6.87,4.55,0.87
645,2018-12-01,Odisha,21,443.58,572.38,823.6,507.03
646,2018-12-01,Other Territory,97,19.82,33.59,124.41,0.0
647,2018-12-01,Puducherry,34,17.88,29.22,104.65,0.15
648,2018-12-01,Punjab,03,273.49,459.58,422.78,6.62
649,2018-12-01,Rajasthan,08,668.7,924.61,752.85,110.26
650,2018-12-01,Sikkim,11,7.3,11.49,130.66,0.28
651,2018-12-01,Tamil Nadu,33,1383.79,1987.28,1536.21,507.8
652,2018-12-01,Telangana,36,649.7,907.83,879.44,577.33
653,2018-12-01,The Dadra And Nagar Haveli And Daman And Diu,38,24.77,34.29,146.28,0.03
654,2018-12-01,Tripura,16,17.29,25.65,4.89,0.14
655,2018-12-01,Uttar Pradesh,09,1065.01,1622.84,1206.53,1062.4
656,2018-12-01,Uttarakhand,05,154.25,292.68,591.46,16.84
657,2018-12-01,West Bengal,19,937.4,1230.53,737.13,324.94
658,2019-01-01,Andaman And Nicobar Islands,35,12.48,18.08,3.95,0.02
659,2019-01-01,Andhra Pradesh,28,538.51,785.8,811.71,22.71
660,2019-01-01,Arunachal Pradesh,12,14.39,19.44,4.37,0.04
661,2019-01-01,Assam,18,206.59,318.59,214.71,47.01
662,2019-01-01,Bihar,10,253.9,453.13,137.64,194.78
663,2019-01-01,Cbic,98,0.0,0.0,44.9,0.0
664,2019-01-01,Chandigarh,04,31.08,50.15,76.46,1.35
665,2019-01-01,Chhattisgarh,22,347.93,453.89,702.93,559.34
666,2019-01-01,Delhi,07,693.59,945.91,1782.94,102.72
667,2019-01-01,Goa,30,99.47,150.8,140.79,2.75
668,2019-01-01,Gujarat,24,1722.12,2227.25,1932.56,302.92
669,2019-01-01,Haryana,06,728.94,1065.15,2679.34,341.3
670,2019-01-01,Himachal Pradesh,02,88.48,145.29,410.31,2.67
671,2019-01-01,Jammu And Kashmir,01,94.44,160.06,75.29,1.41
672,2019-01-01,Jharkhand,20,319.85,447.26,755.72,441.95
673,2019-01-01,Karnataka,29,1619.03,2193.54,2546.57,970.16
674,2019-01-01,Kerala,32,474.91,821.39,275.22,12.83
675,2019-01-01,Lakshadweep,31,0.44,0.6,0.04,0.0
676,2019-01-01,Madhya Pradesh,23,548.05,756.42,656.76,452.89
677,2019-01-01,Maharashtra,27,3850.33,4837.32,5491.97,971.06
678,2019-01-01,Manipur,14,8.53,13.54,1.51,0.13
679,2019-01-01,Meghalaya,17,16.61,23.74,62.76,0.81
680,2019-01-01,Mizoram,15,7.1,11.91,7.26,0.14
681,2019-01-01,Nagaland,13,4.86,6.93,4.74,0.9
682,2019-01-01,Odisha,21,448.85,596.19,821.84,471.15
683,2019-01-01,Other Territory,97,27.1,34.79,131.9,0.0
684,2019-01-01,Puducherry,34,20.72,35.54,101.43,1.28
685,2019-01-01,Punjab,03,296.89,529.1,374.68,15.36
686,2019-01-01,Rajasthan,08,709.63,1036.73,898.3,131.28
687,2019-01-01,Sikkim,11,8.59,14.55,151.94,0.44
688,2019-01-01,Tamil Nadu,33,1479.07,2178.52,1917.79,625.92
689,2019-01-01,Telangana,36,711.7,992.46,886.05,604.74
690,2019-01-01,The Dadra And Nagar Haveli And Daman And Diu,38,27.79,44.22,201.29,0.41
691,2019-01-01,Tripura,16,18.73,26.75,6.45,0.23
692,2019-01-01,Uttar Pradesh,09,1159.57,1864.76,1336.79,1123.98
693,2019-01-01,Uttarakhand,05,175.9,303.33,652.76,13.63
694,2019-01-01,West Bengal,19,996.6,1262.49,866.97,369.3
695,2019-02-01,Andaman And Nicobar Islands,35,9.29,13.27,2.06,0.15
696,2019-02-01,Andhra Pradesh,28,536.88,740.28,795.66,15.56
697,2019-02-01,Arunachal Pradesh,12,11.85,15.83,4.09,0.19
698,2019-02-01,Assam,18,221.52,311.03,170.13,33.63
699,2019-02-01,Bihar,10,244.27,433.15,113.4,170.2
700,2019-02-01,Cbic,98,0.0,0.0,46.73,0.0
701,2019-02-01,Chandigarh,04,27.91,41.39,76.98,0.32
702,2019-02-01,Chhattisgarh,22,405.9,514.55,648.95,498.23
703,2019-02-01,Delhi,07,712.48,918.21,1704.35,87.15
704,2019-02-01,Goa,30,90.55,140.52,167.16,2.51
705,2019-02-01,Gujarat,24,1729.6,2256.59,2108.14,412.69
706,2019-02-01,Haryana,06,694.39,1063.15,2819.9,295.48
707,2019-02-01,Himachal Pradesh,02,89.32,131.21,388.59,0.87
708,2019-02-01,Jammu And Kashmir,01,97.02,139.24,67.29,1.95
709,2019-02-01,Jharkhand,20,325.71,432.22,877.14,485.84
710,2019-02-01,Karnataka,29,1513.0,2058.35,2133.29,748.64
711,2019-02-01,Kerala,32,447.04,717.8,244.58,6.59
712,2019-02-01,Lakshadweep,31,0.92,1.72,0.05,0.0
713,2019-02-01,Madhya Pradesh,23,541.87,734.57,588.15,426.81
714,2019-02-01,Maharashtra,27,3762.15,4750.96,4514.56,1064.1
715,2019-02-01,Manipur,14,6.75,12.59,1.68,0.09
716,2019-02-01,Meghalaya,17,18.3,23.92,85.71,0.95
717,2019-02-01,Mizoram,15,6.22,10.45,5.46,0.0
718,2019-02-01,Nagaland,13,5.1,8.18,4.21,2.16
719,2019-02-01,Odisha,21,526.18,672.99,725.24,449.63
720,2019-02-01,Other Territory,97,13.56,19.84,108.0,0.0
721,2019-02-01,Puducherry,34,19.39,32.48,123.27,0.16
722,2019-02-01,Punjab,03,267.7,453.2,370.14,9.01
723,2019-02-01,Rajasthan,08,693.05,986.86,875.79,120.23
724,2019-02-01,Sikkim,11,8.97,13.98,121.92,0.02
725,2019-02-01,Tamil Nadu,33,1509.93,2115.93,1797.3,551.05
726,2019-02-01,Telangana,36,786.13,1040.23,934.48,699.09
727,2019-02-01,The Dadra And Nagar Haveli And Daman And Diu,38,27.37,37.42,166.22,0.07
728,2019-02-01,Tripura,16,16.67,23.58,5.65,0.21
729,2019-02-01,Uttar Pradesh,09,1064.12,1672.16,1299.44,1076.61
730,2019-02-01,Uttarakhand,05,187.99,333.92,691.58,23.87
731,2019-02-01,West Bengal,19,1006.3,1320.63,781.03,381.73
732,2019-03-01,Andaman And Nicobar Islands,35,9.65,15.33,2.58,0.08
733,2019-03-01,Andhra Pradesh,28,671.84,912.22,987.55,17.72
734,2019-03-01,Arunachal Pradesh,12,33.09,42.1,9.91,0.24
735,2019-03-01,Assam,18,277.75,407.62,228.19,42.16
736,2019-03-01,Bihar,10,325.71,551.15,125.81,174.32
737,2019-03-01,Cbic,98,0.0,0.0,73.86,0.0
738,2019-03-01,Chandigarh,04,32.95,44.79,84.06,0.19
739,2019-03-01,Chhattisgarh,22,416.76,526.23,563.09,636.92
740,2019-03-01,Delhi,07,796.37,1020.89,1812.43,92.73
741,2019-03-01,Goa,30,103.81,148.93,134.44,2.0
742,2019-03-01,Gujarat,24,1824.12,2446.07,1972.83,278.09
743,2019-03-01,Haryana,06,758.85,1130.39,2363.2,308.61
744,2019-03-01,Himachal Pradesh,02,99.83,156.91,402.95,0.56
745,2019-03-01,Jammu And Kashmir,01,125.1,180.28,77.31,4.93
746,2019-03-01,Jharkhand,20,368.3,498.7,825.82,456.63
747,2019-03-01,Karnataka,29,1709.03,2240.39,2302.19,731.03
748,2019-03-01,Kerala,32,526.98,782.35,319.97,6.14
749,2019-03-01,Lakshadweep,31,0.28,0.54,0.05,0.0
750,2019-03-01,Madhya Pradesh,23,638.84,877.63,715.82,391.47
751,2019-03-01,Maharashtra,27,4380.34,5473.85,4766.99,974.59
752,2019-03-01,Manipur,14,18.2,26.0,1.88,0.03
753,2019-03-01,Meghalaya,17,22.19,32.14,70.31,2.14
754,2019-03-01,Mizoram,15,16.3,24.59,8.86,0.01
755,2019-03-01,Nagaland,13,16.62,22.12,5.37,1.79
756,2019-03-01,Odisha,21,605.71,782.99,766.85,470.36
757,2019-03-01,Other Territory,97,20.14,26.71,120.08,0.0
758,2019-03-01,Puducherry,34,22.81,33.6,127.18,0.4
759,2019-03-01,Punjab,03,282.15,454.34,419.6,9.93
760,2019-03-01,Rajasthan,08,868.36,1242.86,895.33,125.86
761,2019-03-01,Sikkim,11,11.72,16.89,130.93,0.05
762,2019-03-01,Tamil Nadu,33,1739.84,2335.17,2152.24,713.84
763,2019-03-01,Telangana,36,970.65,1276.45,1088.54,560.99
764,2019-03-01,The Dadra And Nagar Haveli And Daman And Diu,38,30.53,43.64,202.76,0.18
765,2019-03-01,Tripura,16,24.31,32.97,6.3,0.32
766,2019-03-01,Uttar Pradesh,09,1239.86,1872.29,1391.67,1043.93
767,2019-03-01,Uttarakhand,05,203.32,360.47,862.33,24.97
768,2019-03-01,West Bengal,19,1160.83,1480.52,877.78,321.7
769,2019-04-01,Andaman And Nicobar Islands,35,14.46,20.11,3.06,0.09
770,2019-04-01,Andhra Pradesh,28,677.65,924.03,925.24,32.27
771,2019-04-01,Arunachal Pradesh,12,23.28,29.15,4.22,0.05
772,2019-04-01,Assam,18,276.69,406.66,193.47,55.54
773,2019-04-01,Bihar,10,318.48,566.98,120.01,161.33
774,2019-04-01,Cbic,98,0.11,0.0,128.94,0.0
775,2019-04-01,Chandigarh,04,34.63,48.24,116.66,0.43
776,2019-04-01,Chhattisgarh,22,415.86,516.56,731.79,634.71
777,2019-04-01,Delhi,07,912.34,1146.03,2204.46,78.43
778,2019-04-01,Goa,30,107.64,157.34,146.9,3.34
779,2019-04-01,Gujarat,24,1849.37,2393.15,2276.55,355.0
780,2019-04-01,Haryana,06,743.37,1122.28,3168.69,337.54
781,2019-04-01,Himachal Pradesh,02,111.09,169.26,418.78,0.99
782,2019-04-01,Jammu And Kashmir,01,116.35,198.78,63.97,3.04
783,2019-04-01,Jharkhand,20,460.7,620.0,1212.22,473.63
784,2019-04-01,Karnataka,29,1913.58,2482.98,2651.14,957.2
785,2019-04-01,Kerala,32,509.12,843.69,408.83,4.55
786,2019-04-01,Lakshadweep,31,1.26,1.43,0.09,0.0
787,2019-04-01,Madhya Pradesh,23,623.51,841.43,709.08,451.68
788,2019-04-01,Maharashtra,27,4717.14,5860.1,6369.62,1176.18
789,2019-04-01,Manipur,14,14.09,20.57,2.56,0.02
790,2019-04-01,Meghalaya,17,30.78,41.57,95.17,0.87
791,2019-04-01,Mizoram,15,9.87,13.68,11.52,0.0
792,2019-04-01,Nagaland,13,8.03,12.78,6.22,1.89
793,2019-04-01,Odisha,21,671.98,927.6,770.01,586.01
794,2019-04-01,Other Territory,97,16.34,36.78,125.88,0.0
795,2019-04-01,Puducherry,34,20.58,32.03,119.67,0.99
796,2019-04-01,Punjab,03,365.44,553.87,438.87,16.1
797,2019-04-01,Rajasthan,08,815.99,1073.25,878.1,128.7
798,2019-04-01,Sikkim,11,16.77,27.5,121.13,0.19
799,2019-04-01,Tamil Nadu,33,1678.87,2415.16,2122.18,554.93
800,2019-04-01,Telangana,36,834.28,1144.78,997.16,533.7
801,2019-04-01,The Dadra And Nagar Haveli And Daman And Diu,38,28.56,39.3,208.97,0.07
802,2019-04-01,Tripura,16,20.28,34.68,5.92,0.13
803,2019-04-01,Uttar Pradesh,09,1395.59,2160.23,1650.51,1103.45
804,2019-04-01,Uttarakhand,05,218.8,369.64,1004.96,23.89
805,2019-04-01,West Bengal,19,1190.21,1549.62,1031.28,438.22
806,2019-05-01,Andaman And Nicobar Islands,35,14.28,22.52,2.37,0.25
807,2019-05-01,Andhra Pradesh,28,528.4,776.9,803.85,33.23
808,2019-05-01,Arunachal Pradesh,12,12.87,17.0,6.18,0.49
809,2019-05-01,Assam,18,225.32,326.59,192.1,25.6
810,2019-05-01,Bihar,10,232.45,466.71,119.37,163.06
811,2019-05-01,Cbic,98,0.0,0.0,50.85,0.0
812,2019-05-01,Chandigarh,04,28.63,41.79,75.65,0.6
813,2019-05-01,Chhattisgarh,22,341.05,434.66,695.13,528.1
814,2019-05-01,Delhi,07,765.43,966.69,1840.76,90.85
815,2019-05-01,Goa,30,87.54,128.43,128.6,4.17
816,2019-05-01,Gujarat,24,1815.07,2316.94,2145.97,330.84
817,2019-05-01,Haryana,06,781.03,1125.4,2418.14,299.44
818,2019-05-01,Himachal Pradesh,02,85.45,129.98,423.2,1.28
819,2019-05-01,Jammu And Kashmir,01,80.04,147.32,78.16,5.77
820,2019-05-01,Jharkhand,20,298.97,433.29,668.49,487.16
821,2019-05-01,Karnataka,29,1490.5,2002.47,2223.46,692.27
822,2019-05-01,Kerala,32,451.85,720.85,257.42,3.24
823,2019-05-01,Lakshadweep,31,0.16,0.16,0.01,0.0
824,2019-05-01,Madhya Pradesh,23,485.89,699.13,643.84,422.43
825,2019-05-01,Maharashtra,27,3946.98,4885.89,4341.56,959.94
826,2019-05-01,Manipur,14,10.68,16.95,1.69,0.06
827,2019-05-01,Meghalaya,17,18.58,27.39,84.55,0.43
828,2019-05-01,Mizoram,15,6.81,11.99,3.33,0.0
829,2019-05-01,Nagaland,13,6.85,10.34,5.17,1.27
830,2019-05-01,Odisha,21,434.77,589.3,591.62,524.68
831,2019-05-01,Other Territory,97,12.98,17.39,103.07,0.0
832,2019-05-01,Puducherry,34,17.76,27.81,98.45,0.18
833,2019-05-01,Punjab,03,308.26,499.79,516.2,23.6
834,2019-05-01,Rajasthan,08,712.74,988.26,913.26,133.71
835,2019-05-01,Sikkim,11,13.74,20.35,158.94,0.05
836,2019-05-01,Tamil Nadu,33,1515.14,2149.51,1664.18,489.12
837,2019-05-01,Telangana,36,680.19,953.56,874.75,542.81
838,2019-05-01,The Dadra And Nagar Haveli And Daman And Diu,38,22.09,36.59,169.85,0.19
839,2019-05-01,Tripura,16,17.13,26.09,6.89,0.17
840,2019-05-01,Uttar Pradesh,09,1103.3,1709.38,1246.24,1037.27
841,2019-05-01,Uttarakhand,05,192.42,345.22,694.98,15.09
842,2019-05-01,West Bengal,19,1065.62,1389.58,767.23,354.48
843,2019-06-01,Andaman And Nicobar Islands,35,6.74,10.15,3.8,0.14
844,2019-06-01,Andhra Pradesh,28,538.82,760.43,898.66,33.64
845,2019-06-01,Arunachal Pradesh,12,19.03,24.4,4.64,0.01
846,2019-06-01,Assam,18,212.47,309.8,228.69,46.62
847,2019-06-01,Bihar,10,227.22,487.81,114.06,174.24
848,2019-06-01,Cbic,98,0.0,0.0,60.56,0.0
849,2019-06-01,Chandigarh,04,30.05,43.29,84.18,0.45
850,2019-06-01,Chhattisgarh,22,394.74,497.44,654.17,546.31
851,2019-06-01,Delhi,07,728.97,938.35,1838.09,89.97
852,2019-06-01,Goa,30,80.64,120.45,133.55,3.57
853,2019-06-01,Gujarat,24,1783.61,2273.63,2020.84,346.26
854,2019-06-01,Haryana,06,855.06,1182.2,2525.82,325.75
855,2019-06-01,Himachal Pradesh,02,97.18,152.92,445.98,1.22
856,2019-06-01,Jammu And Kashmir,01,85.25,148.83,82.84,5.47
857,2019-06-01,Jharkhand,20,279.47,407.09,684.69,439.49
858,2019-06-01,Karnataka,29,1514.8,2050.07,2236.47,857.89
859,2019-06-01,Kerala,32,495.48,806.73,260.06,5.3
860,2019-06-01,Lakshadweep,31,0.32,0.33,0.04,0.0
861,2019-06-01,Madhya Pradesh,23,473.94,700.56,603.48,434.47
862,2019-06-01,Maharashtra,27,4246.18,5208.05,4702.24,986.64
863,2019-06-01,Manipur,14,8.34,15.36,1.64,0.11
864,2019-06-01,Meghalaya,17,18.38,29.68,75.48,0.69
865,2019-06-01,Mizoram,15,5.22,8.88,9.84,0.03
866,2019-06-01,Nagaland,13,4.9,8.71,4.99,1.26
867,2019-06-01,Odisha,21,603.39,804.49,970.69,544.9
868,2019-06-01,Other Territory,97,14.57,26.01,125.85,0.0
869,2019-06-01,Puducherry,34,17.55,29.16,88.45,0.1
870,2019-06-01,Punjab,03,262.43,481.57,480.14,23.89
871,2019-06-01,Rajasthan,08,698.94,984.4,859.72,139.94
872,2019-06-01,Sikkim,11,11.02,15.85,166.32,0.11
873,2019-06-01,Tamil Nadu,33,1522.35,2180.29,1648.53,529.78
874,2019-06-01,Telangana,36,710.83,980.45,875.75,598.58
875,2019-06-01,The Dadra And Nagar Haveli And Daman And Diu,38,24.68,38.76,188.07,0.13
876,2019-06-01,Tripura,16,17.52,33.64,6.64,0.13
877,2019-06-01,Uttar Pradesh,09,1163.48,1861.6,1270.01,1071.33
878,2019-06-01,Uttarakhand,05,191.21,350.15,669.5,20.75
879,2019-06-01,West Bengal,19,1021.66,1371.96,767.27,352.65
880,2019-07-01,Andaman And Nicobar Islands,35,7.94,11.91,2.42,0.13
881,2019-07-01,Andhra Pradesh,28,514.29,746.63,847.83,29.65
882,2019-07-01,Arunachal Pradesh,12,18.34,25.68,4.43,0.26
883,2019-07-01,Assam,18,227.27,321.71,207.08,38.59
884,2019-07-01,Bihar,10,260.33,529.73,146.36,224.02
885,2019-07-01,Cbic,98,0.0,0.0,59.42,0.0
886,2019-07-01,Chandigarh,04,31.09,49.17,74.53,1.17
887,2019-07-01,Chhattisgarh,22,379.32,482.19,641.28,499.58
888,2019-07-01,Delhi,07,717.24,948.19,1651.55,89.25
889,2019-07-01,Goa,30,76.87,119.44,162.32,2.63
890,2019-07-01,Gujarat,24,1691.37,2214.21,2143.84,361.95
891,2019-07-01,Haryana,06,719.55,1070.46,2535.34,291.39
892,2019-07-01,Himachal Pradesh,02,103.16,154.75,414.01,5.29
893,2019-07-01,Jammu And Kashmir,01,90.81,164.29,102.02,5.52
894,2019-07-01,Jharkhand,20,306.29,431.11,693.92,424.17
895,2019-07-01,Karnataka,29,1609.44,2152.0,2354.19,972.87
896,2019-07-01,Kerala,32,474.14,757.52,265.63,15.08
897,2019-07-01,Lakshadweep,31,0.91,1.19,0.02,0.0
898,2019-07-01,Madhya Pradesh,23,517.41,741.58,573.41,449.28
899,2019-07-01,Maharashtra,27,3816.41,4802.5,5458.42,1024.49
900,2019-07-01,Manipur,14,12.24,19.61,1.55,0.18
901,2019-07-01,Meghalaya,17,17.21,26.5,60.3,0.37
902,2019-07-01,Mizoram,15,3.73,7.2,8.05,0.05
903,2019-07-01,Nagaland,13,7.01,9.48,5.66,0.72
904,2019-07-01,Odisha,21,518.11,702.44,742.21,531.61
905,2019-07-01,Other Territory,97,13.17,24.94,120.14,0.0
906,2019-07-01,Puducherry,34,19.36,30.18,94.75,0.24
907,2019-07-01,Punjab,03,293.59,498.6,456.23,22.97
908,2019-07-01,Rajasthan,08,733.64,997.01,842.17,125.75
909,2019-07-01,Sikkim,11,14.57,21.08,164.86,0.18
910,2019-07-01,Tamil Nadu,33,1552.98,2270.62,1746.29,514.27
911,2019-07-01,Telangana,36,696.92,1003.27,884.5,578.4
912,2019-07-01,The Dadra And Nagar Haveli And Daman And Diu,38,25.11,35.84,178.6,0.11
913,2019-07-01,Tripura,16,17.07,25.66,5.82,0.11
914,2019-07-01,Uttar Pradesh,09,1208.79,1899.73,1184.68,1128.75
915,2019-07-01,Uttarakhand,05,194.08,339.75,736.23,18.84
916,2019-07-01,West Bengal,19,1021.81,1371.31,796.16,396.41
917,2019-08-01,Andaman And Nicobar Islands,35,9.97,17.11,3.26,0.14
918,2019-08-01,Andhra Pradesh,28,499.97,700.28,892.84,22.04
919,2019-08-01,Arunachal Pradesh,12,16.45,20.53,7.76,0.02
920,2019-08-01,Assam,18,216.08,290.45,229.63,32.05
921,2019-08-01,Bihar,10,255.93,453.33,115.14,156.95
922,2019-08-01,Cbic,98,0.0,0.0,99.5,0.0
923,2019-08-01,Chandigarh,04,32.9,44.49,82.29,0.4
924,2019-08-01,Chhattisgarh,22,344.14,430.56,604.33,493.71
925,2019-08-01,Delhi,07,731.94,943.45,1736.99,104.81
926,2019-08-01,Goa,30,74.47,106.23,142.58,1.25
927,2019-08-01,Gujarat,24,1668.29,2100.58,2072.55,343.14
928,2019-08-01,Haryana,06,785.37,1138.24,2269.82,280.51
929,2019-08-01,Himachal Pradesh,02,97.09,145.62,431.75,1.47
930,2019-08-01,Jammu And Kashmir,01,65.89,111.46,119.84,4.83
931,2019-08-01,Jharkhand,20,320.7,435.54,608.37,405.67
932,2019-08-01,Karnataka,29,1526.77,2096.53,1921.32,656.19
933,2019-08-01,Kerala,32,496.8,764.03,308.1,12.96
934,2019-08-01,Lakshadweep,31,0.37,1.04,0.03,0.0
935,2019-08-01,Madhya Pradesh,23,507.87,690.58,609.21,447.2
936,2019-08-01,Maharashtra,27,3716.21,4690.58,4181.44,819.09
937,2019-08-01,Manipur,14,13.15,20.92,2.36,0.12
938,2019-08-01,Meghalaya,17,19.71,26.67,70.2,0.32
939,2019-08-01,Mizoram,15,6.18,12.96,8.61,0.06
940,2019-08-01,Nagaland,13,9.37,11.84,4.63,1.01
941,2019-08-01,Odisha,21,534.68,698.47,815.17,448.91
942,2019-08-01,Other Territory,97,11.79,14.65,143.2,0.0
943,2019-08-01,Puducherry,34,19.66,31.7,108.05,1.11
944,2019-08-01,Punjab,03,294.92,494.53,450.65,15.26
945,2019-08-01,Rajasthan,08,717.18,954.28,756.57,122.08
946,2019-08-01,Sikkim,11,11.11,14.41,137.88,0.01
947,2019-08-01,Tamil Nadu,33,1600.37,2318.38,1688.08,366.51
948,2019-08-01,Telangana,36,734.68,993.63,853.87,476.47
949,2019-08-01,The Dadra And Nagar Haveli And Daman And Diu,38,26.51,38.25,197.25,0.13
950,2019-08-01,Tripura,16,21.57,30.57,5.77,0.24
951,2019-08-01,Uttar Pradesh,09,1131.84,1724.6,1206.34,912.67
952,2019-08-01,Uttarakhand,05,187.71,316.23,423.05,14.1
953,2019-08-01,West Bengal,19,1025.01,1356.46,831.64,290.12
954,2019-09-01,Andaman And Nicobar Islands,35,6.58,10.02,2.15,0.0
955,2019-09-01,Andhra Pradesh,28,473.74,660.46,746.16,104.61
956,2019-09-01,Arunachal Pradesh,12,17.57,23.08,3.44,0.22
957,2019-09-01,Assam,18,242.51,324.17,245.09,36.68
958,2019-09-01,Bihar,10,246.12,447.66,107.12,184.8
959,2019-09-01,Cbic,98,0.0,0.0,34.8,0.0
960,2019-09-01,Chandigarh,04,28.68,41.26,86.47,0.1
961,2019-09-01,Chhattisgarh,22,295.31,375.2,438.94,380.14
962,2019-09-01,Delhi,07,707.03,924.2,1667.67,86.97
963,2019-09-01,Goa,30,71.63,109.5,127.58,2.76
964,2019-09-01,Gujarat,24,1543.19,1932.12,1901.53,363.69
965,2019-09-01,Haryana,06,720.31,1053.43,2053.93,281.99
966,2019-09-01,Himachal Pradesh,02,89.32,135.04,383.62,0.91
967,2019-09-01,Jammu And Kashmir,01,62.12,99.43,117.47,2.7
968,2019-09-01,Jharkhand,20,279.61,374.93,462.73,391.67
969,2019-09-01,Karnataka,29,1522.24,2061.76,1985.98,779.88
970,2019-09-01,Kerala,32,441.28,687.19,258.97,5.72
971,2019-09-01,Lakshadweep,31,0.74,0.84,0.09,0.0
972,2019-09-01,Madhya Pradesh,23,445.86,613.71,585.57,441.96
973,2019-09-01,Maharashtra,27,3609.68,4405.43,4647.06,916.78
974,2019-09-01,Manipur,14,15.11,23.34,2.9,0.15
975,2019-09-01,Meghalaya,17,15.07,20.82,68.23,1.77
976,2019-09-01,Mizoram,15,6.32,10.04,12.8,0.1
977,2019-09-01,Nagaland,13,6.42,9.28,4.51,0.42
978,2019-09-01,Odisha,21,473.85,610.19,577.1,353.9
979,2019-09-01,Other Territory,97,4.73,7.06,119.86,0.0
980,2019-09-01,Puducherry,34,18.51,30.95,99.6,0.36
981,2019-09-01,Punjab,03,275.28,473.05,370.67,14.36
982,2019-09-01,Rajasthan,08,621.8,839.73,660.62,131.16
983,2019-09-01,Sikkim,11,11.26,16.23,181.41,0.1
984,2019-09-01,Tamil Nadu,33,1475.53,2135.15,1541.56,463.37
985,2019-09-01,Telangana,36,655.52,916.21,781.15,501.2
986,2019-09-01,The Dadra And Nagar Haveli And Daman And Diu,38,24.95,33.83,155.26,0.04
987,2019-09-01,Tripura,16,18.37,26.58,6.52,0.23
988,2019-09-01,Uttar Pradesh,09,1056.04,1616.07,1253.91,1147.41
989,2019-09-01,Uttarakhand,05,185.89,286.29,533.98,10.48
990,2019-09-01,West Bengal,19,961.51,1263.37,745.38,285.23
991,2019-10-01,Andaman And Nicobar Islands,35,12.73,16.09,2.91,0.01
992,2019-10-01,Andhra Pradesh,28,470.07,656.57,716.4,131.85
993,2019-10-01,Arunachal Pradesh,12,15.7,20.74,4.2,0.34
994,2019-10-01,Assam,18,262.51,357.34,221.86,46.42
995,2019-10-01,Bihar,10,248.99,402.7,107.15,181.22
996,2019-10-01,Cbic,98,0.0,0.0,97.33,0.0
997,2019-10-01,Chandigarh,04,27.89,40.42,88.35,0.36
998,2019-10-01,Chhattisgarh,22,312.64,395.21,496.85,364.94
999,2019-10-01,Delhi,07,717.56,959.76,1720.77,86.07
1000,2019-10-01,Goa,30,76.16,107.51,126.48,1.0
1001,2019-10-01,Gujarat,24,1634.86,2016.4,1850.61,385.66
1002,2019-10-01,Haryana,06,752.47,1088.38,2437.39,299.81
1003,2019-10-01,Himachal Pradesh,02,96.95,143.43,427.68,1.04
1004,2019-10-01,Jammu And Kashmir,01,77.09,122.63,109.58,3.22
1005,2019-10-01,Jharkhand,20,289.19,400.17,412.68,334.69
1006,2019-10-01,Karnataka,29,1613.99,2142.73,2089.67,828.63
1007,2019-10-01,Kerala,32,490.3,765.85,281.07,11.97
1008,2019-10-01,Lakshadweep,31,1.05,1.38,0.04,0.0
1009,2019-10-01,Madhya Pradesh,23,464.13,639.02,559.53,389.93
1010,2019-10-01,Maharashtra,27,3947.74,4818.42,5484.49,858.82
1011,2019-10-01,Manipur,14,16.25,24.59,2.13,0.1
1012,2019-10-01,Meghalaya,17,18.38,27.13,67.37,0.01
1013,2019-10-01,Mizoram,15,5.24,9.93,3.04,0.17
1014,2019-10-01,Nagaland,13,7.9,10.4,6.11,0.09
1015,2019-10-01,Odisha,21,486.86,627.73,559.47,319.78
1016,2019-10-01,Other Territory,97,7.69,9.71,109.52,0.0
1017,2019-10-01,Puducherry,34,19.57,30.73,94.56,0.87
1018,2019-10-01,Punjab,03,281.52,480.1,412.49,15.24
1019,2019-10-01,Rajasthan,08,654.87,909.57,750.12,110.47
1020,2019-10-01,Sikkim,11,9.74,13.14,163.18,0.06
1021,2019-10-01,Tamil Nadu,33,1526.61,2128.55,1876.37,577.1
1022,2019-10-01,Telangana,36,765.32,1010.33,980.65,474.13
1023,2019-10-01,The Dadra And Nagar Haveli And Daman And Diu,38,23.88,32.1,156.88,0.1
1024,2019-10-01,Tripura,16,20.41,29.09,4.87,0.05
1025,2019-10-01,Uttar Pradesh,09,1080.61,1655.63,1309.48,1056.86
1026,2019-10-01,Uttarakhand,05,204.31,316.07,620.92,12.03
1027,2019-10-01,West Bengal,19,940.17,1264.25,718.87,339.75
1028,2019-11-01,Andaman And Nicobar Islands,35,8.36,13.52,2.99,0.04
1029,2019-11-01,Andhra Pradesh,28,496.73,767.3,746.75,218.82
1030,2019-11-01,Arunachal Pradesh,12,13.09,17.07,5.28,0.17
1031,2019-11-01,Assam,18,268.96,375.17,272.68,40.76
1032,2019-11-01,Bihar,10,278.04,509.6,136.64,182.29
1033,2019-11-01,Cbic,98,0.0,0.0,94.93,0.0
1034,2019-11-01,Chandigarh,04,32.92,50.6,80.44,1.21
1035,2019-11-01,Chhattisgarh,22,356.7,484.53,871.38,463.5
1036,2019-11-01,Delhi,07,872.56,1145.27,1888.71,88.72
1037,2019-11-01,Goa,30,85.37,122.41,132.1,1.64
1038,2019-11-01,Gujarat,24,1800.38,2318.23,2271.03,415.29
1039,2019-11-01,Haryana,06,876.98,1262.38,3442.08,323.02
1040,2019-11-01,Himachal Pradesh,02,109.88,173.09,416.58,1.52
1041,2019-11-01,Jammu And Kashmir,01,105.86,166.03,89.01,2.54
1042,2019-11-01,Jharkhand,20,327.69,468.65,560.12,363.33
1043,2019-11-01,Karnataka,29,1612.74,2262.25,2387.6,709.75
1044,2019-11-01,Kerala,32,567.32,817.62,299.21,7.26
1045,2019-11-01,Lakshadweep,31,0.81,1.05,0.08,0.0
1046,2019-11-01,Madhya Pradesh,23,568.92,777.07,640.92,465.63
1047,2019-11-01,Maharashtra,27,4446.55,5507.82,5122.94,890.54
1048,2019-11-01,Manipur,14,11.92,20.31,2.85,0.2
1049,2019-11-01,Meghalaya,17,17.93,25.5,73.7,0.27
1050,2019-11-01,Mizoram,15,5.44,8.71,2.55,0.14
1051,2019-11-01,Nagaland,13,7.46,10.76,3.86,0.48
1052,2019-11-01,Odisha,21,514.52,700.96,786.53,345.02
1053,2019-11-01,Other Territory,97,6.82,9.63,136.8,0.0
1054,2019-11-01,Puducherry,34,21.54,35.5,99.98,0.15
1055,2019-11-01,Punjab,03,329.79,581.36,448.84,15.1
1056,2019-11-01,Rajasthan,08,848.59,1196.75,895.24,130.88
1057,2019-11-01,Sikkim,11,10.44,16.74,129.76,0.23
1058,2019-11-01,Tamil Nadu,33,1703.86,2368.05,1961.07,416.29
3102,2024-05-01,Oidar,99,0.0,0.0,244.59,0.0
1059,2019-11-01,Telangana,36,774.95,1173.02,905.84,495.59
1060,2019-11-01,The Dadra And Nagar Haveli And Daman And Diu,38,28.11,39.91,177.32,0.07
1061,2019-11-01,Tripura,16,17.64,26.58,6.87,0.27
1062,2019-11-01,Uttar Pradesh,09,1228.64,2003.13,1421.59,1024.31
1063,2019-11-01,Uttarakhand,05,228.97,356.18,680.44,14.61
1064,2019-11-01,West Bengal,19,1005.41,1332.06,883.73,238.74
1065,2019-12-01,Andaman And Nicobar Islands,35,10.26,17.05,2.28,0.19
1066,2019-12-01,Andhra Pradesh,28,540.13,768.81,719.76,236.23
1067,2019-12-01,Arunachal Pradesh,12,22.71,29.53,5.78,0.2
1068,2019-12-01,Assam,18,296.42,386.54,267.32,40.4
1069,2019-12-01,Bihar,10,266.06,476.79,121.28,151.5
1070,2019-12-01,Cbic,98,0.0,0.0,75.33,0.0
1071,2019-12-01,Chandigarh,04,33.74,47.19,86.51,0.52
1072,2019-12-01,Chhattisgarh,22,385.57,472.0,784.3,494.25
1073,2019-12-01,Delhi,07,800.07,1030.19,1780.31,86.95
1074,2019-12-01,Goa,30,93.77,134.74,132.66,2.2
1075,2019-12-01,Gujarat,24,1831.51,2335.85,2047.13,406.96
1076,2019-12-01,Haryana,06,814.05,1205.87,3045.72,299.26
1077,2019-12-01,Himachal Pradesh,02,109.53,168.12,420.5,0.81
1078,2019-12-01,Jammu And Kashmir,01,109.24,198.77,99.5,1.64
1079,2019-12-01,Jharkhand,20,342.41,470.34,684.36,445.74
1080,2019-12-01,Karnataka,29,1688.89,2220.84,2239.29,736.77
1081,2019-12-01,Kerala,32,527.05,801.83,311.54,10.27
1082,2019-12-01,Lakshadweep,31,0.35,0.4,0.03,0.0
1083,2019-12-01,Madhya Pradesh,23,552.41,742.4,629.95,509.44
1084,2019-12-01,Maharashtra,27,4768.78,5738.44,5106.85,915.44
1085,2019-12-01,Manipur,14,16.27,25.85,2.28,0.01
1086,2019-12-01,Meghalaya,17,18.19,27.04,77.67,0.08
1087,2019-12-01,Mizoram,15,6.53,11.22,3.12,0.05
1088,2019-12-01,Nagaland,13,9.92,15.49,4.33,1.41
1089,2019-12-01,Odisha,21,529.78,726.29,696.04,431.18
1090,2019-12-01,Other Territory,97,7.0,9.61,101.58,0.0
1091,2019-12-01,Puducherry,34,22.56,34.19,108.58,0.12
1092,2019-12-01,Punjab,03,309.73,512.24,455.18,13.08
1093,2019-12-01,Rajasthan,08,768.0,1049.64,781.85,113.8
1094,2019-12-01,Sikkim,11,10.7,15.37,187.72,0.12
1095,2019-12-01,Tamil Nadu,33,1632.19,2302.4,1928.96,558.27
1096,2019-12-01,Telangana,36,844.09,1135.82,877.37,563.19
1097,2019-12-01,The Dadra And Nagar Haveli And Daman And Diu,38,26.98,36.78,184.32,0.06
1098,2019-12-01,Tripura,16,21.56,31.55,5.98,0.15
1099,2019-12-01,Uttar Pradesh,09,1223.64,1809.33,1319.96,1136.55
1100,2019-12-01,Uttarakhand,05,230.01,330.15,638.86,14.09
1101,2019-12-01,West Bengal,19,1091.77,1473.38,869.74,313.35
1102,2020-01-01,Andaman And Nicobar Islands,35,10.5,16.05,3.34,0.11
1103,2020-01-01,Andhra Pradesh,28,609.78,860.74,776.19,108.83
1104,2020-01-01,Arunachal Pradesh,12,18.35,24.5,9.1,0.2
1105,2020-01-01,Assam,18,252.49,343.31,197.58,27.09
1106,2020-01-01,Bihar,10,306.43,505.55,140.42,169.73
1107,2020-01-01,Cbic,98,0.0,0.0,119.28,0.0
1108,2020-01-01,Chandigarh,04,40.0,59.25,91.82,3.56
1109,2020-01-01,Chhattisgarh,22,400.26,495.05,672.36,587.58
1110,2020-01-01,Delhi,07,832.83,1110.76,1919.53,103.55
1111,2020-01-01,Goa,30,111.53,163.17,157.51,4.84
1112,2020-01-01,Gujarat,24,2012.05,2476.08,2408.58,433.02
1113,2020-01-01,Haryana,06,892.27,1329.74,2963.13,301.67
1114,2020-01-01,Himachal Pradesh,02,114.36,165.74,392.26,2.41
1115,2020-01-01,Jammu And Kashmir,01,103.92,176.53,87.96,2.32
1116,2020-01-01,Jharkhand,20,344.13,472.23,730.18,480.78
1117,2020-01-01,Karnataka,29,1787.49,2388.76,2673.76,755.18
1118,2020-01-01,Kerala,32,576.61,931.32,327.44,23.51
1119,2020-01-01,Lakshadweep,31,1.1,1.54,0.06,0.0
1120,2020-01-01,Madhya Pradesh,23,611.56,828.18,707.23,526.64
1121,2020-01-01,Maharashtra,27,4797.02,5787.61,6423.32,1077.15
1122,2020-01-01,Manipur,14,11.74,20.79,2.17,0.34
1123,2020-01-01,Meghalaya,17,18.85,29.33,79.92,0.26
1124,2020-01-01,Mizoram,15,7.4,10.67,6.26,0.04
1125,2020-01-01,Nagaland,13,9.8,15.98,5.92,0.4
1126,2020-01-01,Odisha,21,563.85,744.33,674.18,521.61
1127,2020-01-01,Other Territory,97,8.15,10.59,119.93,0.0
1128,2020-01-01,Puducherry,34,24.77,39.76,121.33,1.7
1129,2020-01-01,Punjab,03,343.21,569.36,409.72,18.02
1130,2020-01-01,Rajasthan,08,843.7,1149.97,923.23,113.15
1131,2020-01-01,Sikkim,11,14.01,19.4,160.22,0.53
1132,2020-01-01,Tamil Nadu,33,1694.05,2318.12,2103.93,586.77
1133,2020-01-01,Telangana,36,930.73,1317.66,974.94,563.64
1134,2020-01-01,The Dadra And Nagar Haveli And Daman And Diu,38,29.4,43.19,208.7,0.15
1135,2020-01-01,Tripura,16,19.96,30.54,5.81,0.09
1136,2020-01-01,Uttar Pradesh,09,1253.55,1939.59,1443.6,1061.74
1137,2020-01-01,Uttarakhand,05,234.39,326.37,677.86,18.03
1138,2020-01-01,West Bengal,19,1113.53,1501.6,812.89,318.84
1139,2020-02-01,Andaman And Nicobar Islands,35,13.62,18.88,3.45,0.06
1140,2020-02-01,Andhra Pradesh,28,623.51,854.02,801.81,283.99
1141,2020-02-01,Arunachal Pradesh,12,18.63,24.75,4.56,0.42
1142,2020-02-01,Assam,18,280.49,381.43,213.22,48.73
1143,2020-02-01,Bihar,10,309.21,498.48,134.29,178.52
1144,2020-02-01,Cbic,98,0.0,0.0,100.14,0.0
1145,2020-02-01,Chandigarh,04,36.32,49.4,85.2,1.45
1146,2020-02-01,Chhattisgarh,22,402.09,497.24,775.67,599.41
1147,2020-02-01,Delhi,07,782.09,993.45,1965.09,94.12
1148,2020-02-01,Goa,30,107.93,148.28,151.18,3.22
1149,2020-02-01,Gujarat,24,1983.73,2534.41,2208.14,489.26
1150,2020-02-01,Haryana,06,883.07,1269.36,2868.45,245.55
1151,2020-02-01,Himachal Pradesh,02,102.18,140.37,376.8,1.34
1152,2020-02-01,Jammu And Kashmir,01,93.82,144.4,76.08,1.87
1153,2020-02-01,Jharkhand,20,367.84,476.85,755.25,470.93
1154,2020-02-01,Karnataka,29,1826.93,2380.61,2516.95,689.34
1155,2020-02-01,Kerala,32,574.63,845.43,320.53,13.53
1156,2020-02-01,Ladakh,37,0.71,0.71,0.09,2.96
1157,2020-02-01,Lakshadweep,31,0.99,1.11,0.04,0.0
1158,2020-02-01,Madhya Pradesh,23,620.12,820.25,667.92,512.74
1159,2020-02-01,Maharashtra,27,4437.56,5443.23,4853.54,1000.33
1160,2020-02-01,Manipur,14,13.97,20.44,2.79,0.16
1161,2020-02-01,Meghalaya,17,19.98,29.18,107.18,0.23
1162,2020-02-01,Mizoram,15,7.42,12.99,4.3,0.13
1163,2020-02-01,Nagaland,13,8.26,11.31,4.36,1.0
1164,2020-02-01,Odisha,21,618.78,804.85,792.59,573.94
1165,2020-02-01,Other Territory,97,8.7,12.71,123.7,0.0
1166,2020-02-01,Puducherry,34,22.56,34.37,100.99,0.94
1167,2020-02-01,Punjab,03,308.58,503.82,403.5,13.04
1168,2020-02-01,Rajasthan,08,801.02,1046.69,968.05,116.33
1169,2020-02-01,Sikkim,11,9.76,15.98,156.85,0.06
1170,2020-02-01,Tamil Nadu,33,1702.54,2332.04,1988.5,403.41
1171,2020-02-01,Telangana,36,932.54,1208.6,933.38,592.61
1172,2020-02-01,The Dadra And Nagar Haveli And Daman And Diu,38,27.39,39.07,173.35,0.08
1173,2020-02-01,Tripura,16,22.55,33.57,6.92,0.22
1174,2020-02-01,Uttar Pradesh,09,1229.3,1869.38,1478.92,1198.31
1175,2020-02-01,Uttarakhand,05,229.59,310.31,723.23,17.8
1176,2020-02-01,West Bengal,19,1140.54,1539.89,910.58,350.53
1177,2020-03-01,Andaman And Nicobar Islands,35,15.87,19.61,3.04,0.06
1178,2020-03-01,Andhra Pradesh,28,561.24,789.01,896.06,301.83
1179,2020-03-01,Arunachal Pradesh,12,27.5,33.23,5.96,0.01
1180,2020-03-01,Assam,18,288.87,389.2,213.26,40.39
1181,2020-03-01,Bihar,10,305.76,496.81,118.13,135.25
1182,2020-03-01,Cbic,98,0.0,0.0,81.48,0.0
1183,2020-03-01,Chandigarh,04,30.03,41.32,79.41,2.5
1184,2020-03-01,Chhattisgarh,22,418.63,500.24,595.26,579.03
1185,2020-03-01,Delhi,07,680.88,881.72,1617.06,93.33
1186,2020-03-01,Goa,30,77.18,111.96,125.14,2.2
1187,2020-03-01,Gujarat,24,1886.25,2359.55,2218.04,356.62
1188,2020-03-01,Haryana,06,736.47,1074.14,2678.42,385.26
1189,2020-03-01,Himachal Pradesh,02,91.2,135.87,367.61,1.21
1190,2020-03-01,Jammu And Kashmir,01,69.89,126.0,77.12,3.16
1191,2020-03-01,Jharkhand,20,388.64,499.95,666.91,493.93
1192,2020-03-01,Karnataka,29,1716.85,2230.64,2386.8,810.01
1193,2020-03-01,Kerala,32,476.03,714.6,277.68,6.95
1194,2020-03-01,Ladakh,37,0.22,0.22,0.15,0.25
1195,2020-03-01,Lakshadweep,31,0.13,1.18,0.03,0.0
1196,2020-03-01,Madhya Pradesh,23,541.53,746.66,645.04,474.16
1197,2020-03-01,Maharashtra,27,4232.4,5126.62,4755.47,887.61
1198,2020-03-01,Manipur,14,13.67,20.35,1.73,0.14
1199,2020-03-01,Meghalaya,17,18.44,23.82,90.4,0.07
1200,2020-03-01,Mizoram,15,11.65,17.0,4.51,0.02
1201,2020-03-01,Nagaland,13,14.1,18.32,5.9,0.44
1202,2020-03-01,Odisha,21,583.79,776.28,731.77,541.04
1203,2020-03-01,Other Territory,97,9.72,11.97,110.8,0.0
1204,2020-03-01,Puducherry,34,20.53,30.34,98.08,0.37
1205,2020-03-01,Punjab,03,301.44,484.36,374.6,20.41
1206,2020-03-01,Rajasthan,08,729.83,1007.84,978.25,104.51
1207,2020-03-01,Sikkim,11,12.23,16.15,160.88,0.07
1208,2020-03-01,Tamil Nadu,33,1580.73,2223.19,1939.88,434.02
1209,2020-03-01,Telangana,36,846.3,1139.9,996.38,579.99
1210,2020-03-01,The Dadra And Nagar Haveli And Daman And Diu,38,29.41,40.26,193.93,0.2
1211,2020-03-01,Tripura,16,23.46,36.67,6.74,0.25
1212,2020-03-01,Uttar Pradesh,09,1182.98,1794.76,1432.72,883.26
1213,2020-03-01,Uttarakhand,05,221.45,277.36,686.08,9.84
1214,2020-03-01,West Bengal,19,1035.42,1401.37,829.19,316.27
1215,2020-04-01,Andaman And Nicobar Islands,35,4.02,4.56,2.59,0.01
1216,2020-04-01,Andhra Pradesh,28,181.93,211.97,145.57,9.3
1217,2020-04-01,Arunachal Pradesh,12,18.4,21.3,2.47,0.5
1218,2020-04-01,Assam,18,80.2,100.64,78.54,5.1
1219,2020-04-01,Bihar,10,112.93,137.57,32.05,0.03
1220,2020-04-01,Cbic,98,0.0,0.0,121.32,0.0
1221,2020-04-01,Chandigarh,04,8.35,9.34,22.64,0.01
1222,2020-04-01,Chhattisgarh,22,82.62,93.38,171.36,3.49
1223,2020-04-01,Delhi,07,216.38,240.7,526.28,6.55
1224,2020-04-01,Goa,30,19.08,24.33,23.82,0.01
1225,2020-04-01,Gujarat,24,411.21,464.24,325.7,94.95
1226,2020-04-01,Haryana,06,211.73,253.81,1088.94,152.17
1227,2020-04-01,Himachal Pradesh,02,26.47,31.59,68.84,0.01
1228,2020-04-01,Jammu And Kashmir,01,31.54,37.12,22.4,0.07
1229,2020-04-01,Jharkhand,20,74.64,89.09,44.95,35.04
1230,2020-04-01,Karnataka,29,484.21,576.9,930.72,36.71
1231,2020-04-01,Kerala,32,93.56,127.46,57.98,1.18
1232,2020-04-01,Ladakh,37,1.24,1.29,0.52,0.78
1233,2020-04-01,Lakshadweep,31,0.21,0.21,0.07,0.0
1234,2020-04-01,Madhya Pradesh,23,149.04,176.19,104.08,33.62
1235,2020-04-01,Maharashtra,27,1059.94,1231.44,2256.87,38.48
1236,2020-04-01,Manipur,14,8.59,11.47,1.44,0.0
1237,2020-04-01,Meghalaya,17,8.2,9.09,3.4,0.01
1238,2020-04-01,Mizoram,15,3.35,4.16,1.73,0.0
1239,2020-04-01,Nagaland,13,6.29,7.47,0.59,0.02
1240,2020-04-01,Odisha,21,310.12,360.36,101.36,2.45
1241,2020-04-01,Other Territory,97,8.47,10.48,30.75,0.0
1242,2020-04-01,Puducherry,34,4.25,5.33,21.94,0.01
1243,2020-04-01,Punjab,03,85.14,101.94,86.29,0.19
1244,2020-04-01,Rajasthan,08,177.78,183.86,92.62,42.59
1245,2020-04-01,Sikkim,11,4.53,5.53,70.98,0.0
1246,2020-04-01,Tamil Nadu,33,371.71,451.05,594.51,2.78
1247,2020-04-01,Telangana,36,214.09,252.67,318.55,142.83
1248,2020-04-01,The Dadra And Nagar Haveli And Daman And Diu,38,5.52,5.94,27.27,0.02
1249,2020-04-01,Tripura,16,7.99,9.71,1.95,0.01
1250,2020-04-01,Uttar Pradesh,09,312.66,376.17,284.2,17.04
1251,2020-04-01,Uttarakhand,05,49.79,61.95,141.63,3.26
1252,2020-04-01,West Bengal,19,220.64,260.61,149.1,3.11
1253,2020-05-01,Andaman And Nicobar Islands,35,2.86,3.91,1.05,0.01
1254,2020-05-01,Andhra Pradesh,28,294.75,379.5,373.5,180.25
1255,2020-05-01,Arunachal Pradesh,12,16.06,19.86,2.73,0.05
1256,2020-05-01,Assam,18,166.97,190.7,105.87,44.46
1257,2020-05-01,Bihar,10,167.53,248.01,68.95,123.61
1258,2020-05-01,Cbic,98,0.0,0.0,109.37,0.0
1259,2020-05-01,Chandigarh,04,16.16,22.06,63.58,1.64
1260,2020-05-01,Chhattisgarh,22,278.02,314.73,665.48,564.68
1261,2020-05-01,Delhi,07,415.34,494.26,1191.83,57.35
1262,2020-05-01,Goa,30,39.25,52.64,58.11,0.85
1263,2020-05-01,Gujarat,24,855.01,1022.56,1015.66,184.5
1264,2020-05-01,Haryana,06,424.52,546.11,1556.35,81.59
1265,2020-05-01,Himachal Pradesh,02,53.06,72.24,146.39,0.35
1266,2020-05-01,Jammu And Kashmir,01,40.13,62.74,24.51,1.74
1267,2020-05-01,Jharkhand,20,202.92,241.15,359.03,438.84
1268,2020-05-01,Karnataka,29,1058.82,1296.28,1532.32,621.32
1269,2020-05-01,Kerala,32,277.8,365.75,216.68,1.97
1270,2020-05-01,Ladakh,37,4.77,5.35,1.64,0.4
1271,2020-05-01,Lakshadweep,31,1.21,1.24,0.03,0.0
1272,2020-05-01,Madhya Pradesh,23,301.48,368.55,298.52,370.57
1273,2020-05-01,Maharashtra,27,2060.79,2483.04,3374.13,552.93
1274,2020-05-01,Manipur,14,7.93,9.59,1.0,0.0
1275,2020-05-01,Meghalaya,17,13.98,16.7,62.43,0.21
1276,2020-05-01,Mizoram,15,3.74,5.47,1.43,0.0
1277,2020-05-01,Nagaland,13,12.06,18.38,1.45,0.85
1278,2020-05-01,Odisha,21,349.83,440.67,381.15,552.61
1279,2020-05-01,Other Territory,97,10.21,12.97,94.48,0.01
1280,2020-05-01,Puducherry,34,14.74,17.2,67.03,0.02
1281,2020-05-01,Punjab,03,171.36,240.67,236.13,8.79
1282,2020-05-01,Rajasthan,08,379.21,463.22,525.83,47.75
1283,2020-05-01,Sikkim,11,8.91,10.96,74.32,0.31
1284,2020-05-01,Tamil Nadu,33,793.88,1064.65,1217.97,446.28
1285,2020-05-01,Telangana,36,432.73,543.23,685.39,227.07
1286,2020-05-01,The Dadra And Nagar Haveli And Daman And Diu,38,13.11,16.69,68.36,0.04
1287,2020-05-01,Tripura,16,36.4,42.11,16.34,0.19
1288,2020-05-01,Uttar Pradesh,09,710.21,945.92,758.01,768.52
1289,2020-05-01,Uttarakhand,05,144.84,170.0,299.19,0.56
1290,2020-05-01,West Bengal,19,549.45,702.23,405.94,298.82
1291,2020-06-01,Andaman And Nicobar Islands,35,23.65,26.73,3.74,0.07
1292,2020-06-01,Andhra Pradesh,28,627.43,846.94,805.05,87.66
1293,2020-06-01,Arunachal Pradesh,12,19.42,25.43,4.07,0.47
1294,2020-06-01,Assam,18,279.85,359.88,298.87,27.87
1295,2020-06-01,Bihar,10,341.6,569.77,119.18,131.83
1296,2020-06-01,Cbic,98,0.0,0.0,59.19,0.0
1297,2020-06-01,Chandigarh,04,26.85,35.2,94.76,1.88
1298,2020-06-01,Chhattisgarh,22,472.28,546.34,744.26,785.71
1299,2020-06-01,Delhi,07,651.99,762.25,1790.27,44.72
1300,2020-06-01,Goa,30,75.83,102.63,141.36,4.13
1301,2020-06-01,Gujarat,24,1747.47,2068.35,1973.11,235.71
1302,2020-06-01,Haryana,06,712.4,878.41,1998.32,108.01
1303,2020-06-01,Himachal Pradesh,02,106.72,152.68,357.99,1.11
1304,2020-06-01,Jammu And Kashmir,01,81.16,136.31,82.44,24.85
1305,2020-06-01,Jharkhand,20,328.95,398.96,371.62,543.75
1306,2020-06-01,Karnataka,29,1795.6,2221.71,2033.28,659.18
1307,2020-06-01,Kerala,32,506.93,746.15,246.57,30.29
1308,2020-06-01,Ladakh,37,2.67,3.29,0.71,0.79
1309,2020-06-01,Lakshadweep,31,0.36,0.63,0.03,0.0
1310,2020-06-01,Madhya Pradesh,23,596.53,762.02,617.27,765.81
1311,2020-06-01,Maharashtra,27,4269.64,4924.05,5250.02,543.19
1312,2020-06-01,Manipur,14,10.45,16.13,2.22,0.08
1313,2020-06-01,Meghalaya,17,15.57,20.84,79.23,0.31
1314,2020-06-01,Mizoram,15,7.42,11.85,4.82,0.11
1315,2020-06-01,Nagaland,13,11.12,16.92,4.1,0.27
1316,2020-06-01,Odisha,21,574.01,759.17,452.09,908.48
1317,2020-06-01,Other Territory,97,8.23,9.95,155.21,0.0
1318,2020-06-01,Puducherry,34,18.1,28.51,93.72,0.25
1319,2020-06-01,Punjab,03,358.69,508.07,429.31,27.32
1320,2020-06-01,Rajasthan,08,798.07,1037.01,826.39,112.64
1321,2020-06-01,Sikkim,11,11.98,17.37,316.19,0.01
1322,2020-06-01,Tamil Nadu,33,1347.16,1723.18,1607.53,297.64
1323,2020-06-01,Telangana,36,813.51,1073.58,899.09,489.99
1324,2020-06-01,The Dadra And Nagar Haveli And Daman And Diu,38,20.6,27.52,144.08,0.11
1325,2020-06-01,Tripura,16,22.52,35.85,5.47,0.7
1326,2020-06-01,Uttar Pradesh,09,1251.9,1775.87,1277.69,888.12
1327,2020-06-01,Uttarakhand,05,184.09,238.62,469.81,2.42
1328,2020-06-01,West Bengal,19,858.86,1102.15,834.58,332.79
1329,2020-07-01,Andaman And Nicobar Islands,35,6.42,8.82,2.27,0.02
1330,2020-07-01,Andhra Pradesh,28,546.47,755.24,701.47,135.03
1331,2020-07-01,Arunachal Pradesh,12,12.32,17.12,3.36,0.07
1332,2020-07-01,Assam,18,200.86,270.63,231.3,20.03
1333,2020-07-01,Bihar,10,297.0,467.13,107.17,189.51
1334,2020-07-01,Cbic,98,0.0,0.0,178.75,0.0
1335,2020-07-01,Chandigarh,04,25.66,36.67,73.99,1.01
1336,2020-07-01,Chhattisgarh,22,375.37,456.29,561.93,438.73
1337,2020-07-01,Delhi,07,521.96,653.17,1375.09,78.56
1338,2020-07-01,Goa,30,60.14,80.71,114.89,1.04
1339,2020-07-01,Gujarat,24,1560.85,1888.71,1689.87,481.27
1340,2020-07-01,Haryana,06,610.65,804.29,1854.43,213.67
1341,2020-07-01,Himachal Pradesh,02,101.82,147.45,354.21,1.59
1342,2020-07-01,Jammu And Kashmir,01,75.31,130.38,85.74,6.41
1343,2020-07-01,Jharkhand,20,274.12,361.54,360.85,343.07
1344,2020-07-01,Karnataka,29,1412.94,1841.27,2055.78,703.8
1345,2020-07-01,Kerala,32,417.07,662.03,234.77,4.41
1346,2020-07-01,Ladakh,37,2.61,3.04,0.96,0.03
1347,2020-07-01,Lakshadweep,31,0.78,0.86,0.02,0.0
1348,2020-07-01,Madhya Pradesh,23,523.76,713.93,584.35,466.81
1349,2020-07-01,Maharashtra,27,3235.22,3831.92,4811.57,628.82
1350,2020-07-01,Manipur,14,9.3,14.84,1.16,0.02
1351,2020-07-01,Meghalaya,17,18.25,23.54,78.63,0.01
1352,2020-07-01,Mizoram,15,5.34,9.03,1.64,0.0
1353,2020-07-01,Nagaland,13,9.34,11.98,3.6,0.41
1354,2020-07-01,Odisha,21,641.76,794.02,444.01,468.62
1355,2020-07-01,Other Territory,97,15.12,18.53,63.15,0.0
1356,2020-07-01,Puducherry,34,17.55,26.91,91.45,0.42
1357,2020-07-01,Punjab,03,308.75,489.57,364.63,24.8
1358,2020-07-01,Rajasthan,08,754.19,1032.2,856.31,153.98
1359,2020-07-01,Sikkim,11,13.99,17.0,155.42,0.02
1360,2020-07-01,Tamil Nadu,33,1262.3,1687.56,1379.63,305.27
1361,2020-07-01,Telangana,36,633.31,923.49,882.42,436.79
1362,2020-07-01,The Dadra And Nagar Haveli And Daman And Diu,38,20.92,29.1,156.7,0.23
1363,2020-07-01,Tripura,16,18.77,25.23,3.94,0.05
1364,2020-07-01,Uttar Pradesh,09,1115.5,1785.56,1131.2,1066.67
1365,2020-07-01,Uttarakhand,05,190.62,247.03,543.15,7.01
1366,2020-07-01,West Bengal,19,850.43,1151.54,727.54,280.04
1367,2020-08-01,Andaman And Nicobar Islands,35,4.44,6.96,1.16,0.02
1368,2020-08-01,Andhra Pradesh,28,501.87,675.12,636.28,141.75
1369,2020-08-01,Arunachal Pradesh,12,13.15,17.33,4.54,0.02
1370,2020-08-01,Assam,18,201.16,270.35,232.11,5.35
1371,2020-08-01,Bihar,10,249.0,437.0,121.21,159.63
1372,2020-08-01,Cbic,98,0.0,0.0,160.66,0.0
1373,2020-08-01,Chandigarh,04,26.34,36.61,74.88,0.69
1374,2020-08-01,Chhattisgarh,22,378.44,443.94,697.35,474.7
1375,2020-08-01,Delhi,07,565.26,697.42,1535.15,82.5
1376,2020-08-01,Goa,30,41.92,60.52,110.19,0.61
1377,2020-08-01,Gujarat,24,1591.56,1902.64,2079.76,455.73
1378,2020-08-01,Haryana,06,678.45,942.07,2379.38,373.29
1379,2020-08-01,Himachal Pradesh,02,99.84,140.79,354.85,1.19
1380,2020-08-01,Jammu And Kashmir,01,69.61,121.56,130.32,4.34
1381,2020-08-01,Jharkhand,20,278.98,360.14,514.76,344.16
1382,2020-08-01,Karnataka,29,1440.66,1848.19,1717.39,495.75
1383,2020-08-01,Kerala,32,407.98,598.63,219.71,2.93
1384,2020-08-01,Ladakh,37,1.53,1.99,0.82,0.24
1385,2020-08-01,Lakshadweep,31,0.16,0.17,0.07,0.0
1386,2020-08-01,Madhya Pradesh,23,520.69,698.85,560.57,428.73
1387,2020-08-01,Maharashtra,27,2993.0,3690.06,4197.79,720.92
1388,2020-08-01,Manipur,14,9.75,14.21,2.14,0.0
1389,2020-08-01,Meghalaya,17,16.46,21.38,70.21,0.13
1390,2020-08-01,Mizoram,15,3.94,6.74,1.44,0.02
1391,2020-08-01,Nagaland,13,12.14,15.66,3.24,0.32
1392,2020-08-01,Odisha,21,538.91,686.15,630.14,493.08
1393,2020-08-01,Other Territory,97,25.69,28.86,124.99,0.0
1394,2020-08-01,Puducherry,34,15.9,24.73,95.98,0.18
1395,2020-08-01,Punjab,03,277.24,457.08,385.9,18.28
1396,2020-08-01,Rajasthan,08,693.36,951.07,836.95,100.6
1397,2020-08-01,Sikkim,11,11.0,12.96,123.23,0.01
1398,2020-08-01,Tamil Nadu,33,1381.18,1868.69,1534.78,458.82
1399,2020-08-01,Telangana,36,660.91,904.44,792.54,435.01
1400,2020-08-01,The Dadra And Nagar Haveli And Daman And Diu,38,21.73,27.74,166.27,0.03
1401,2020-08-01,Tripura,16,15.8,22.07,5.16,0.11
1402,2020-08-01,Uttar Pradesh,09,1076.44,1659.68,1265.02,1096.41
1403,2020-08-01,Uttarakhand,05,184.6,249.44,564.19,7.52
1404,2020-08-01,West Bengal,19,896.77,1162.76,754.09,239.32
1405,2020-09-01,Andaman And Nicobar Islands,35,6.86,9.27,2.91,0.02
1406,2020-09-01,Andhra Pradesh,28,533.13,724.76,700.35,182.41
1407,2020-09-01,Arunachal Pradesh,12,12.68,17.47,5.26,0.01
1408,2020-09-01,Assam,18,275.37,362.1,257.69,17.26
1409,2020-09-01,Bihar,10,263.48,458.23,114.14,159.91
1411,2020-09-01,Chandigarh,04,25.99,33.18,81.77,0.54
1412,2020-09-01,Chhattisgarh,22,341.1,413.23,640.09,447.05
1413,2020-09-01,Delhi,07,615.34,760.64,1703.69,65.83
1414,2020-09-01,Goa,30,55.66,75.35,107.92,1.34
1415,2020-09-01,Gujarat,24,1646.57,2003.99,2048.03,391.68
1416,2020-09-01,Haryana,06,740.4,1048.13,2562.79,360.59
1417,2020-09-01,Himachal Pradesh,02,104.81,151.8,396.03,0.72
1418,2020-09-01,Jammu And Kashmir,01,82.69,143.84,135.3,5.73
1419,2020-09-01,Jharkhand,20,286.36,366.89,624.67,377.64
1420,2020-09-01,Karnataka,29,1548.22,1989.73,1974.56,537.92
1421,2020-09-01,Kerala,32,520.45,778.08,249.44,4.1
1422,2020-09-01,Ladakh,37,3.14,4.29,1.99,0.03
1423,2020-09-01,Lakshadweep,31,0.19,0.42,0.1,0.0
1424,2020-09-01,Madhya Pradesh,23,484.64,639.25,598.19,454.36
1425,2020-09-01,Maharashtra,27,3786.63,4463.92,4699.53,596.06
1426,2020-09-01,Manipur,14,13.0,17.97,2.21,0.35
1427,2020-09-01,Meghalaya,17,15.47,20.49,63.65,0.04
1428,2020-09-01,Mizoram,15,5.51,8.23,3.07,0.08
1429,2020-09-01,Nagaland,13,11.43,13.82,4.01,0.19
1430,2020-09-01,Odisha,21,497.18,631.08,763.24,492.49
1431,2020-09-01,Other Territory,97,13.74,14.18,82.52,0.0
1432,2020-09-01,Puducherry,34,20.81,33.92,93.49,0.07
1433,2020-09-01,Punjab,03,287.83,483.73,408.81,14.12
1434,2020-09-01,Rajasthan,08,702.76,934.71,900.08,109.26
1435,2020-09-01,Sikkim,11,10.83,14.53,81.02,0.01
1436,2020-09-01,Tamil Nadu,33,1709.96,2230.39,2004.02,509.65
1437,2020-09-01,Telangana,36,678.14,919.81,801.48,397.06
1438,2020-09-01,The Dadra And Nagar Haveli And Daman And Diu,38,26.7,34.44,178.53,0.22
1439,2020-09-01,Tripura,16,18.56,26.33,5.37,0.12
1440,2020-09-01,Uttar Pradesh,09,1143.83,1700.43,1284.27,946.32
1441,2020-09-01,Uttarakhand,05,205.63,276.95,572.43,9.73
1442,2020-09-01,West Bengal,19,1046.0,1325.71,768.96,252.6
1443,2020-10-01,Andaman And Nicobar Islands,35,6.16,10.28,1.96,0.14
1444,2020-10-01,Andhra Pradesh,28,573.54,805.42,832.63,268.78
1445,2020-10-01,Arunachal Pradesh,12,39.35,50.35,7.42,0.46
1446,2020-10-01,Assam,18,302.64,410.39,290.72,12.9
1447,2020-10-01,Bihar,10,277.08,478.33,119.12,135.93
1448,2020-10-01,Cbic,98,0.0,0.0,114.17,0.0
1449,2020-10-01,Chandigarh,04,26.27,34.38,90.63,0.7
1450,2020-10-01,Chhattisgarh,22,383.31,450.12,698.7,441.84
1451,2020-10-01,Delhi,07,637.64,813.35,1682.96,76.8
1452,2020-10-01,Goa,30,59.7,84.46,164.53,0.97
1453,2020-10-01,Gujarat,24,1752.86,2230.71,2403.16,399.8
1454,2020-10-01,Haryana,06,866.43,1195.94,2974.29,396.6
1455,2020-10-01,Himachal Pradesh,02,113.59,163.03,413.51,0.85
1456,2020-10-01,Jammu And Kashmir,01,98.23,163.62,111.29,4.0
1457,2020-10-01,Jharkhand,20,312.71,415.86,646.37,396.23
1458,2020-10-01,Karnataka,29,1597.37,2087.02,2549.53,764.16
1459,2020-10-01,Kerala,32,541.87,798.87,319.97,3.82
1460,2020-10-01,Ladakh,37,5.64,6.91,1.96,0.0
1461,2020-10-01,Lakshadweep,31,0.36,0.66,0.1,0.0
1462,2020-10-01,Madhya Pradesh,23,547.0,754.35,642.06,459.89
1463,2020-10-01,Maharashtra,27,4188.94,4975.66,5808.3,825.98
1464,2020-10-01,Manipur,14,15.98,25.18,1.92,0.1
1465,2020-10-01,Meghalaya,17,21.22,28.61,67.18,0.38
1466,2020-10-01,Mizoram,15,10.56,17.7,3.19,0.2
1467,2020-10-01,Nagaland,13,10.58,13.16,5.58,0.18
1468,2020-10-01,Odisha,21,523.72,660.09,731.65,503.81
1469,2020-10-01,Other Territory,97,4.99,5.68,80.35,0.0
1470,2020-10-01,Puducherry,34,20.12,30.96,109.66,0.21
1471,2020-10-01,Punjab,03,331.48,538.0,492.67,14.07
1472,2020-10-01,Rajasthan,08,739.3,1018.58,1072.14,135.5
1473,2020-10-01,Sikkim,11,13.06,17.91,145.89,0.01
1474,2020-10-01,Tamil Nadu,33,1745.08,2402.55,2284.79,468.45
1475,2020-10-01,Telangana,36,835.94,1122.5,1001.24,423.76
1476,2020-10-01,The Dadra And Nagar Haveli And Daman And Diu,38,31.5,38.54,220.09,0.23
1477,2020-10-01,Tripura,16,22.09,29.44,5.6,0.06
1478,2020-10-01,Uttar Pradesh,09,1207.87,1768.77,1467.0,1027.8
1479,2020-10-01,Uttarakhand,05,228.93,335.97,696.33,11.01
1480,2020-10-01,West Bengal,19,1100.15,1427.98,906.28,303.26
1551,2020-12-01,Telangana,36,869.85,1154.53,1032.49,486.5
1481,2020-11-01,Andaman And Nicobar Islands,35,9.48,11.67,1.92,0.04
1482,2020-11-01,Andhra Pradesh,28,605.38,823.12,828.67,249.42
1483,2020-11-01,Arunachal Pradesh,12,25.02,28.82,6.14,0.01
1484,2020-11-01,Assam,18,275.86,355.91,280.18,33.98
1485,2020-11-01,Bihar,10,252.57,463.04,122.69,131.57
1486,2020-11-01,Cbic,98,0.0,0.0,137.79,0.0
1487,2020-11-01,Chandigarh,04,27.12,35.26,78.34,0.64
1488,2020-11-01,Chhattisgarh,22,398.49,469.54,799.3,513.75
1489,2020-11-01,Delhi,07,653.51,832.92,1838.82,87.88
1490,2020-11-01,Goa,30,58.66,85.28,154.38,1.8
1491,2020-11-01,Gujarat,24,1950.51,2448.07,2692.95,474.84
1492,2020-11-01,Haryana,06,894.96,1264.21,3321.52,447.56
1493,2020-11-01,Himachal Pradesh,02,113.18,161.59,482.7,0.89
1494,2020-11-01,Jammu And Kashmir,01,91.07,147.5,118.25,2.96
1495,2020-11-01,Jharkhand,20,317.02,422.37,753.16,414.66
1496,2020-11-01,Karnataka,29,1656.86,2146.59,2440.06,671.74
1497,2020-11-01,Kerala,32,512.26,745.81,307.51,2.65
1498,2020-11-01,Ladakh,37,2.86,4.47,1.86,0.0
1499,2020-11-01,Lakshadweep,31,0.16,0.29,0.03,0.0
1500,2020-11-01,Madhya Pradesh,23,569.72,744.96,696.93,481.45
1501,2020-11-01,Maharashtra,27,3992.81,4875.36,5144.67,988.01
1502,2020-11-01,Manipur,14,11.67,17.6,2.67,0.03
1503,2020-11-01,Meghalaya,17,20.27,25.61,73.74,0.41
1504,2020-11-01,Mizoram,15,5.68,8.72,2.35,0.01
1505,2020-11-01,Nagaland,13,10.53,12.4,4.87,1.81
1506,2020-11-01,Odisha,21,533.57,681.96,787.63,524.85
1507,2020-11-01,Other Territory,97,4.2,5.83,69.02,0.0
1508,2020-11-01,Puducherry,34,19.18,29.6,109.27,0.17
1509,2020-11-01,Punjab,03,322.96,548.85,511.68,12.79
1510,2020-11-01,Rajasthan,08,781.21,1061.62,1121.62,165.94
1511,2020-11-01,Sikkim,11,15.72,25.02,182.62,0.01
1512,2020-11-01,Tamil Nadu,33,1735.11,2397.58,2383.83,567.55
1513,2020-11-01,Telangana,36,766.82,1077.39,914.83,415.48
1514,2020-11-01,The Dadra And Nagar Haveli And Daman And Diu,38,30.36,42.93,224.94,0.04
1515,2020-11-01,Tripura,16,20.69,29.97,7.21,0.23
1516,2020-11-01,Uttar Pradesh,09,1171.76,1768.28,1636.13,951.79
1517,2020-11-01,Uttarakhand,05,204.48,323.76,748.02,9.24
1518,2020-11-01,West Bengal,19,1127.51,1416.23,925.16,278.07
1519,2020-12-01,Andaman And Nicobar Islands,35,6.98,10.61,4.29,0.02
1520,2020-12-01,Andhra Pradesh,28,607.07,817.35,925.12,231.36
1521,2020-12-01,Arunachal Pradesh,12,16.68,23.67,5.17,0.04
1522,2020-12-01,Assam,18,286.9,393.95,271.43,31.54
1523,2020-12-01,Bihar,10,280.57,484.72,129.86,172.28
1524,2020-12-01,Cbic,98,0.0,0.0,126.62,0.0
1525,2020-12-01,Chandigarh,04,29.46,40.69,87.61,0.58
1526,2020-12-01,Chhattisgarh,22,466.66,551.63,795.42,535.69
1527,2020-12-01,Delhi,07,701.05,876.45,1784.95,88.83
1528,2020-12-01,Goa,30,80.28,114.33,145.04,2.05
1529,2020-12-01,Gujarat,24,1997.66,2464.57,2491.79,514.78
1530,2020-12-01,Haryana,06,938.85,1280.9,3101.55,425.7
1531,2020-12-01,Himachal Pradesh,02,114.45,165.7,389.03,0.6
1532,2020-12-01,Jammu And Kashmir,01,79.38,132.41,104.73,1.93
1533,2020-12-01,Jharkhand,20,350.66,493.0,871.09,435.43
1534,2020-12-01,Karnataka,29,1752.76,2274.89,2785.21,646.43
1535,2020-12-01,Kerala,32,585.04,847.83,339.72,3.8
1536,2020-12-01,Ladakh,37,2.59,3.98,1.72,0.02
1537,2020-12-01,Lakshadweep,31,0.19,0.25,0.09,0.0
1538,2020-12-01,Madhya Pradesh,23,628.48,823.38,651.59,511.15
1539,2020-12-01,Maharashtra,27,5098.39,5916.56,5760.9,923.06
1540,2020-12-01,Manipur,14,15.09,20.29,5.18,0.13
1541,2020-12-01,Meghalaya,17,19.31,27.79,58.45,0.33
1542,2020-12-01,Mizoram,15,7.61,11.55,6.22,0.01
1543,2020-12-01,Nagaland,13,15.62,17.74,4.52,0.34
1544,2020-12-01,Odisha,21,589.41,765.26,965.75,539.78
1545,2020-12-01,Other Territory,97,6.74,8.31,73.38,0.0
1546,2020-12-01,Puducherry,34,19.46,30.18,109.13,0.23
1547,2020-12-01,Punjab,03,341.87,531.68,469.66,9.55
1548,2020-12-01,Rajasthan,08,790.71,1095.77,1078.97,170.0
1549,2020-12-01,Sikkim,11,13.06,18.78,193.18,0.11
1550,2020-12-01,Tamil Nadu,33,1814.91,2427.43,2148.97,513.6
1904,2021-10-01,Cbic,98,0.0,0.0,189.14,0.0
1552,2020-12-01,The Dadra And Nagar Haveli And Daman And Diu,38,36.23,46.84,179.58,0.09
1553,2020-12-01,Tripura,16,27.68,39.97,6.48,0.15
1554,2020-12-01,Uttar Pradesh,09,1342.98,1997.9,1537.24,1058.8
1555,2020-12-01,Uttarakhand,05,209.08,337.54,690.11,9.07
1556,2020-12-01,West Bengal,19,1221.66,1555.14,1043.05,294.5
1557,2021-01-01,Andaman And Nicobar Islands,35,7.67,10.94,1.88,0.03
1558,2021-01-01,Andhra Pradesh,28,673.6,922.79,1102.74,180.77
1559,2021-01-01,Arunachal Pradesh,12,23.48,29.35,7.1,0.07
1560,2021-01-01,Assam,18,309.06,406.6,290.97,43.6
1561,2021-01-01,Bihar,10,316.82,576.72,128.4,168.14
1562,2021-01-01,Cbic,98,0.0,0.0,142.32,0.0
1563,2021-01-01,Chandigarh,04,29.08,47.61,85.97,2.75
1564,2021-01-01,Chhattisgarh,22,475.6,558.04,923.28,570.18
1565,2021-01-01,Delhi,07,713.35,922.79,2039.99,111.07
1566,2021-01-01,Goa,30,95.64,135.23,144.55,2.34
1567,2021-01-01,Gujarat,24,2175.58,2664.01,2612.96,514.35
1568,2021-01-01,Haryana,06,926.71,1286.91,3258.17,430.19
1569,2021-01-01,Himachal Pradesh,02,117.58,173.84,420.2,1.66
1570,2021-01-01,Jammu And Kashmir,01,105.16,173.06,93.79,2.39
1571,2021-01-01,Jharkhand,20,383.54,522.58,975.91,412.2
1572,2021-01-01,Karnataka,29,1813.82,2346.21,3101.01,716.34
1573,2021-01-01,Kerala,32,628.46,946.46,345.32,13.38
1574,2021-01-01,Ladakh,37,4.94,8.03,1.99,0.13
1575,2021-01-01,Lakshadweep,31,1.22,1.32,0.02,0.0
1576,2021-01-01,Madhya Pradesh,23,660.78,863.64,719.97,511.92
1577,2021-01-01,Maharashtra,27,4858.35,5856.33,6320.26,932.49
1578,2021-01-01,Manipur,14,13.83,22.51,2.8,0.53
1579,2021-01-01,Meghalaya,17,24.91,36.61,75.38,0.12
1580,2021-01-01,Mizoram,15,9.69,14.62,13.27,0.03
1581,2021-01-01,Nagaland,13,17.16,22.17,5.74,0.28
1582,2021-01-01,Odisha,21,609.93,777.71,1158.77,591.04
1583,2021-01-01,Other Territory,97,6.17,6.94,81.37,0.0
1584,2021-01-01,Puducherry,34,19.92,34.28,100.46,1.78
1585,2021-01-01,Punjab,03,324.76,566.74,444.35,16.11
1586,2021-01-01,Rajasthan,08,835.13,1129.36,1160.17,152.94
1587,2021-01-01,Sikkim,11,12.24,15.71,215.75,0.17
1588,2021-01-01,Tamil Nadu,33,1865.72,2589.41,2370.99,567.1
1589,2021-01-01,Telangana,36,958.19,1307.47,1109.53,508.3
1590,2021-01-01,The Dadra And Nagar Haveli And Daman And Diu,38,34.29,44.03,203.43,0.34
1591,2021-01-01,Tripura,16,25.15,35.35,9.53,0.44
1592,2021-01-01,Uttar Pradesh,09,1358.1,2037.09,1526.81,963.7
1593,2021-01-01,Uttarakhand,05,218.53,327.66,669.94,9.92
1594,2021-01-01,West Bengal,19,1278.23,1604.54,1003.56,312.53
1595,2021-02-01,Andaman And Nicobar Islands,35,7.44,12.77,2.97,0.08
1596,2021-02-01,Andhra Pradesh,28,592.55,814.07,1016.49,229.47
1597,2021-02-01,Arunachal Pradesh,12,23.18,30.55,7.6,0.04
1598,2021-02-01,Assam,18,288.4,374.3,244.37,38.77
1599,2021-02-01,Bihar,10,302.68,468.16,168.6,188.55
1600,2021-02-01,Cbic,98,0.0,0.0,129.03,0.0
1601,2021-02-01,Chandigarh,04,28.96,37.94,81.17,0.43
1602,2021-02-01,Chhattisgarh,22,456.04,524.01,868.97,604.07
1603,2021-02-01,Delhi,07,720.27,892.96,2026.94,87.29
1604,2021-02-01,Goa,30,97.41,128.38,116.41,1.59
1605,2021-02-01,Gujarat,24,2217.59,2727.93,2645.02,630.69
1606,2021-02-01,Haryana,06,859.97,1198.15,3118.85,412.84
1607,2021-02-01,Himachal Pradesh,02,108.92,146.62,406.83,0.75
1608,2021-02-01,Jammu And Kashmir,01,97.22,141.12,89.88,1.67
1609,2021-02-01,Jharkhand,20,427.79,552.95,941.19,399.09
1610,2021-02-01,Karnataka,29,1747.06,2230.65,2759.87,843.86
1611,2021-02-01,Kerala,32,599.27,856.89,344.42,5.52
1612,2021-02-01,Ladakh,37,3.48,4.32,1.25,0.02
1613,2021-02-01,Lakshadweep,31,0.21,0.22,0.02,0.0
1614,2021-02-01,Madhya Pradesh,23,657.2,832.56,712.09,589.72
1615,2021-02-01,Maharashtra,27,4469.9,5426.54,5095.79,1111.27
1616,2021-02-01,Manipur,14,10.56,15.03,6.59,0.17
1617,2021-02-01,Meghalaya,17,25.55,30.54,88.22,2.2
1618,2021-02-01,Mizoram,15,6.05,9.8,5.18,0.03
1619,2021-02-01,Nagaland,13,12.01,16.54,5.91,0.37
1620,2021-02-01,Odisha,21,624.16,781.06,1345.79,589.55
1621,2021-02-01,Other Territory,97,19.33,23.95,91.04,0.0
1622,2021-02-01,Puducherry,34,19.22,29.09,109.61,0.14
1623,2021-02-01,Punjab,03,330.06,510.88,447.67,10.77
1624,2021-02-01,Rajasthan,08,814.0,1068.46,1154.85,186.39
1625,2021-02-01,Sikkim,11,12.97,18.48,190.84,0.05
1626,2021-02-01,Tamil Nadu,33,1770.87,2459.52,2109.49,668.33
1627,2021-02-01,Telangana,36,900.57,1173.41,986.92,575.54
1628,2021-02-01,The Dadra And Nagar Haveli And Daman And Diu,38,32.82,42.21,162.45,0.22
1629,2021-02-01,Tripura,16,22.75,30.76,9.12,0.62
1630,2021-02-01,Uttar Pradesh,09,1281.2,1790.55,1626.48,1298.4
1631,2021-02-01,Uttarakhand,05,212.69,308.44,647.44,12.56
1632,2021-02-01,West Bengal,19,1291.89,1563.0,1105.93,374.17
1633,2021-03-01,Andaman And Nicobar Islands,35,9.72,12.93,2.9,0.11
1634,2021-03-01,Andhra Pradesh,28,590.25,803.23,1075.06,216.54
1635,2021-03-01,Arunachal Pradesh,12,38.59,44.79,8.63,0.02
1636,2021-03-01,Assam,18,319.07,399.89,257.79,27.89
1637,2021-03-01,Bihar,10,347.2,581.77,150.9,115.88
1638,2021-03-01,Cbic,98,0.0,0.0,141.12,0.0
1639,2021-03-01,Chandigarh,04,31.81,41.05,91.94,0.47
1640,2021-03-01,Chhattisgarh,22,542.2,622.47,890.17,489.29
1641,2021-03-01,Delhi,07,783.41,951.94,2090.31,100.31
1642,2021-03-01,Goa,30,98.18,136.06,108.26,1.78
1643,2021-03-01,Gujarat,24,2310.43,2815.06,2629.04,442.51
1644,2021-03-01,Haryana,06,930.02,1260.76,3104.72,414.11
1645,2021-03-01,Himachal Pradesh,02,117.59,157.05,411.72,0.52
1646,2021-03-01,Jammu And Kashmir,01,99.41,163.18,85.98,3.05
1647,2021-03-01,Jharkhand,20,498.21,640.27,846.43,431.22
1648,2021-03-01,Karnataka,29,1878.91,2377.71,2834.15,824.2
1649,2021-03-01,Kerala,32,637.29,863.89,322.1,4.66
1650,2021-03-01,Ladakh,37,5.67,6.37,1.59,0.04
1651,2021-03-01,Lakshadweep,31,0.64,0.82,0.08,0.0
1652,2021-03-01,Madhya Pradesh,23,669.54,847.35,755.99,455.61
1653,2021-03-01,Maharashtra,27,4833.74,5669.22,5444.22,1091.31
1654,2021-03-01,Manipur,14,20.69,24.92,4.59,0.16
1655,2021-03-01,Meghalaya,17,23.27,34.13,94.28,0.28
1656,2021-03-01,Mizoram,15,10.84,14.7,9.28,0.1
1657,2021-03-01,Nagaland,13,17.23,21.64,6.04,0.57
1658,2021-03-01,Odisha,21,762.99,954.62,1036.59,531.09
1659,2021-03-01,Other Territory,97,6.68,9.0,106.71,0.0
1660,2021-03-01,Puducherry,34,21.33,31.68,107.9,0.13
1661,2021-03-01,Punjab,03,349.54,544.35,450.88,17.08
1662,2021-03-01,Rajasthan,08,852.35,1132.52,1236.91,130.0
1663,2021-03-01,Sikkim,11,13.66,19.95,179.82,0.23
1664,2021-03-01,Tamil Nadu,33,1914.53,2568.17,2315.88,780.59
1665,2021-03-01,Telangana,36,1057.65,1343.76,1142.66,622.35
1666,2021-03-01,The Dadra And Nagar Haveli And Daman And Diu,38,38.55,50.88,202.28,0.07
1667,2021-03-01,Tripura,16,35.34,44.48,7.9,0.18
1668,2021-03-01,Uttar Pradesh,09,1533.88,2119.04,1785.63,826.45
1669,2021-03-01,Uttarakhand,05,230.19,354.39,711.04,7.95
1670,2021-03-01,West Bengal,19,1342.61,1665.1,1093.86,285.22
1671,2021-04-01,Andaman And Nicobar Islands,35,23.94,32.09,4.56,0.01
1672,2021-04-01,Andhra Pradesh,28,804.04,1079.07,1192.56,269.62
1673,2021-04-01,Arunachal Pradesh,12,43.65,51.05,8.32,0.22
1674,2021-04-01,Assam,18,376.46,457.33,269.04,47.76
1675,2021-04-01,Bihar,10,440.54,675.73,227.95,164.0
1676,2021-04-01,Cbic,98,0.0,0.0,142.33,0.0
1677,2021-04-01,Chandigarh,04,35.28,48.97,118.23,0.81
1678,2021-04-01,Chhattisgarh,22,514.13,586.18,869.88,702.39
1679,2021-04-01,Delhi,07,1146.1,1375.87,2449.03,82.29
1680,2021-04-01,Goa,30,107.41,146.84,143.85,2.62
1681,2021-04-01,Gujarat,24,2769.85,3323.04,2967.19,572.28
1682,2021-04-01,Haryana,06,1038.46,1450.92,3677.26,491.67
1683,2021-04-01,Himachal Pradesh,02,142.41,196.7,423.87,0.87
1684,2021-04-01,Jammu And Kashmir,01,150.8,244.63,109.02,4.42
1685,2021-04-01,Jharkhand,20,574.44,734.3,1103.59,543.93
1686,2021-04-01,Karnataka,29,2438.17,3064.05,3570.32,882.87
1687,2021-04-01,Kerala,32,796.31,1075.88,582.3,11.83
1688,2021-04-01,Ladakh,37,12.02,15.33,3.44,0.02
1689,2021-04-01,Lakshadweep,31,1.62,1.76,0.34,0.0
1690,2021-04-01,Madhya Pradesh,23,745.02,970.14,796.31,538.56
1691,2021-04-01,Maharashtra,27,5900.29,7029.04,8012.67,1070.62
1692,2021-04-01,Manipur,14,43.43,55.39,3.61,0.25
1693,2021-04-01,Meghalaya,17,39.67,46.35,119.67,0.43
1694,2021-04-01,Mizoram,15,22.14,30.1,5.09,0.01
1695,2021-04-01,Nagaland,13,19.13,24.38,7.62,0.47
1696,2021-04-01,Odisha,21,952.43,1126.67,1157.05,613.33
1697,2021-04-01,Other Territory,97,19.25,23.49,115.89,0.0
1698,2021-04-01,Puducherry,34,22.03,34.98,112.2,0.28
1699,2021-04-01,Punjab,03,466.4,728.68,708.49,20.53
1700,2021-04-01,Rajasthan,08,1044.75,1368.78,1276.01,130.79
1701,2021-04-01,Sikkim,11,25.02,34.94,197.75,0.15
1702,2021-04-01,Tamil Nadu,33,2294.03,3121.79,3022.38,411.17
1703,2021-04-01,Telangana,36,1121.66,1460.28,1251.08,429.13
1704,2021-04-01,The Dadra And Nagar Haveli And Daman And Diu,38,35.94,45.8,211.06,0.06
1705,2021-04-01,Tripura,16,43.53,56.93,9.45,0.16
1706,2021-04-01,Uttar Pradesh,09,1746.12,2493.75,2031.18,1083.95
1707,2021-04-01,Uttarakhand,05,256.16,389.9,761.4,14.47
1708,2021-04-01,West Bengal,19,1624.73,2019.54,1219.83,371.75
1709,2021-05-01,Andaman And Nicobar Islands,35,19.42,25.84,3.04,0.0
1710,2021-05-01,Andhra Pradesh,28,431.5,611.37,856.47,174.56
1711,2021-05-01,Arunachal Pradesh,12,13.7,17.65,5.13,0.01
1712,2021-05-01,Assam,18,218.68,294.68,234.72,21.53
1713,2021-05-01,Bihar,10,198.92,366.65,110.92,172.55
1714,2021-05-01,Cbic,98,0.0,0.0,140.81,0.0
1715,2021-05-01,Chandigarh,04,21.68,25.5,81.57,1.21
1716,2021-05-01,Chhattisgarh,22,337.88,389.15,774.06,524.88
1717,2021-05-01,Delhi,07,538.04,624.07,1533.24,75.48
1718,2021-05-01,Goa,30,52.01,74.46,101.52,0.97
1719,2021-05-01,Gujarat,24,1655.66,2042.77,2074.08,609.29
1720,2021-05-01,Haryana,06,722.18,921.83,2591.74,427.23
1721,2021-05-01,Himachal Pradesh,02,75.16,109.61,354.68,0.63
1722,2021-05-01,Jammu And Kashmir,01,60.74,93.22,74.39,3.68
1723,2021-05-01,Jharkhand,20,300.81,382.32,841.35,488.51
1724,2021-05-01,Karnataka,29,1229.73,1538.5,2156.76,828.88
1725,2021-05-01,Kerala,32,319.92,477.18,346.99,2.43
1726,2021-05-01,Ladakh,37,1.81,3.05,0.45,0.0
1727,2021-05-01,Lakshadweep,31,0.09,0.15,0.03,0.0
1728,2021-05-01,Madhya Pradesh,23,382.9,491.04,578.98,475.48
1729,2021-05-01,Maharashtra,27,3760.78,4433.19,4360.53,1010.93
1730,2021-05-01,Manipur,14,7.71,10.53,3.37,0.0
1731,2021-05-01,Meghalaya,17,14.23,16.75,93.14,0.21
1732,2021-05-01,Mizoram,15,4.94,6.89,2.89,0.01
1733,2021-05-01,Nagaland,13,11.27,14.63,3.46,0.05
1734,2021-05-01,Odisha,21,690.32,827.43,1094.7,584.3
1735,2021-05-01,Other Territory,97,4.79,7.96,108.51,0.0
1736,2021-05-01,Puducherry,34,11.67,17.3,93.75,0.4
1737,2021-05-01,Punjab,03,288.27,462.95,493.13,21.43
1738,2021-05-01,Rajasthan,08,579.26,782.08,913.53,189.01
1739,2021-05-01,Sikkim,11,10.3,11.87,227.6,0.03
1740,2021-05-01,Tamil Nadu,33,1325.49,1764.11,1834.61,667.52
1741,2021-05-01,Telangana,36,622.63,856.3,904.67,600.76
1742,2021-05-01,The Dadra And Nagar Haveli And Daman And Diu,38,28.1,34.8,165.61,0.09
1743,2021-05-01,Tripura,16,13.9,19.22,5.98,0.05
1744,2021-05-01,Uttar Pradesh,09,1002.21,1436.93,1223.24,1047.18
1745,2021-05-01,Uttarakhand,05,156.33,224.74,503.27,9.07
1746,2021-05-01,West Bengal,19,1007.05,1322.1,842.2,418.86
1747,2021-06-01,Andaman And Nicobar Islands,35,4.25,5.62,1.66,0.01
1748,2021-06-01,Andhra Pradesh,28,512.11,653.82,784.26,100.57
1749,2021-06-01,Arunachal Pradesh,12,13.18,15.91,3.87,0.13
1750,2021-06-01,Assam,18,187.91,235.16,208.82,29.93
1751,2021-06-01,Bihar,10,242.46,368.62,119.86,158.01
1752,2021-06-01,Cbic,98,0.0,0.0,163.69,0.0
1753,2021-06-01,Chandigarh,04,21.01,28.42,69.64,1.38
1754,2021-06-01,Chhattisgarh,22,439.57,488.1,744.44,557.51
1755,2021-06-01,Delhi,07,497.13,601.89,1494.28,62.32
1756,2021-06-01,Goa,30,65.5,84.45,105.09,1.29
1757,2021-06-01,Gujarat,24,1739.55,2081.72,1952.49,353.97
1758,2021-06-01,Haryana,06,678.7,870.28,2096.92,155.09
1759,2021-06-01,Himachal Pradesh,02,87.31,119.87,311.13,0.78
1760,2021-06-01,Jammu And Kashmir,01,75.58,123.78,95.25,5.13
1761,2021-06-01,Jharkhand,20,316.16,391.82,843.62,479.94
1762,2021-06-01,Karnataka,29,1237.19,1501.72,2119.16,245.02
1763,2021-06-01,Kerala,32,313.19,438.46,244.61,2.12
1764,2021-06-01,Ladakh,37,2.13,2.94,0.99,0.0
1765,2021-06-01,Lakshadweep,31,0.18,0.18,0.11,0.0
1766,2021-06-01,Madhya Pradesh,23,437.98,556.08,545.76,558.62
1767,2021-06-01,Maharashtra,27,3814.76,4411.37,4553.3,942.43
1768,2021-06-01,Manipur,14,8.64,11.06,2.11,0.04
1769,2021-06-01,Meghalaya,17,13.98,17.26,73.46,0.15
1770,2021-06-01,Mizoram,15,5.79,7.92,3.64,0.02
1771,2021-06-01,Nagaland,13,11.3,15.55,2.89,0.39
1772,2021-06-01,Odisha,21,743.16,858.83,842.65,555.27
1773,2021-06-01,Other Territory,97,6.32,8.27,112.8,0.0
1774,2021-06-01,Puducherry,34,12.84,20.48,70.55,0.22
1775,2021-06-01,Punjab,03,274.91,410.85,407.81,17.56
1776,2021-06-01,Rajasthan,08,621.09,781.45,683.54,89.88
1777,2021-06-01,Sikkim,11,11.04,17.75,182.92,0.01
1778,2021-06-01,Tamil Nadu,33,1152.64,1499.14,1395.94,331.89
1779,2021-06-01,Telangana,36,662.31,872.76,850.31,459.8
1780,2021-06-01,The Dadra And Nagar Haveli And Daman And Diu,38,38.82,46.86,157.35,0.08
1781,2021-06-01,Tripura,16,16.19,21.85,4.58,0.09
1782,2021-06-01,Uttar Pradesh,09,1091.48,1540.3,1175.67,780.91
1783,2021-06-01,Uttarakhand,05,154.89,209.14,332.49,5.77
1784,2021-06-01,West Bengal,19,820.11,1020.95,659.21,243.68
1785,2021-07-01,Andaman And Nicobar Islands,35,5.93,10.09,2.49,0.06
1786,2021-07-01,Andhra Pradesh,28,669.41,927.77,956.19,176.97
1787,2021-07-01,Arunachal Pradesh,12,21.25,26.15,8.06,0.03
1788,2021-07-01,Assam,18,281.4,355.61,225.69,19.26
1789,2021-07-01,Bihar,10,357.19,603.26,149.34,171.21
1790,2021-07-01,Cbic,98,0.0,0.0,161.38,0.0
1791,2021-07-01,Chandigarh,04,30.58,42.03,95.92,0.38
1792,2021-07-01,Chhattisgarh,22,536.46,618.74,772.13,505.12
1793,2021-07-01,Delhi,07,773.76,947.34,2040.37,53.59
1794,2021-07-01,Goa,30,76.57,104.99,120.7,1.09
1795,2021-07-01,Gujarat,24,2183.06,2703.74,2310.17,431.68
1796,2021-07-01,Haryana,06,944.68,1259.8,2700.66,424.5
1797,2021-07-01,Himachal Pradesh,02,120.78,184.6,360.38,0.89
1798,2021-07-01,Jammu And Kashmir,01,112.07,182.95,129.4,7.36
1799,2021-07-01,Jharkhand,20,365.12,482.49,792.87,415.92
1800,2021-07-01,Karnataka,29,1797.44,2263.53,2393.74,281.8
1801,2021-07-01,Kerala,32,522.62,750.57,399.1,2.86
1802,2021-07-01,Ladakh,37,4.44,6.08,2.43,0.0
1803,2021-07-01,Lakshadweep,31,0.45,0.48,0.03,0.0
1804,2021-07-01,Madhya Pradesh,23,644.39,855.94,672.68,484.03
1805,2021-07-01,Maharashtra,27,5133.11,6092.96,6605.47,1067.73
1806,2021-07-01,Manipur,14,14.09,19.84,3.19,0.27
1807,2021-07-01,Meghalaya,17,21.9,28.98,70.1,0.12
1808,2021-07-01,Mizoram,15,6.94,11.38,2.64,0.03
1809,2021-07-01,Nagaland,13,8.89,12.5,6.2,0.59
1810,2021-07-01,Odisha,21,927.52,1067.35,1028.16,592.2
1811,2021-07-01,Other Territory,97,7.97,9.08,123.5,0.0
1812,2021-07-01,Puducherry,34,18.97,32.89,76.67,0.08
1813,2021-07-01,Punjab,03,398.27,597.68,516.73,20.35
1814,2021-07-01,Rajasthan,08,858.43,1144.63,1006.67,119.06
1815,2021-07-01,Sikkim,11,15.64,23.67,158.0,0.02
1816,2021-07-01,Tamil Nadu,33,1722.26,2257.01,1764.38,558.47
1817,2021-07-01,Telangana,36,855.69,1151.57,1101.58,500.72
1818,2021-07-01,The Dadra And Nagar Haveli And Daman And Diu,38,33.22,42.52,151.57,0.04
1819,2021-07-01,Tripura,16,24.54,32.68,7.58,0.43
1820,2021-07-01,Uttar Pradesh,09,1414.22,2030.79,1565.3,1000.33
1821,2021-07-01,Uttarakhand,05,226.84,313.22,558.27,7.3
1822,2021-07-01,West Bengal,19,1061.18,1346.36,924.37,130.77
1823,2021-08-01,Andaman And Nicobar Islands,35,7.7,10.52,1.57,0.04
1824,2021-08-01,Andhra Pradesh,28,626.61,867.83,956.48,140.57
1825,2021-08-01,Arunachal Pradesh,12,19.6,23.72,9.81,0.22
1826,2021-08-01,Assam,18,273.32,338.02,315.81,31.63
1827,2021-08-01,Bihar,10,287.83,478.67,144.73,125.72
1828,2021-08-01,Cbic,98,0.0,0.0,213.82,0.0
1829,2021-08-01,Chandigarh,04,27.83,38.4,77.52,0.41
1830,2021-08-01,Chhattisgarh,22,455.56,536.63,812.9,585.41
1831,2021-08-01,Delhi,07,721.39,876.01,1926.19,81.89
1832,2021-08-01,Goa,30,63.28,92.37,128.26,1.11
1833,2021-08-01,Gujarat,24,2000.89,2499.95,2507.44,547.96
1834,2021-08-01,Haryana,06,941.23,1287.06,2902.08,487.29
1835,2021-08-01,Himachal Pradesh,02,115.23,173.99,414.16,0.79
1836,2021-08-01,Jammu And Kashmir,01,102.62,154.29,126.34,8.57
1837,2021-08-01,Jharkhand,20,377.7,492.92,911.71,384.14
1838,2021-08-01,Karnataka,29,1789.71,2284.47,2551.26,804.02
1839,2021-08-01,Kerala,32,494.29,710.69,404.19,2.76
1840,2021-08-01,Ladakh,37,4.73,6.05,3.57,0.0
1841,2021-08-01,Lakshadweep,31,0.6,0.65,0.06,0.0
1842,2021-08-01,Madhya Pradesh,23,578.87,767.31,630.01,461.87
1843,2021-08-01,Maharashtra,27,4114.79,5068.31,4974.45,1017.09
1844,2021-08-01,Manipur,14,15.84,23.2,5.43,0.04
1845,2021-08-01,Meghalaya,17,22.64,27.6,66.95,2.17
1846,2021-08-01,Mizoram,15,5.89,8.05,1.97,0.03
1847,2021-08-01,Nagaland,13,11.31,14.71,5.39,0.43
1848,2021-08-01,Odisha,21,792.93,956.47,948.21,618.94
1849,2021-08-01,Other Territory,97,5.88,6.57,96.05,0.0
1850,2021-08-01,Puducherry,34,17.49,30.93,107.5,0.45
1851,2021-08-01,Punjab,03,363.17,529.76,502.94,18.27
1852,2021-08-01,Rajasthan,08,797.71,1029.31,1057.05,164.45
1853,2021-08-01,Sikkim,11,12.57,16.23,190.26,0.03
1854,2021-08-01,Tamil Nadu,33,1857.14,2460.3,2048.17,694.32
1855,2021-08-01,Telangana,36,855.52,1123.09,1041.72,505.2
1856,2021-08-01,The Dadra And Nagar Haveli And Daman And Diu,38,29.39,40.36,184.69,0.1
1857,2021-08-01,Tripura,16,21.14,27.65,6.96,0.16
1858,2021-08-01,Uttar Pradesh,09,1377.19,1903.54,1621.48,1043.91
1859,2021-08-01,Uttarakhand,05,213.29,303.17,566.18,6.84
1860,2021-08-01,West Bengal,19,1118.61,1396.35,900.12,263.38
1861,2021-09-01,Andaman And Nicobar Islands,35,6.56,10.91,2.11,0.02
1862,2021-09-01,Andhra Pradesh,28,619.09,849.06,943.15,183.22
1863,2021-09-01,Arunachal Pradesh,12,18.71,25.35,11.15,0.06
1864,2021-09-01,Assam,18,267.6,346.91,321.57,31.84
1865,2021-09-01,Bihar,10,222.85,365.45,126.89,160.36
1866,2021-09-01,Cbic,98,0.0,0.0,191.34,0.0
1867,2021-09-01,Chandigarh,04,28.35,39.18,84.08,0.72
1868,2021-09-01,Chhattisgarh,22,464.56,550.16,756.63,461.58
1869,2021-09-01,Delhi,07,695.21,849.5,1972.24,87.77
1870,2021-09-01,Goa,30,71.35,100.25,145.64,1.36
1871,2021-09-01,Gujarat,24,2044.98,2491.3,2732.34,511.33
1872,2021-09-01,Haryana,06,896.25,1197.52,3078.68,404.64
1873,2021-09-01,Himachal Pradesh,02,108.43,157.13,413.32,1.04
1874,2021-09-01,Jammu And Kashmir,01,106.98,162.33,101.08,6.79
1875,2021-09-01,Jharkhand,20,349.19,434.86,1009.52,404.67
1876,2021-09-01,Karnataka,29,1798.44,2312.33,2712.04,959.89
1877,2021-09-01,Kerala,32,574.56,846.11,339.65,3.65
1878,2021-09-01,Ladakh,37,5.2,6.81,3.21,0.01
1879,2021-09-01,Lakshadweep,31,0.16,0.16,0.02,0.0
1880,2021-09-01,Madhya Pradesh,23,508.41,682.6,678.57,459.53
1881,2021-09-01,Maharashtra,27,4382.97,5397.04,5690.15,1114.04
1882,2021-09-01,Manipur,14,11.86,17.52,3.32,0.12
1883,2021-09-01,Meghalaya,17,22.62,29.24,67.53,0.14
1884,2021-09-01,Mizoram,15,7.5,10.91,1.11,0.05
1885,2021-09-01,Nagaland,13,9.98,13.37,6.65,0.48
1886,2021-09-01,Odisha,21,772.93,929.68,996.48,626.85
1887,2021-09-01,Other Territory,97,8.28,9.41,114.55,0.0
1888,2021-09-01,Puducherry,34,18.68,31.37,109.62,0.45
1889,2021-09-01,Punjab,03,338.76,518.5,526.24,18.66
1890,2021-09-01,Rajasthan,08,739.56,987.22,1070.89,161.09
1891,2021-09-01,Sikkim,11,14.99,20.07,224.97,0.01
1892,2021-09-01,Tamil Nadu,33,1903.14,2604.47,2568.17,765.85
1893,2021-09-01,Telangana,36,876.99,1170.34,967.76,478.48
1894,2021-09-01,The Dadra And Nagar Haveli And Daman And Diu,38,35.69,46.31,221.76,0.15
1895,2021-09-01,Tripura,16,18.44,25.89,5.64,0.16
1896,2021-09-01,Uttar Pradesh,09,1290.71,1826.51,1524.47,1050.09
1897,2021-09-01,Uttarakhand,05,211.78,288.42,626.13,4.33
1898,2021-09-01,West Bengal,19,1126.13,1412.85,1007.64,231.67
1899,2021-10-01,Andaman And Nicobar Islands,35,6.87,11.69,7.31,0.0
1900,2021-10-01,Andhra Pradesh,28,742.39,983.57,957.26,195.78
1901,2021-10-01,Arunachal Pradesh,12,16.12,23.25,6.95,0.21
1902,2021-10-01,Assam,18,496.23,590.72,304.34,33.98
1903,2021-10-01,Bihar,10,444.22,620.4,138.59,147.89
1905,2021-10-01,Chandigarh,04,28.46,38.62,89.38,1.34
1906,2021-10-01,Chhattisgarh,22,519.05,600.91,808.93,463.56
1907,2021-10-01,Delhi,07,835.68,1012.64,2106.29,90.17
1908,2021-10-01,Goa,30,80.46,109.14,125.53,2.31
1909,2021-10-01,Gujarat,24,2265.19,2773.34,2951.96,506.39
1910,2021-10-01,Haryana,06,954.53,1229.02,3102.35,319.61
1911,2021-10-01,Himachal Pradesh,02,110.72,159.76,417.79,1.16
1912,2021-10-01,Jammu And Kashmir,01,240.44,298.35,104.66,4.89
1913,2021-10-01,Jharkhand,20,450.28,511.68,998.42,409.18
1914,2021-10-01,Karnataka,29,1890.91,2449.91,3041.36,876.67
1915,2021-10-01,Kerala,32,631.31,916.14,375.35,8.91
1916,2021-10-01,Ladakh,37,6.55,9.15,3.5,0.0
1917,2021-10-01,Lakshadweep,31,0.98,1.0,0.09,0.0
1918,2021-10-01,Madhya Pradesh,23,654.01,817.46,714.88,479.27
1919,2021-10-01,Maharashtra,27,4981.68,6058.63,7298.97,1015.63
1920,2021-10-01,Manipur,14,27.23,32.93,4.02,0.06
1921,2021-10-01,Meghalaya,17,23.58,27.08,89.3,0.24
1922,2021-10-01,Mizoram,15,12.52,15.97,3.31,0.04
1923,2021-10-01,Nagaland,13,13.55,17.09,6.23,1.47
1924,2021-10-01,Odisha,21,907.29,1053.48,1005.5,627.07
1925,2021-10-01,Other Territory,97,9.65,10.38,117.12,0.0
1926,2021-10-01,Puducherry,34,19.34,33.95,98.06,0.46
1927,2021-10-01,Punjab,03,410.27,606.44,560.87,17.86
1928,2021-10-01,Rajasthan,08,925.53,1212.64,1128.78,155.94
1929,2021-10-01,Sikkim,11,15.81,24.3,217.19,0.04
1930,2021-10-01,Tamil Nadu,33,2011.24,2690.51,2376.95,563.68
1931,2021-10-01,Telangana,36,928.02,1277.77,1141.98,506.35
1932,2021-10-01,The Dadra And Nagar Haveli And Daman And Diu,38,33.54,48.49,186.57,0.07
1933,2021-10-01,Tripura,16,25.77,33.54,7.49,0.11
1934,2021-10-01,Uttar Pradesh,09,1574.74,2114.9,2000.73,1084.31
1935,2021-10-01,Uttarakhand,05,222.92,355.77,678.11,2.53
1936,2021-10-01,West Bengal,19,1344.22,1650.42,997.07,267.69
1937,2021-11-01,Andaman And Nicobar Islands,35,7.41,9.79,6.97,0.02
1938,2021-11-01,Andhra Pradesh,28,639.46,899.5,999.74,210.93
1939,2021-11-01,Arunachal Pradesh,12,13.12,17.59,9.53,0.04
1940,2021-11-01,Assam,18,283.65,373.69,300.15,34.04
1941,2021-11-01,Bihar,10,284.03,481.25,113.19,151.47
1942,2021-11-01,Cbic,98,0.0,0.0,179.51,0.0
1943,2021-11-01,Chandigarh,04,35.87,48.94,92.55,2.3
1944,2021-11-01,Chhattisgarh,22,503.34,595.44,790.14,565.23
1945,2021-11-01,Delhi,07,877.51,1087.95,2323.12,98.33
1946,2021-11-01,Goa,30,99.03,138.31,278.54,2.14
1947,2021-11-01,Gujarat,24,2657.94,3207.78,3078.37,624.89
1948,2021-11-01,Haryana,06,999.8,1377.16,3197.72,440.86
1949,2021-11-01,Himachal Pradesh,02,123.57,188.6,446.86,2.91
1950,2021-11-01,Jammu And Kashmir,01,110.59,161.09,107.35,3.79
1951,2021-11-01,Jharkhand,20,395.37,520.59,996.77,424.19
1952,2021-11-01,Karnataka,29,2044.08,2632.66,3400.37,970.97
1953,2021-11-01,Kerala,32,651.16,894.51,573.13,9.92
1954,2021-11-01,Ladakh,37,4.63,5.9,2.83,0.05
1955,2021-11-01,Lakshadweep,31,1.04,1.08,0.14,0.0
1956,2021-11-01,Madhya Pradesh,23,638.56,852.95,753.4,562.89
1957,2021-11-01,Maharashtra,27,5089.14,6157.54,6108.24,1301.34
1958,2021-11-01,Manipur,14,12.13,17.94,5.33,0.1
1959,2021-11-01,Meghalaya,17,27.05,35.63,89.21,0.31
1960,2021-11-01,Mizoram,15,8.9,12.03,2.05,0.02
1961,2021-11-01,Nagaland,13,10.01,13.25,6.4,0.58
1962,2021-11-01,Odisha,21,1001.08,1157.69,1223.24,753.77
1963,2021-11-01,Other Territory,97,3.44,3.4,88.35,0.0
1964,2021-11-01,Puducherry,34,18.43,30.2,123.11,0.51
1965,2021-11-01,Punjab,03,463.04,704.95,655.52,21.71
1966,2021-11-01,Rajasthan,08,992.4,1312.62,1208.9,184.51
1967,2021-11-01,Sikkim,11,13.36,18.65,175.21,0.1
1968,2021-11-01,Tamil Nadu,33,1958.49,2708.36,2573.63,554.48
1969,2021-11-01,Telangana,36,952.04,1310.37,1119.0,549.73
1970,2021-11-01,The Dadra And Nagar Haveli And Daman And Diu,38,33.57,47.17,189.22,0.33
1971,2021-11-01,Tripura,16,20.62,28.96,7.9,0.2
1972,2021-11-01,Uttar Pradesh,09,1507.6,2157.92,1803.14,1167.49
1973,2021-11-01,Uttarakhand,05,233.41,356.99,665.76,7.11
1974,2021-11-01,West Bengal,19,1263.58,1558.69,954.87,305.6
1975,2021-12-01,Andaman And Nicobar Islands,35,10.22,12.93,2.7,0.02
1976,2021-12-01,Andhra Pradesh,28,602.0,805.07,937.39,187.94
1977,2021-12-01,Arunachal Pradesh,12,17.72,25.16,9.74,0.11
1978,2021-12-01,Assam,18,289.08,377.66,315.23,32.66
1979,2021-12-01,Bihar,10,258.35,441.66,113.76,149.17
1980,2021-12-01,Cbic,98,0.0,0.0,186.34,0.0
1981,2021-12-01,Chandigarh,04,32.09,47.47,83.8,0.7
1982,2021-12-01,Chhattisgarh,22,484.46,571.31,929.0,596.85
1983,2021-12-01,Delhi,07,741.01,924.64,2002.74,85.4
1984,2021-12-01,Goa,30,103.64,143.73,342.52,1.91
1985,2021-12-01,Gujarat,24,2144.51,2551.92,2165.31,474.18
1986,2021-12-01,Haryana,06,946.75,1298.19,3201.61,426.65
1987,2021-12-01,Himachal Pradesh,02,138.91,192.97,328.79,1.51
1988,2021-12-01,Jammu And Kashmir,01,95.92,143.84,78.84,1.4
1989,2021-12-01,Jharkhand,20,391.03,494.71,877.75,442.74
1990,2021-12-01,Karnataka,29,1895.64,2409.75,3029.08,1000.41
1991,2021-12-01,Kerala,32,643.12,870.43,376.12,5.7
1992,2021-12-01,Ladakh,37,5.81,7.32,2.03,0.07
1993,2021-12-01,Lakshadweep,31,0.69,0.66,0.08,0.0
1994,2021-12-01,Madhya Pradesh,23,592.69,748.86,644.47,546.86
1995,2021-12-01,Maharashtra,27,5516.25,6469.5,6259.66,1346.13
1996,2021-12-01,Manipur,14,17.84,25.02,4.7,0.3
1997,2021-12-01,Meghalaya,17,21.86,27.12,99.16,0.49
1998,2021-12-01,Mizoram,15,7.42,10.24,1.91,0.03
1999,2021-12-01,Nagaland,13,11.39,14.87,5.57,1.87
2000,2021-12-01,Odisha,21,973.79,1118.65,1267.63,720.07
2001,2021-12-01,Other Territory,97,7.99,11.18,120.53,0.0
2002,2021-12-01,Puducherry,34,18.9,30.24,97.19,0.64
2003,2021-12-01,Punjab,03,381.23,563.43,616.46,11.4
2004,2021-12-01,Rajasthan,08,812.64,1072.85,987.82,184.2
2005,2021-12-01,Sikkim,11,23.6,21.67,203.63,0.05
2006,2021-12-01,Tamil Nadu,33,1712.3,2229.32,2083.51,610.2
2007,2021-12-01,Telangana,36,935.93,1252.41,1019.71,552.16
2008,2021-12-01,The Dadra And Nagar Haveli And Daman And Diu,38,30.71,40.34,161.03,1.36
2009,2021-12-01,Tripura,16,26.45,32.81,8.31,0.09
2010,2021-12-01,Uttar Pradesh,09,1323.86,1892.58,1704.26,1108.03
2011,2021-12-01,Uttarakhand,05,211.9,317.91,539.13,7.57
2012,2021-12-01,West Bengal,19,1149.87,1459.64,820.71,276.37
2013,2022-01-01,Andaman And Nicobar Islands,35,11.05,14.64,2.98,0.01
2014,2022-01-01,Andhra Pradesh,28,713.03,952.17,1058.11,108.01
2015,2022-01-01,Arunachal Pradesh,12,25.59,33.37,12.5,0.7
2016,2022-01-01,Assam,18,308.7,421.33,292.88,39.47
2017,2022-01-01,Bihar,10,327.85,552.08,145.4,171.09
2018,2022-01-01,Cbic,98,0.0,0.0,216.2,0.0
2019,2022-01-01,Chandigarh,04,37.91,59.54,93.8,4.71
2020,2022-01-01,Chhattisgarh,22,518.75,621.97,874.26,641.13
2021,2022-01-01,Delhi,07,870.82,1104.48,2454.72,98.71
2022,2022-01-01,Goa,30,111.82,155.49,124.28,2.59
2023,2022-01-01,Gujarat,24,2430.91,2960.16,2613.78,611.47
2024,2022-01-01,Haryana,06,1038.75,1420.77,3470.79,489.4
2025,2022-01-01,Himachal Pradesh,02,127.19,194.38,368.83,4.45
2026,2022-01-01,Jammu And Kashmir,01,112.93,198.36,91.16,2.23
2027,2022-01-01,Jharkhand,20,451.55,559.61,950.58,470.95
2028,2022-01-01,Karnataka,29,2195.53,2835.47,3644.53,920.74
2029,2022-01-01,Kerala,32,752.75,1056.32,651.43,21.38
2030,2022-01-01,Ladakh,37,13.31,17.71,3.86,0.28
2031,2022-01-01,Lakshadweep,31,0.99,1.03,0.05,0.0
2032,2022-01-01,Madhya Pradesh,23,718.3,920.77,734.12,586.12
2033,2022-01-01,Maharashtra,27,5319.45,6360.44,7687.46,1337.05
2034,2022-01-01,Manipur,14,16.13,20.82,7.26,0.09
2035,2022-01-01,Meghalaya,17,26.95,35.6,83.27,0.49
2036,2022-01-01,Mizoram,15,11.99,17.51,5.09,0.17
2037,2022-01-01,Nagaland,13,12.24,20.04,6.54,1.73
2038,2022-01-01,Odisha,21,965.92,1143.14,1134.15,752.19
2039,2022-01-01,Other Territory,97,8.11,14.53,121.39,0.0
2040,2022-01-01,Puducherry,34,22.48,38.72,106.77,1.28
2041,2022-01-01,Punjab,03,422.29,659.09,583.15,25.75
2042,2022-01-01,Rajasthan,08,971.7,1289.86,1215.7,171.41
2043,2022-01-01,Sikkim,11,15.0,24.72,209.51,0.38
2044,2022-01-01,Tamil Nadu,33,2089.74,2812.13,2421.11,656.63
2045,2022-01-01,Telangana,36,1055.72,1424.16,1375.14,604.96
2046,2022-01-01,The Dadra And Nagar Haveli And Daman And Diu,38,35.35,46.04,197.96,0.53
2048,2022-01-01,Uttar Pradesh,09,1529.52,2178.7,2181.83,1095.5
2049,2022-01-01,Uttarakhand,05,242.6,360.92,693.35,9.22
2050,2022-01-01,West Bengal,19,1329.17,1675.91,1140.81,328.37
2051,2022-02-01,Andaman And Nicobar Islands,35,8.39,11.57,2.02,0.03
2052,2022-02-01,Andhra Pradesh,28,707.92,931.88,1204.19,313.29
2053,2022-02-01,Arunachal Pradesh,12,18.59,26.26,10.98,0.16
2054,2022-02-01,Assam,18,311.91,401.63,250.85,43.41
2055,2022-02-01,Bihar,10,351.46,550.11,156.36,148.41
2056,2022-02-01,Cbic,98,0.0,0.0,166.51,0.0
2057,2022-02-01,Chandigarh,04,32.88,45.79,98.79,0.82
2058,2022-02-01,Chhattisgarh,22,528.39,620.37,988.95,645.09
2059,2022-02-01,Delhi,07,777.9,939.01,2103.11,101.63
2060,2022-02-01,Goa,30,92.95,123.79,145.04,2.05
2061,2022-02-01,Gujarat,24,2478.13,3007.46,2768.51,618.66
2062,2022-02-01,Haryana,06,1050.37,1399.91,3008.6,469.29
2063,2022-02-01,Himachal Pradesh,02,108.59,155.48,392.19,0.98
2064,2022-02-01,Jammu And Kashmir,01,96.86,136.46,90.67,2.43
2065,2022-02-01,Jharkhand,20,544.61,660.79,846.35,484.73
2066,2022-02-01,Karnataka,29,2177.58,2678.54,3393.69,926.51
2067,2022-02-01,Kerala,32,706.36,927.57,434.7,5.86
2068,2022-02-01,Ladakh,37,5.56,7.59,2.17,0.25
2069,2022-02-01,Lakshadweep,31,0.3,0.45,0.06,0.0
2070,2022-02-01,Madhya Pradesh,23,666.04,858.95,726.38,601.45
2071,2022-02-01,Maharashtra,27,5426.85,6379.42,6122.46,1493.86
2072,2022-02-01,Manipur,14,14.12,19.52,5.02,0.13
2073,2022-02-01,Meghalaya,17,31.25,38.37,130.2,0.74
2074,2022-02-01,Mizoram,15,9.65,12.26,2.29,0.03
2075,2022-02-01,Nagaland,13,9.05,12.24,9.6,1.95
2076,2022-02-01,Odisha,21,989.49,1152.37,1223.92,735.71
2077,2022-02-01,Other Territory,97,7.1,9.15,119.44,0.0
2078,2022-02-01,Puducherry,34,22.26,32.45,123.5,0.17
2079,2022-02-01,Punjab,03,367.37,516.98,584.59,11.21
2080,2022-02-01,Rajasthan,08,934.17,1213.39,1165.58,155.54
2081,2022-02-01,Sikkim,11,15.6,21.26,185.3,0.11
2082,2022-02-01,Tamil Nadu,33,1907.21,2525.01,2299.17,661.81
2083,2022-02-01,Telangana,36,979.77,1283.76,1219.45,630.2
2084,2022-02-01,The Dadra And Nagar Haveli And Daman And Diu,38,37.06,48.0,174.56,0.52
2085,2022-02-01,Tripura,16,25.01,31.95,8.88,0.23
2086,2022-02-01,Uttar Pradesh,09,1465.09,2022.52,1754.0,1277.04
2087,2022-02-01,Uttarakhand,05,226.34,332.38,613.26,3.63
2088,2022-02-01,West Bengal,19,1302.89,1644.41,1103.17,363.96
2089,2022-03-01,Andaman And Nicobar Islands,35,10.42,14.17,2.27,0.04
2090,2022-03-01,Andhra Pradesh,28,776.83,1006.23,1092.09,299.3
2091,2022-03-01,Arunachal Pradesh,12,42.46,51.18,11.21,0.14
2092,2022-03-01,Assam,18,345.94,445.56,285.95,37.15
2093,2022-03-01,Bihar,10,377.01,579.55,170.81,220.53
2094,2022-03-01,Cbic,98,0.0,0.0,169.86,0.0
2095,2022-03-01,Chandigarh,04,33.91,43.75,105.71,0.38
2096,2022-03-01,Chhattisgarh,22,544.68,638.93,923.94,612.56
2097,2022-03-01,Delhi,07,817.25,985.54,2204.14,104.79
2098,2022-03-01,Goa,30,107.22,143.84,132.99,1.9
2099,2022-03-01,Gujarat,24,2563.01,3080.66,3112.9,401.1
2100,2022-03-01,Haryana,06,1057.6,1403.64,3751.21,441.08
2101,2022-03-01,Himachal Pradesh,02,122.83,163.5,396.68,0.89
2102,2022-03-01,Jammu And Kashmir,01,112.42,166.71,85.65,3.62
2103,2022-03-01,Jharkhand,20,524.68,661.51,881.98,481.79
2104,2022-03-01,Karnataka,29,2202.46,2688.59,3088.67,770.4
2105,2022-03-01,Kerala,32,694.9,923.53,467.8,2.98
2106,2022-03-01,Ladakh,37,9.44,11.33,2.72,0.0
2107,2022-03-01,Lakshadweep,31,0.93,0.94,0.21,0.0
2108,2022-03-01,Madhya Pradesh,23,713.28,911.32,785.03,525.51
2109,2022-03-01,Maharashtra,27,5803.34,6658.66,6467.73,1375.48
2110,2022-03-01,Manipur,14,22.18,32.82,4.36,0.28
2111,2022-03-01,Meghalaya,17,28.52,36.69,112.22,3.49
2112,2022-03-01,Mizoram,15,14.24,19.98,2.54,0.01
2113,2022-03-01,Nagaland,13,12.75,17.29,8.5,4.14
2114,2022-03-01,Odisha,21,1109.85,1351.25,1003.47,660.09
2115,2022-03-01,Other Territory,97,10.76,12.97,125.64,0.0
2116,2022-03-01,Puducherry,34,26.1,32.84,103.98,0.42
2117,2022-03-01,Punjab,03,412.6,596.47,545.33,17.47
2118,2022-03-01,Rajasthan,08,953.69,1247.73,1219.47,166.6
2119,2022-03-01,Sikkim,11,15.14,19.23,195.57,0.02
2120,2022-03-01,Tamil Nadu,33,2081.36,2768.83,2572.77,599.57
2121,2022-03-01,Telangana,36,1083.77,1419.98,1246.01,492.38
2122,2022-03-01,The Dadra And Nagar Haveli And Daman And Diu,38,40.07,50.85,192.18,0.68
2123,2022-03-01,Tripura,16,31.37,39.37,11.19,0.12
2124,2022-03-01,Uttar Pradesh,09,1552.93,2167.95,1988.9,909.98
2125,2022-03-01,Uttarakhand,05,221.13,327.54,697.51,9.15
2126,2022-03-01,West Bengal,19,1353.23,1656.69,1169.8,291.92
2127,2022-04-01,Andaman And Nicobar Islands,35,37.38,42.84,7.12,0.08
2128,2022-04-01,Andhra Pradesh,28,1002.93,1294.48,1388.74,380.97
2129,2022-04-01,Arunachal Pradesh,12,79.97,93.2,22.82,0.22
2130,2022-04-01,Assam,18,429.75,553.31,295.52,33.94
2131,2022-04-01,Bihar,10,456.79,767.19,179.25,67.4
2132,2022-04-01,Cbic,98,0.0,0.0,166.94,0.0
2133,2022-04-01,Chandigarh,04,44.92,60.8,140.73,2.18
2134,2022-04-01,Chhattisgarh,22,665.61,787.74,865.32,658.58
2135,2022-04-01,Delhi,07,1324.21,1578.8,2903.97,63.8
2136,2022-04-01,Goa,30,134.01,183.7,148.98,3.09
2137,2022-04-01,Gujarat,24,3303.49,3901.62,3578.04,480.97
2138,2022-04-01,Haryana,06,1317.87,1717.8,4665.07,496.62
2139,2022-04-01,Himachal Pradesh,02,166.56,225.66,423.14,2.01
2140,2022-04-01,Jammu And Kashmir,01,176.26,273.36,104.21,6.03
2141,2022-04-01,Jharkhand,20,573.46,773.85,1226.79,525.98
2142,2022-04-01,Karnataka,29,2859.52,3520.29,4354.76,1085.43
2143,2022-04-01,Kerala,32,844.33,1153.07,686.4,5.21
2144,2022-04-01,Ladakh,37,19.09,23.34,4.51,0.24
2145,2022-04-01,Lakshadweep,31,1.19,1.77,0.08,0.0
2146,2022-04-01,Madhya Pradesh,23,850.2,1102.12,876.76,510.31
2147,2022-04-01,Maharashtra,27,7305.65,8573.0,9884.7,1731.29
2148,2022-04-01,Manipur,14,25.9,35.67,6.8,0.6
2149,2022-04-01,Meghalaya,17,48.83,58.17,117.66,2.04
2150,2022-04-01,Mizoram,15,17.28,24.49,4.48,0.09
2151,2022-04-01,Nagaland,13,22.22,28.29,12.03,5.5
2152,2022-04-01,Odisha,21,1381.0,1714.78,1092.05,722.4
2153,2022-04-01,Other Territory,97,17.1,19.14,179.88,0.0
2154,2022-04-01,Puducherry,34,27.92,44.95,132.3,0.59
2155,2022-04-01,Punjab,03,531.03,783.04,649.65,30.27
2156,2022-04-01,Rajasthan,08,1309.41,1670.42,1412.38,155.0
2157,2022-04-01,Sikkim,11,31.68,48.38,183.65,0.11
2158,2022-04-01,Tamil Nadu,33,2595.96,3440.26,2924.95,762.98
2159,2022-04-01,Telangana,36,1271.06,1662.97,1524.18,497.15
2160,2022-04-01,The Dadra And Nagar Haveli And Daman And Diu,38,46.55,59.1,273.83,1.27
2161,2022-04-01,Tripura,16,40.63,53.61,12.04,0.58
2162,2022-04-01,Uttar Pradesh,09,2038.59,2781.78,2542.98,1170.76
2163,2022-04-01,Uttarakhand,05,426.27,584.84,863.93,11.55
2164,2022-04-01,West Bengal,19,1734.28,2155.35,1377.17,377.04
2165,2022-05-01,Andaman And Nicobar Islands,35,8.48,11.66,4.17,0.02
2166,2022-05-01,Andhra Pradesh,28,742.18,972.51,945.11,386.9
2167,2022-05-01,Arunachal Pradesh,12,31.52,41.17,8.82,0.12
2168,2022-05-01,Assam,18,304.76,414.38,300.08,42.96
2169,2022-05-01,Bihar,10,313.8,546.19,149.81,167.77
2170,2022-05-01,Cbic,98,0.0,0.0,140.29,0.0
2171,2022-05-01,Chandigarh,04,32.27,43.39,86.68,4.77
2172,2022-05-01,Chhattisgarh,22,508.34,604.47,938.4,576.21
2173,2022-05-01,Delhi,07,798.73,996.34,2217.87,100.55
2174,2022-05-01,Goa,30,125.94,167.24,163.48,4.13
2175,2022-05-01,Gujarat,24,2634.17,3097.14,3053.15,536.88
2176,2022-05-01,Haryana,06,1106.4,1483.91,3523.21,549.66
2177,2022-05-01,Himachal Pradesh,02,119.49,171.72,447.74,1.89
2178,2022-05-01,Jammu And Kashmir,01,103.41,165.49,93.95,8.79
2179,2022-05-01,Jharkhand,20,443.82,607.97,963.42,452.86
2180,2022-05-01,Karnataka,29,2111.77,2658.02,3408.4,1053.85
2181,2022-05-01,Kerala,32,697.48,952.62,411.4,2.56
2182,2022-05-01,Ladakh,37,4.15,6.66,1.49,0.13
2183,2022-05-01,Lakshadweep,31,0.31,0.33,0.03,0.0
2184,2022-05-01,Madhya Pradesh,23,603.24,833.01,752.36,557.87
2185,2022-05-01,Maharashtra,27,5650.29,6607.17,6530.69,1524.63
2186,2022-05-01,Manipur,14,17.45,25.94,3.86,0.21
2187,2022-05-01,Meghalaya,17,29.89,38.21,103.77,2.59
2188,2022-05-01,Mizoram,15,8.84,14.38,1.77,0.01
2189,2022-05-01,Nagaland,13,14.96,18.55,11.24,4.38
2190,2022-05-01,Odisha,21,978.25,1174.02,1105.51,697.97
2191,2022-05-01,Other Territory,97,10.86,12.3,161.38,0.0
2192,2022-05-01,Puducherry,34,21.84,33.31,125.56,0.41
2193,2022-05-01,Punjab,03,428.02,639.19,725.1,40.58
2194,2022-05-01,Rajasthan,08,953.06,1256.93,1438.99,139.93
2195,2022-05-01,Sikkim,11,17.4,22.85,238.21,0.18
2196,2022-05-01,Tamil Nadu,33,2056.7,2720.28,2488.5,644.37
2197,2022-05-01,Telangana,36,942.49,1244.99,1250.89,543.3
2198,2022-05-01,The Dadra And Nagar Haveli And Daman And Diu,38,43.21,55.26,199.69,2.26
2199,2022-05-01,Tripura,16,23.44,33.84,7.8,0.25
2200,2022-05-01,Uttar Pradesh,09,1494.83,2188.8,1869.99,1116.43
2201,2022-05-01,Uttarakhand,05,257.42,358.22,680.9,12.07
2202,2022-05-01,West Bengal,19,1396.91,1782.84,1322.24,393.8
2203,2022-06-01,Andaman And Nicobar Islands,35,7.9,11.12,3.32,0.02
2204,2022-06-01,Andhra Pradesh,28,739.75,965.12,1026.83,254.81
2205,2022-06-01,Arunachal Pradesh,12,19.55,28.08,10.71,0.18
2206,2022-06-01,Assam,18,288.73,376.74,265.03,41.57
2207,2022-06-01,Bihar,10,314.79,541.69,187.93,187.65
2208,2022-06-01,Cbic,98,0.0,0.0,143.42,0.0
2209,2022-06-01,Chandigarh,04,31.9,44.71,92.04,1.04
2210,2022-06-01,Chhattisgarh,22,533.74,628.26,977.0,635.41
2211,2022-06-01,Delhi,07,852.92,1018.51,2359.73,82.19
2212,2022-06-01,Goa,30,109.79,154.2,160.45,4.2
2213,2022-06-01,Gujarat,24,2454.92,2967.56,3252.83,531.27
2214,2022-06-01,Haryana,06,1141.32,1487.39,3577.48,507.7
2215,2022-06-01,Himachal Pradesh,02,126.5,186.86,377.58,2.2
2216,2022-06-01,Jammu And Kashmir,01,96.38,162.32,103.27,9.86
2217,2022-06-01,Jharkhand,20,408.77,577.79,824.36,504.23
2218,2022-06-01,Karnataka,29,2069.87,2589.9,3241.16,943.96
2219,2022-06-01,Kerala,32,730.7,981.77,442.2,6.23
2220,2022-06-01,Ladakh,37,4.39,6.25,2.56,0.01
2221,2022-06-01,Lakshadweep,31,0.15,0.41,0.08,0.0
2222,2022-06-01,Madhya Pradesh,23,583.13,809.89,808.68,635.66
2223,2022-06-01,Maharashtra,27,6184.24,7409.87,7108.14,1639.17
2224,2022-06-01,Manipur,14,14.62,20.68,3.43,0.06
2225,2022-06-01,Meghalaya,17,25.48,30.62,91.82,4.67
2226,2022-06-01,Mizoram,15,8.71,14.31,2.75,0.08
2227,2022-06-01,Nagaland,13,10.11,13.45,7.74,2.28
2228,2022-06-01,Odisha,21,1063.33,1247.63,847.93,806.39
2229,2022-06-01,Other Territory,97,6.81,9.51,188.97,0.0
2230,2022-06-01,Puducherry,34,24.61,37.94,119.72,0.18
2231,2022-06-01,Punjab,03,394.77,610.42,639.05,38.26
2232,2022-06-01,Rajasthan,08,851.44,1161.85,1201.76,170.91
2233,2022-06-01,Sikkim,11,15.47,20.03,220.79,0.08
2234,2022-06-01,Tamil Nadu,33,2042.37,2682.24,2623.9,678.74
2235,2022-06-01,Telangana,36,932.8,1241.44,1143.25,583.97
2236,2022-06-01,The Dadra And Nagar Haveli And Daman And Diu,38,55.74,67.26,225.55,1.41
2237,2022-06-01,Tripura,16,20.75,28.0,13.84,0.4
2238,2022-06-01,Uttar Pradesh,09,1601.09,2271.78,1785.04,1176.6
2239,2022-06-01,Uttarakhand,05,257.79,369.99,642.75,10.39
2240,2022-06-01,West Bengal,19,1280.52,1630.56,1061.55,358.77
2241,2022-07-01,Andaman And Nicobar Islands,35,8.31,11.47,3.5,0.13
2242,2022-07-01,Andhra Pradesh,28,829.8,1081.57,1170.92,326.67
2243,2022-07-01,Arunachal Pradesh,12,22.58,29.44,13.13,0.26
2244,2022-07-01,Assam,18,294.03,382.34,302.37,61.75
2245,2022-07-01,Bihar,10,336.69,584.56,166.7,175.6
2246,2022-07-01,Cbic,98,0.0,0.0,161.76,0.0
2247,2022-07-01,Chandigarh,04,35.99,48.47,90.78,0.65
2248,2022-07-01,Chhattisgarh,22,540.49,636.53,926.77,591.17
2249,2022-07-01,Delhi,07,875.79,1045.89,2328.36,77.28
2250,2022-07-01,Goa,30,112.94,153.19,162.92,3.44
2251,2022-07-01,Gujarat,24,2527.0,3036.04,3085.08,534.43
2252,2022-07-01,Haryana,06,1152.27,1505.96,3650.84,481.71
2253,2022-07-01,Himachal Pradesh,02,136.82,198.67,407.92,2.26
2254,2022-07-01,Jammu And Kashmir,01,117.96,185.39,118.78,8.82
2255,2022-07-01,Jharkhand,20,444.86,553.78,992.97,522.12
2256,2022-07-01,Karnataka,29,2233.33,2808.12,3543.11,1210.04
2257,2022-07-01,Kerala,32,742.78,1000.18,410.71,7.56
2258,2022-07-01,Ladakh,37,6.93,9.14,3.88,0.04
2259,2022-07-01,Lakshadweep,31,0.7,0.89,0.03,0.0
2260,2022-07-01,Madhya Pradesh,23,661.46,902.21,828.16,574.19
2261,2022-07-01,Maharashtra,27,5524.67,6578.04,8248.54,1777.46
2262,2022-07-01,Manipur,14,16.9,23.74,4.18,0.19
2263,2022-07-01,Meghalaya,17,25.3,31.81,80.12,1.1
2264,2022-07-01,Mizoram,15,9.89,13.72,2.96,0.03
2265,2022-07-01,Nagaland,13,10.86,13.64,12.06,5.09
2266,2022-07-01,Odisha,21,959.04,1111.69,872.98,707.9
2267,2022-07-01,Other Territory,97,6.98,10.47,198.99,0.0
2268,2022-07-01,Puducherry,34,25.27,39.11,133.49,0.52
2269,2022-07-01,Punjab,03,430.97,641.43,626.46,34.6
2270,2022-07-01,Rajasthan,08,934.24,1243.01,1351.15,142.76
2271,2022-07-01,Sikkim,11,15.59,21.98,211.29,0.02
2272,2022-07-01,Tamil Nadu,33,2189.61,2947.07,2643.33,669.3
2273,2022-07-01,Telangana,36,1234.98,1562.39,1275.93,474.16
2274,2022-07-01,The Dadra And Nagar Haveli And Daman And Diu,38,38.5,51.09,222.94,0.99
2275,2022-07-01,Tripura,16,23.83,32.59,6.95,0.1
2276,2022-07-01,Uttar Pradesh,09,1652.9,2257.86,1980.46,1182.8
2277,2022-07-01,Uttarakhand,05,269.02,389.22,722.23,9.43
2278,2022-07-01,West Bengal,19,1301.46,1663.87,1135.51,340.39
2279,2022-08-01,Andaman And Nicobar Islands,35,5.02,8.06,2.65,0.01
2280,2022-08-01,Andhra Pradesh,28,765.97,996.86,1133.78,275.95
2281,2022-08-01,Arunachal Pradesh,12,21.57,28.55,9.02,0.16
2282,2022-08-01,Assam,18,323.19,411.13,269.13,51.72
2283,2022-08-01,Bihar,10,371.52,573.8,181.49,143.79
2284,2022-08-01,Cbic,98,0.0,0.0,205.01,0.0
2285,2022-08-01,Chandigarh,04,35.6,46.48,96.58,0.41
2286,2022-08-01,Chhattisgarh,22,480.02,558.45,869.19,533.96
2287,2022-08-01,Delhi,07,897.52,1045.26,2321.63,84.14
2288,2022-08-01,Goa,30,105.03,139.59,129.56,1.32
2289,2022-08-01,Gujarat,24,2346.33,2818.0,3017.91,502.05
2290,2022-08-01,Haryana,06,1102.8,1466.71,3677.51,524.54
2291,2022-08-01,Himachal Pradesh,02,135.6,183.85,387.2,1.93
2292,2022-08-01,Jammu And Kashmir,01,112.98,178.47,133.96,8.35
2293,2022-08-01,Jharkhand,20,442.67,566.52,1104.19,482.04
2294,2022-08-01,Karnataka,29,2297.13,2840.9,3451.11,993.86
2295,2022-08-01,Kerala,32,706.88,910.94,414.92,2.96
2296,2022-08-01,Ladakh,37,6.55,8.98,3.6,0.03
2297,2022-08-01,Lakshadweep,31,0.15,0.16,0.05,0.0
2298,2022-08-01,Madhya Pradesh,23,615.21,805.1,775.36,618.59
2299,2022-08-01,Maharashtra,27,5211.34,6071.41,6162.5,1417.57
2300,2022-08-01,Manipur,14,12.12,17.54,4.84,0.04
2301,2022-08-01,Meghalaya,17,26.59,31.82,88.18,0.78
2302,2022-08-01,Mizoram,15,10.78,14.29,3.19,0.05
2303,2022-08-01,Nagaland,13,10.79,13.34,10.13,3.46
2304,2022-08-01,Odisha,21,871.95,1019.81,1252.07,740.07
2305,2022-08-01,Other Territory,97,7.26,13.47,202.91,0.0
2306,2022-08-01,Puducherry,34,26.09,37.53,136.45,0.15
2307,2022-08-01,Punjab,03,379.88,573.93,672.14,25.54
2308,2022-08-01,Rajasthan,08,860.14,1123.27,1249.59,108.11
2309,2022-08-01,Sikkim,11,14.11,18.88,213.9,0.01
2310,2022-08-01,Tamil Nadu,33,2240.05,2956.35,2411.6,778.3
2311,2022-08-01,Telangana,36,894.78,1182.75,1269.6,523.89
2312,2022-08-01,The Dadra And Nagar Haveli And Daman And Diu,38,39.3,50.09,220.66,0.93
2313,2022-08-01,Tripura,16,20.58,26.59,8.43,0.22
2314,2022-08-01,Uttar Pradesh,09,1587.81,2136.96,2008.59,1048.01
2315,2022-08-01,Uttarakhand,05,223.87,335.35,527.01,7.98
2316,2022-08-01,West Bengal,19,1500.93,1739.51,1089.35,269.75
2317,2022-09-01,Andaman And Nicobar Islands,35,13.32,15.81,3.67,0.31
2318,2022-09-01,Andhra Pradesh,28,758.91,987.76,1106.97,277.88
2319,2022-09-01,Arunachal Pradesh,12,21.55,32.55,9.63,0.18
2320,2022-09-01,Assam,18,334.97,424.41,362.08,35.37
2321,2022-09-01,Bihar,10,341.37,554.05,382.82,187.69
2322,2022-09-01,Cbic,98,0.0,0.0,182.12,0.0
2323,2022-09-01,Chandigarh,04,42.38,56.07,106.61,1.01
2324,2022-09-01,Chhattisgarh,22,434.54,504.73,841.15,488.71
2325,2022-09-01,Delhi,07,1031.64,1187.2,2447.73,74.8
2326,2022-09-01,Goa,30,119.79,158.79,148.51,2.39
2327,2022-09-01,Gujarat,24,2329.4,2808.04,3356.73,525.89
2328,2022-09-01,Haryana,06,1065.74,1383.34,4444.38,509.53
2329,2022-09-01,Himachal Pradesh,02,127.55,183.09,400.85,0.99
2330,2022-09-01,Jammu And Kashmir,01,106.75,172.95,141.95,6.12
2331,2022-09-01,Jharkhand,20,442.79,580.78,1035.93,403.2
2332,2022-09-01,Karnataka,29,2230.65,2778.74,3706.5,1044.58
2333,2022-09-01,Kerala,32,767.25,1015.12,460.25,3.35
2334,2022-09-01,Ladakh,37,6.76,8.76,3.79,0.0
2335,2022-09-01,Lakshadweep,31,1.4,1.41,0.11,0.0
2336,2022-09-01,Madhya Pradesh,23,599.53,769.13,753.42,589.1
2337,2022-09-01,Maharashtra,27,5794.85,6803.36,7247.78,1556.84
2338,2022-09-01,Manipur,14,14.24,18.94,5.26,0.03
2339,2022-09-01,Meghalaya,17,30.61,36.13,93.49,0.85
2340,2022-09-01,Mizoram,15,9.13,12.0,2.76,0.04
2341,2022-09-01,Nagaland,13,17.3,21.17,7.96,2.68
2342,2022-09-01,Odisha,21,770.86,938.18,1337.61,718.52
2343,2022-09-01,Other Territory,97,7.63,12.86,181.67,0.01
2344,2022-09-01,Puducherry,34,25.7,39.69,122.22,0.82
2345,2022-09-01,Punjab,03,392.67,597.88,691.23,28.31
2346,2022-09-01,Rajasthan,08,861.06,1141.36,1189.66,114.44
2347,2022-09-01,Sikkim,11,14.68,20.5,249.51,0.05
2348,2022-09-01,Tamil Nadu,33,2251.22,2965.31,2782.02,638.16
2349,2022-09-01,Telangana,36,975.62,1289.17,1139.9,510.06
2350,2022-09-01,The Dadra And Nagar Haveli And Daman And Diu,38,38.68,47.51,225.28,0.48
2351,2022-09-01,Tripura,16,24.12,31.5,8.93,0.22
2352,2022-09-01,Uttar Pradesh,09,1539.94,2073.87,2222.74,1167.77
2353,2022-09-01,Uttarakhand,05,237.84,362.87,688.88,10.78
2354,2022-09-01,West Bengal,19,1488.67,1778.42,1156.85,380.39
2355,2022-10-01,Andaman And Nicobar Islands,35,7.9,11.05,4.45,0.01
2356,2022-10-01,Andhra Pradesh,28,793.83,1049.08,1421.34,315.04
2357,2022-10-01,Arunachal Pradesh,12,22.76,29.28,12.57,0.22
2358,2022-10-01,Assam,18,323.26,424.73,425.01,70.95
2359,2022-10-01,Bihar,10,328.06,542.11,302.52,171.48
2360,2022-10-01,Cbic,98,0.0,0.0,140.19,0.0
2361,2022-10-01,Chandigarh,04,40.28,51.2,109.59,1.43
2362,2022-10-01,Chhattisgarh,22,478.98,565.2,834.59,449.61
2363,2022-10-01,Delhi,07,920.54,1127.58,2537.85,84.47
2364,2022-10-01,Goa,30,112.31,154.31,149.6,3.34
2365,2022-10-01,Gujarat,24,2451.32,3015.26,3461.02,541.47
2366,2022-10-01,Haryana,06,1190.42,1611.92,4332.7,526.53
2367,2022-10-01,Himachal Pradesh,02,133.0,190.77,457.53,2.74
2368,2022-10-01,Jammu And Kashmir,01,114.89,179.99,126.07,4.36
2369,2022-10-01,Jharkhand,20,507.23,668.79,942.51,381.3
2370,2022-10-01,Karnataka,29,2342.9,2968.77,4453.47,1231.2
2371,2022-10-01,Kerala,32,777.96,1002.27,695.68,9.17
2372,2022-10-01,Ladakh,37,11.25,18.27,3.82,0.11
2373,2022-10-01,Lakshadweep,31,0.47,1.03,0.85,0.0
2374,2022-10-01,Madhya Pradesh,23,634.98,840.68,900.19,544.34
2375,2022-10-01,Maharashtra,27,5761.79,6827.22,8805.38,1642.86
2376,2022-10-01,Manipur,14,18.56,23.33,7.47,0.14
2377,2022-10-01,Meghalaya,17,34.54,38.28,89.59,1.46
2378,2022-10-01,Mizoram,15,8.58,11.88,3.99,0.02
2379,2022-10-01,Nagaland,13,14.2,16.27,11.44,1.36
2380,2022-10-01,Odisha,21,856.48,1058.48,1139.59,714.89
2381,2022-10-01,Other Territory,97,13.73,19.49,194.17,0.0
2382,2022-10-01,Puducherry,34,25.38,38.32,139.38,0.63
2383,2022-10-01,Punjab,03,405.42,610.62,714.47,29.3
2384,2022-10-01,Rajasthan,08,915.86,1235.12,1493.92,116.13
2385,2022-10-01,Sikkim,11,21.56,26.35,217.27,0.02
2386,2022-10-01,Tamil Nadu,33,2328.64,3124.26,3366.18,720.62
2387,2022-10-01,Telangana,36,990.42,1353.92,1413.3,526.39
2388,2022-10-01,The Dadra And Nagar Haveli And Daman And Diu,38,37.65,50.88,190.11,0.26
2389,2022-10-01,Tripura,16,27.66,36.06,12.05,0.45
2390,2022-10-01,Uttar Pradesh,09,1530.5,2136.75,2944.71,1226.76
2391,2022-10-01,Uttarakhand,05,280.59,404.58,918.38,9.06
2392,2022-10-01,West Bengal,19,1575.46,1931.53,1507.6,352.11
2393,2022-11-01,Andaman And Nicobar Islands,35,8.12,10.54,3.89,0.03
2394,2022-11-01,Andhra Pradesh,28,741.27,978.05,1127.12,287.11
2395,2022-11-01,Arunachal Pradesh,12,22.34,29.12,10.81,0.13
2396,2022-11-01,Assam,18,302.46,391.7,343.61,42.72
2397,2022-11-01,Bihar,10,378.25,605.03,163.53,169.78
2398,2022-11-01,Cbic,98,0.0,0.0,153.59,0.0
2399,2022-11-01,Chandigarh,04,35.03,49.97,89.35,0.8
2400,2022-11-01,Chhattisgarh,22,462.02,552.64,910.16,523.65
2401,2022-11-01,Delhi,07,930.95,1127.43,2429.53,77.66
2402,2022-11-01,Goa,30,120.32,160.92,163.37,2.73
2403,2022-11-01,Gujarat,24,2583.1,3109.07,3056.62,584.61
2404,2022-11-01,Haryana,06,1045.69,1395.03,3880.31,448.2
2405,2022-11-01,Himachal Pradesh,02,141.84,206.79,322.52,1.22
2406,2022-11-01,Jammu And Kashmir,01,129.45,194.92,102.13,3.07
2407,2022-11-01,Jharkhand,20,442.81,617.62,1064.19,426.19
2408,2022-11-01,Karnataka,29,2241.31,2861.04,3958.75,1177.36
2409,2022-11-01,Kerala,32,761.22,989.25,337.56,6.05
2410,2022-11-01,Ladakh,37,17.84,29.26,2.76,0.09
2411,2022-11-01,Lakshadweep,31,0.13,0.18,0.17,0.0
2412,2022-11-01,Madhya Pradesh,23,706.66,916.86,707.39,558.81
2413,2022-11-01,Maharashtra,27,5828.63,6780.17,7289.38,1712.33
2414,2022-11-01,Manipur,14,16.76,24.6,9.04,0.04
2415,2022-11-01,Meghalaya,17,27.44,33.28,100.03,1.05
2416,2022-11-01,Mizoram,15,8.35,12.11,3.32,0.01
2417,2022-11-01,Nagaland,13,10.3,13.27,8.08,1.85
2418,2022-11-01,Odisha,21,845.79,1014.82,1577.15,724.5
2419,2022-11-01,Other Territory,97,9.49,16.94,157.25,0.0
2420,2022-11-01,Puducherry,34,24.05,37.59,147.29,0.43
2421,2022-11-01,Punjab,03,394.48,645.91,610.61,18.23
2422,2022-11-01,Rajasthan,08,996.05,1314.23,1183.48,124.68
2423,2022-11-01,Sikkim,11,17.8,22.7,168.79,0.13
2424,2022-11-01,Tamil Nadu,33,2252.19,2966.23,2655.55,677.47
2425,2022-11-01,Telangana,36,1030.6,1388.3,1286.6,522.54
2426,2022-11-01,The Dadra And Nagar Haveli And Daman And Diu,38,36.13,46.26,221.22,0.93
2427,2022-11-01,Tripura,16,22.64,29.59,7.11,0.27
2428,2022-11-01,Uttar Pradesh,09,1533.66,2076.16,2444.21,1200.45
2429,2022-11-01,Uttarakhand,05,243.52,387.54,639.08,9.89
2430,2022-11-01,West Bengal,19,1312.8,1615.48,1132.22,310.96
2431,2022-12-01,Andaman And Nicobar Islands,35,7.23,10.66,3.08,0.07
2432,2022-12-01,Andhra Pradesh,28,756.99,972.23,1162.86,290.33
2433,2022-12-01,Arunachal Pradesh,12,24.61,32.32,10.26,0.03
2434,2022-12-01,Assam,18,324.05,405.78,366.37,53.86
2435,2022-12-01,Bihar,10,358.84,592.73,169.85,187.8
2436,2022-12-01,Cbic,98,0.0,0.0,178.63,0.0
2437,2022-12-01,Chandigarh,04,37.37,50.02,129.82,0.39
2438,2022-12-01,Chhattisgarh,22,512.0,588.23,897.89,587.24
2439,2022-12-01,Delhi,07,859.02,1040.19,2420.66,80.85
2440,2022-12-01,Goa,30,125.81,162.79,168.83,2.71
2441,2022-12-01,Gujarat,24,2574.07,3067.59,2971.47,625.19
2442,2022-12-01,Haryana,06,1032.62,1371.52,3758.63,515.21
2443,2022-12-01,Himachal Pradesh,02,129.96,183.35,394.39,0.63
2444,2022-12-01,Jammu And Kashmir,01,125.12,185.86,97.18,1.44
2445,2022-12-01,Jharkhand,20,473.71,615.0,951.43,495.54
2446,2022-12-01,Karnataka,29,2374.13,2950.47,3607.08,1128.89
2447,2022-12-01,Kerala,32,752.52,1005.39,417.15,10.28
2448,2022-12-01,Ladakh,37,9.96,12.68,2.79,0.08
2449,2022-12-01,Lakshadweep,31,0.41,0.45,0.06,0.0
2450,2022-12-01,Madhya Pradesh,23,733.4,911.41,824.79,608.95
2451,2022-12-01,Maharashtra,27,6472.84,7519.13,7894.07,1712.07
2452,2022-12-01,Manipur,14,16.16,25.39,4.08,0.03
2453,2022-12-01,Meghalaya,17,32.47,40.99,96.41,1.51
2454,2022-12-01,Mizoram,15,7.66,12.94,2.11,0.04
2455,2022-12-01,Nagaland,13,14.73,20.09,6.4,2.49
2456,2022-12-01,Odisha,21,856.46,1033.36,1212.43,752.04
2457,2022-12-01,Other Territory,97,14.31,20.54,214.15,0.0
2458,2022-12-01,Puducherry,34,23.78,35.7,131.65,0.58
2459,2022-12-01,Punjab,03,430.71,616.71,672.17,14.65
2460,2022-12-01,Rajasthan,08,1043.89,1336.98,1302.59,105.36
2461,2022-12-01,Sikkim,11,15.58,19.67,255.01,0.05
2462,2022-12-01,Tamil Nadu,33,2225.1,2854.59,2599.97,644.59
2463,2022-12-01,Telangana,36,1052.69,1361.11,1214.74,549.36
2464,2022-12-01,The Dadra And Nagar Haveli And Daman And Diu,38,42.98,51.43,223.03,0.1
2465,2022-12-01,Tripura,16,30.81,38.72,8.15,0.04
2466,2022-12-01,Uttar Pradesh,09,1587.5,2174.1,2036.29,1380.51
2467,2022-12-01,Uttarakhand,05,250.66,375.65,616.83,9.36
2468,2022-12-01,West Bengal,19,1380.44,1661.28,1148.25,392.84
2469,2023-01-01,Andaman And Nicobar Islands,35,9.76,16.24,5.5,0.05
2470,2023-01-01,Andhra Pradesh,28,840.83,1133.24,1277.88,182.71
2471,2023-01-01,Arunachal Pradesh,12,29.79,38.8,12.28,0.11
2472,2023-01-01,Assam,18,353.03,484.5,342.71,65.51
2473,2023-01-01,Bihar,10,427.89,702.78,161.84,161.26
2474,2023-01-01,Cbic,98,0.0,0.0,173.21,0.0
2475,2023-01-01,Chandigarh,04,45.77,75.28,104.27,8.37
2476,2023-01-01,Chhattisgarh,22,572.17,680.9,871.48,670.91
2477,2023-01-01,Delhi,07,996.45,1248.21,2534.77,102.98
2478,2023-01-01,Goa,30,158.29,214.46,212.02,4.82
2479,2023-01-01,Gujarat,24,2768.12,3328.03,3262.0,650.48
2480,2023-01-01,Haryana,06,1183.41,1559.12,4681.0,506.4
2481,2023-01-01,Himachal Pradesh,02,150.15,218.31,394.33,2.33
2482,2023-01-01,Jammu And Kashmir,01,148.56,234.33,87.9,3.61
2483,2023-01-01,Jharkhand,20,549.34,714.53,1136.28,532.22
2484,2023-01-01,Karnataka,29,2641.77,3282.91,4374.15,1023.19
2485,2023-01-01,Kerala,32,879.32,1184.35,490.13,16.6
2486,2023-01-01,Ladakh,37,17.06,23.87,5.09,0.07
2487,2023-01-01,Lakshadweep,31,0.59,0.62,0.97,0.0
2488,2023-01-01,Madhya Pradesh,23,816.84,1029.33,907.28,594.31
2489,2023-01-01,Maharashtra,27,6454.59,7420.48,8831.81,1805.72
2490,2023-01-01,Manipur,14,24.94,37.08,4.49,0.54
2491,2023-01-01,Meghalaya,17,40.86,52.32,92.17,1.87
2492,2023-01-01,Mizoram,15,14.33,26.28,2.91,0.16
2493,2023-01-01,Nagaland,13,19.27,23.29,9.18,3.45
2494,2023-01-01,Odisha,21,1056.42,1260.34,1163.66,775.17
2495,2023-01-01,Other Territory,97,11.65,16.81,213.19,0.0
2496,2023-01-01,Puducherry,34,26.99,42.24,148.15,2.82
2497,2023-01-01,Punjab,03,440.95,714.18,612.46,28.1
2498,2023-01-01,Rajasthan,08,1135.72,1483.88,1418.04,116.8
2499,2023-01-01,Sikkim,11,18.75,24.93,240.14,0.18
2500,2023-01-01,Tamil Nadu,33,2365.18,3110.61,2755.18,578.23
2501,2023-01-01,Telangana,36,1159.52,1576.56,1427.89,577.04
2502,2023-01-01,The Dadra And Nagar Haveli And Daman And Diu,38,39.08,49.56,222.95,1.22
2503,2023-01-01,Tripura,16,31.63,39.92,9.11,0.31
2504,2023-01-01,Uttar Pradesh,09,1802.4,2522.01,2339.76,1091.22
2505,2023-01-01,Uttarakhand,05,291.87,412.56,795.47,11.04
2506,2023-01-01,West Bengal,19,1527.82,1863.85,1239.4,343.61
2507,2023-02-01,Andaman And Nicobar Islands,35,11.23,15.35,3.99,0.12
2508,2023-02-01,Andhra Pradesh,28,792.12,1030.71,1249.36,485.15
2509,2023-02-01,Arunachal Pradesh,12,29.07,39.71,9.09,0.15
2510,2023-02-01,Assam,18,334.16,424.74,283.85,67.78
2511,2023-02-01,Bihar,10,444.99,668.09,191.3,194.94
2512,2023-02-01,Cbic,98,0.0,0.0,153.67,0.0
2513,2023-02-01,Chandigarh,04,39.16,50.81,97.32,0.44
2514,2023-02-01,Chhattisgarh,22,539.96,657.77,1122.82,688.71
2515,2023-02-01,Delhi,07,899.5,1088.49,2690.04,91.02
2516,2023-02-01,Goa,30,140.62,180.31,168.32,3.31
2517,2023-02-01,Gujarat,24,2658.26,3215.75,3034.4,665.87
2518,2023-02-01,Haryana,06,1161.38,1564.05,4075.09,509.06
2519,2023-02-01,Himachal Pradesh,02,150.59,200.61,338.65,0.9
2520,2023-02-01,Jammu And Kashmir,01,143.46,199.82,88.53,2.42
2521,2023-02-01,Jharkhand,20,562.3,757.06,1098.22,544.22
2522,2023-02-01,Karnataka,29,2451.55,3042.81,3940.93,1373.87
2523,2023-02-01,Kerala,32,807.48,1051.55,464.58,2.07
2524,2023-02-01,Ladakh,37,9.78,12.58,1.82,0.04
2525,2023-02-01,Lakshadweep,31,1.33,1.37,0.29,0.0
2526,2023-02-01,Madhya Pradesh,23,792.85,973.62,818.25,649.82
2527,2023-02-01,Maharashtra,27,6204.49,7319.61,7072.0,1753.31
2528,2023-02-01,Manipur,14,23.59,34.77,5.33,0.03
2529,2023-02-01,Meghalaya,17,33.39,43.86,111.15,0.87
2530,2023-02-01,Mizoram,15,20.92,33.01,3.62,0.03
2531,2023-02-01,Nagaland,13,13.66,21.89,13.01,5.11
2532,2023-02-01,Odisha,21,1012.89,1205.89,1508.96,791.61
2533,2023-02-01,Other Territory,97,5.75,13.49,191.51,0.0
2534,2023-02-01,Puducherry,34,26.44,39.72,121.94,0.04
2535,2023-02-01,Punjab,03,394.03,589.44,648.72,18.78
2536,2023-02-01,Rajasthan,08,1019.07,1260.3,1559.16,101.99
2537,2023-02-01,Sikkim,11,21.61,27.33,216.04,0.06
2538,2023-02-01,Tamil Nadu,33,2346.19,3161.86,2581.5,684.37
2539,2023-02-01,Telangana,36,1088.63,1429.93,1306.85,598.52
2540,2023-02-01,The Dadra And Nagar Haveli And Daman And Diu,38,40.65,52.24,190.07,0.39
2541,2023-02-01,Tripura,16,30.22,39.2,9.74,0.15
2542,2023-02-01,Uttar Pradesh,09,1645.73,2280.25,2033.08,1471.94
2543,2023-02-01,Uttarakhand,05,261.42,384.24,749.66,10.04
2544,2023-02-01,West Bengal,19,1503.7,1803.19,1226.98,421.55
2545,2023-03-01,Andaman And Nicobar Islands,35,14.05,18.57,4.59,0.16
2546,2023-03-01,Andhra Pradesh,28,820.2,1080.18,1301.15,330.31
2547,2023-03-01,Arunachal Pradesh,12,59.8,71.97,12.23,0.44
2548,2023-03-01,Assam,18,388.43,486.32,345.59,59.99
2549,2023-03-01,Bihar,10,480.13,865.22,209.13,189.61
2550,2023-03-01,Cbic,98,0.0,0.0,142.15,0.0
2551,2023-03-01,Chandigarh,04,40.36,51.67,109.59,0.67
2552,2023-03-01,Chhattisgarh,22,590.21,723.72,1066.31,636.47
2553,2023-03-01,Delhi,07,935.59,1115.01,2686.29,103.31
2554,2023-03-01,Goa,30,143.75,188.93,178.56,3.35
2555,2023-03-01,Gujarat,24,2774.52,3437.6,3219.06,487.66
2556,2023-03-01,Haryana,06,1229.63,1595.9,4498.75,455.84
2557,2023-03-01,Himachal Pradesh,02,151.27,196.33,390.6,1.17
2558,2023-03-01,Jammu And Kashmir,01,157.21,216.7,97.93,4.95
2559,2023-03-01,Jharkhand,20,588.13,779.68,1213.5,502.11
2560,2023-03-01,Karnataka,29,2594.2,3127.52,3562.23,1076.14
2561,2023-03-01,Kerala,32,810.65,1064.15,476.1,3.01
2562,2023-03-01,Ladakh,37,8.68,11.49,2.36,0.09
2563,2023-03-01,Lakshadweep,31,1.22,1.27,0.22,0.0
2564,2023-03-01,Madhya Pradesh,23,830.32,1043.19,908.88,563.9
2565,2023-03-01,Maharashtra,27,6486.49,7622.28,6952.14,1634.0
2566,2023-03-01,Manipur,14,24.79,32.94,6.89,0.61
2567,2023-03-01,Meghalaya,17,41.46,53.68,106.03,0.59
2568,2023-03-01,Mizoram,15,26.18,40.36,3.69,0.06
2569,2023-03-01,Nagaland,13,16.88,24.57,9.91,6.3
2570,2023-03-01,Odisha,21,1146.15,1432.38,1447.91,722.58
2571,2023-03-01,Other Territory,97,24.39,36.22,188.07,0.0
2572,2023-03-01,Puducherry,34,25.14,36.84,140.66,1.19
2573,2023-03-01,Punjab,03,435.12,637.58,629.09,33.05
2574,2023-03-01,Rajasthan,08,1104.17,1409.02,1536.58,104.49
2575,2023-03-01,Sikkim,11,19.62,27.89,214.86,0.05
2576,2023-03-01,Tamil Nadu,33,2467.74,3424.06,2779.24,574.12
2577,2023-03-01,Telangana,36,1267.97,1583.09,1378.89,574.19
2578,2023-03-01,The Dadra And Nagar Haveli And Daman And Diu,38,44.18,56.66,207.91,0.34
2579,2023-03-01,Tripura,16,36.33,45.02,9.03,0.05
2580,2023-03-01,Uttar Pradesh,09,1793.78,2465.8,2351.29,1002.59
2581,2023-03-01,Uttarakhand,05,314.96,422.11,774.12,11.99
2582,2023-03-01,West Bengal,19,1651.82,1888.56,1242.36,309.64
2583,2023-04-01,Andaman And Nicobar Islands,35,39.41,46.41,6.02,0.09
2584,2023-04-01,Andhra Pradesh,28,1059.28,1348.09,1667.68,254.33
2585,2023-04-01,Arunachal Pradesh,12,100.84,122.08,15.12,0.33
2586,2023-04-01,Assam,18,480.53,607.72,360.27,64.29
2587,2023-04-01,Bihar,10,495.98,796.14,209.28,123.81
2588,2023-04-01,Cbic,98,0.0,0.0,186.81,0.0
2589,2023-04-01,Chandigarh,04,46.5,62.83,143.44,1.83
2590,2023-04-01,Chhattisgarh,22,757.91,879.53,1183.14,687.46
2591,2023-04-01,Delhi,07,1358.48,1637.88,3240.97,83.05
2592,2023-04-01,Goa,30,177.24,236.84,201.01,4.51
2593,2023-04-01,Gujarat,24,3436.53,4064.5,3555.91,664.43
2594,2023-04-01,Haryana,06,1424.32,1871.45,6228.45,511.19
2595,2023-04-01,Himachal Pradesh,02,213.6,301.06,439.84,2.24
2596,2023-04-01,Jammu And Kashmir,01,285.02,394.05,116.08,8.33
2597,2023-04-01,Jharkhand,20,707.01,951.5,1450.81,591.91
2598,2023-04-01,Karnataka,29,3578.49,4298.32,5277.34,1439.14
2599,2023-04-01,Kerala,32,1023.57,1365.59,607.29,13.57
2600,2023-04-01,Ladakh,37,28.26,33.51,5.81,0.04
2601,2023-04-01,Lakshadweep,31,0.91,1.07,0.84,0.0
2602,2023-04-01,Madhya Pradesh,23,1004.45,1286.62,1322.22,653.75
2603,2023-04-01,Maharashtra,27,9002.02,10391.91,11917.68,1884.15
2604,2023-04-01,Manipur,14,34.27,49.85,6.32,0.28
2605,2023-04-01,Meghalaya,17,51.14,69.48,116.72,2.08
2606,2023-04-01,Mizoram,15,25.38,40.78,4.7,0.07
2607,2023-04-01,Nagaland,13,27.97,35.65,15.33,9.15
2608,2023-04-01,Odisha,21,1400.05,1659.57,1195.53,780.59
2609,2023-04-01,Other Territory,97,12.75,21.73,185.26,0.0
2610,2023-04-01,Puducherry,34,28.07,42.41,147.32,0.19
2611,2023-04-01,Punjab,03,594.65,860.42,816.16,45.02
2612,2023-04-01,Rajasthan,08,1372.32,1741.02,1525.78,146.23
2613,2023-04-01,Sikkim,11,78.76,110.17,236.94,0.12
2614,2023-04-01,Tamil Nadu,33,3157.72,3682.12,3821.2,897.78
2615,2023-04-01,Telangana,36,1417.89,1822.98,1838.37,543.14
2616,2023-04-01,The Dadra And Nagar Haveli And Daman And Diu,38,46.0,61.59,290.42,0.86
2617,2023-04-01,Tripura,16,49.43,69.95,13.53,0.47
2618,2023-04-01,Uttar Pradesh,09,2586.68,3476.02,2987.57,1270.18
2619,2023-04-01,Uttarakhand,05,387.32,554.33,1191.84,14.94
2620,2023-04-01,West Bengal,19,1949.47,2416.36,1657.01,424.4
2621,2023-05-01,Andaman And Nicobar Islands,35,11.82,15.15,3.3,0.64
2622,2023-05-01,Andhra Pradesh,28,801.16,1048.17,1210.76,313.11
2623,2023-05-01,Arunachal Pradesh,12,49.56,60.13,10.36,0.24
2624,2023-05-01,Assam,18,356.19,487.5,322.41,51.05
2625,2023-05-01,Bihar,10,365.17,623.01,175.35,202.36
2626,2023-05-01,Cbic,98,0.0,0.0,187.46,0.0
2627,2023-05-01,Chandigarh,04,36.95,48.26,171.78,2.37
2628,2023-05-01,Chhattisgarh,22,471.03,582.57,821.4,649.79
2629,2023-05-01,Delhi,07,1117.48,1295.06,2622.68,112.22
2630,2023-05-01,Goa,30,136.32,182.47,200.55,3.49
2631,2023-05-01,Gujarat,24,2729.13,3371.18,3025.07,674.5
2632,2023-05-01,Haryana,06,1227.5,1543.74,4053.2,425.5
2633,2023-05-01,Himachal Pradesh,02,138.72,188.75,499.13,1.85
2634,2023-05-01,Jammu And Kashmir,01,114.27,178.17,119.75,9.65
2635,2023-05-01,Jharkhand,20,434.03,653.44,904.45,592.44
2636,2023-05-01,Karnataka,29,2462.85,3022.24,3582.08,1249.57
2637,2023-05-01,Kerala,32,802.24,1040.19,451.68,3.32
2638,2023-05-01,Ladakh,37,11.12,13.72,1.53,0.05
2639,2023-05-01,Lakshadweep,31,0.07,0.09,1.92,0.0
2640,2023-05-01,Madhya Pradesh,23,764.11,987.45,947.92,681.89
2641,2023-05-01,Maharashtra,27,6480.71,7620.58,7620.23,1814.91
2642,2023-05-01,Manipur,14,13.33,23.45,2.45,0.2
2643,2023-05-01,Meghalaya,17,42.55,55.6,113.41,2.74
2644,2023-05-01,Mizoram,15,13.72,20.89,3.38,0.03
2645,2023-05-01,Nagaland,13,15.44,21.15,10.76,4.64
2646,2023-05-01,Odisha,21,1029.25,1254.92,1337.55,776.01
2647,2023-05-01,Other Territory,97,8.86,15.86,175.97,0.0
2648,2023-05-01,Puducherry,34,23.75,36.04,142.41,0.1
2649,2023-05-01,Punjab,03,406.31,638.02,663.11,37.04
2650,2023-05-01,Rajasthan,08,1077.56,1385.88,1337.91,122.23
2651,2023-05-01,Sikkim,11,25.83,30.59,277.96,0.04
2652,2023-05-01,Tamil Nadu,33,2398.49,3101.15,2783.83,669.3
2653,2023-05-01,Telangana,36,1104.21,1448.15,1391.22,563.02
2654,2023-05-01,The Dadra And Nagar Haveli And Daman And Diu,38,35.85,47.04,239.82,1.3
2655,2023-05-01,Tripura,16,27.76,39.55,7.04,0.32
2656,2023-05-01,Uttar Pradesh,09,1744.59,2383.89,2270.8,1069.08
2657,2023-05-01,Uttarakhand,05,307.4,411.49,702.97,9.32
2658,2023-05-01,West Bengal,19,1625.34,1952.4,1197.47,387.08
2659,2023-06-01,Andaman And Nicobar Islands,35,11.49,16.21,8.15,0.13
2660,2023-06-01,Andhra Pradesh,28,943.38,1187.64,1120.49,225.91
2661,2023-06-01,Arunachal Pradesh,12,35.46,46.61,8.49,0.05
2662,2023-06-01,Assam,18,390.44,471.72,294.57,56.32
2663,2023-06-01,Bihar,10,419.22,653.73,179.64,184.47
2664,2023-06-01,Cbic,98,0.0,0.0,179.62,0.0
2665,2023-06-01,Chandigarh,04,50.51,64.25,111.55,0.76
2666,2023-06-01,Chhattisgarh,22,606.55,706.2,1030.82,668.47
2667,2023-06-01,Delhi,07,990.07,1161.86,2489.68,102.51
2668,2023-06-01,Goa,30,139.11,178.46,158.63,4.24
2669,2023-06-01,Gujarat,24,2808.4,3500.3,3134.63,676.38
2670,2023-06-01,Haryana,06,1329.12,1694.81,4427.96,536.3
2671,2023-06-01,Himachal Pradesh,02,165.04,225.72,446.91,2.94
2672,2023-06-01,Jammu And Kashmir,01,194.37,256.92,125.42,11.97
2673,2023-06-01,Jharkhand,20,524.08,696.62,1036.28,573.23
2674,2023-06-01,Karnataka,29,2568.52,3098.19,4143.6,1382.89
2675,2023-06-01,Kerala,32,1029.68,1284.25,407.81,3.35
2676,2023-06-01,Ladakh,37,5.5,6.72,2.34,0.0
2677,2023-06-01,Lakshadweep,31,10.51,10.59,0.76,0.0
2678,2023-06-01,Madhya Pradesh,23,820.65,1037.27,889.85,637.44
2679,2023-06-01,Maharashtra,27,7381.73,8453.56,8436.17,1827.32
2680,2023-06-01,Manipur,14,25.0,31.53,3.83,0.0
2681,2023-06-01,Meghalaya,17,36.79,44.02,111.31,2.03
2682,2023-06-01,Mizoram,15,19.64,31.45,4.23,0.05
2683,2023-06-01,Nagaland,13,30.69,33.84,10.47,4.2
2684,2023-06-01,Odisha,21,1130.14,1322.65,1122.39,804.79
2685,2023-06-01,Other Territory,97,16.14,24.68,186.59,0.0
2686,2023-06-01,Puducherry,34,25.96,41.11,143.1,0.21
2687,2023-06-01,Punjab,03,505.12,726.45,694.14,40.22
2688,2023-06-01,Rajasthan,08,1100.47,1394.85,1271.81,124.87
2689,2023-06-01,Sikkim,11,20.7,25.27,241.49,0.05
2690,2023-06-01,Tamil Nadu,33,2574.6,3253.75,3052.98,719.31
2691,2023-06-01,Telangana,36,1242.12,1575.13,1326.67,537.47
2692,2023-06-01,The Dadra And Nagar Haveli And Daman And Diu,38,41.21,52.59,245.16,1.06
2693,2023-06-01,Tripura,16,29.19,38.54,7.35,0.08
2694,2023-06-01,Uttar Pradesh,09,1869.7,2562.73,2308.25,1363.47
2695,2023-06-01,Uttarakhand,05,327.37,438.6,745.08,11.5
2696,2023-06-01,West Bengal,19,1594.03,1943.64,1148.19,368.01
2697,2023-07-01,Andaman And Nicobar Islands,35,7.41,11.18,12.11,0.1
2698,2023-07-01,Andhra Pradesh,28,899.4,1198.61,1254.72,240.68
2699,2023-07-01,Arunachal Pradesh,12,28.3,37.08,8.25,0.06
2700,2023-07-01,Assam,18,360.69,450.52,299.65,71.9
2701,2023-07-01,Bihar,10,410.38,717.86,181.51,178.06
2702,2023-07-01,Cbic,98,0.0,0.0,209.19,0.0
2703,2023-07-01,Chandigarh,04,41.23,56.72,118.26,0.86
2704,2023-07-01,Chhattisgarh,22,516.0,627.31,1017.76,643.51
2705,2023-07-01,Delhi,07,1029.98,1221.42,3053.18,100.8
2706,2023-07-01,Goa,30,131.03,173.21,219.81,3.68
2707,2023-07-01,Gujarat,24,2679.04,3292.7,3184.55,631.04
2708,2023-07-01,Haryana,06,1222.74,1609.86,4571.32,549.03
2709,2023-07-01,Himachal Pradesh,02,162.58,232.94,518.77,2.56
2710,2023-07-01,Jammu And Kashmir,01,162.69,234.0,141.35,10.98
2711,2023-07-01,Jharkhand,20,538.84,721.04,1016.77,581.9
2712,2023-07-01,Karnataka,29,2574.96,3181.08,4300.3,1449.12
2713,2023-07-01,Kerala,32,846.91,1093.31,438.67,2.34
2714,2023-07-01,Ladakh,37,8.47,11.0,3.1,0.03
2715,2023-07-01,Lakshadweep,31,0.67,1.5,0.18,0.0
2716,2023-07-01,Madhya Pradesh,23,794.89,1044.94,900.37,584.85
2717,2023-07-01,Maharashtra,27,6795.84,7957.64,9499.49,1811.06
2718,2023-07-01,Manipur,14,15.65,22.53,3.82,0.04
2719,2023-07-01,Meghalaya,17,44.42,50.42,80.23,0.29
2720,2023-07-01,Mizoram,15,14.07,22.03,2.97,0.07
2721,2023-07-01,Nagaland,13,13.83,18.19,7.99,2.94
2722,2023-07-01,Odisha,21,1096.55,1300.33,1094.59,753.93
2723,2023-07-01,Other Territory,97,10.64,19.34,195.68,0.0
2724,2023-07-01,Puducherry,34,27.18,41.35,146.75,0.27
2725,2023-07-01,Punjab,03,489.38,727.31,739.82,43.9
2726,2023-07-01,Rajasthan,08,1088.63,1380.13,1408.09,111.14
2727,2023-07-01,Sikkim,11,21.94,29.51,262.42,0.1
2728,2023-07-01,Tamil Nadu,33,2568.41,3300.0,3377.73,775.72
2729,2023-07-01,Telangana,36,1210.5,1623.48,1453.15,561.91
2730,2023-07-01,The Dadra And Nagar Haveli And Daman And Diu,38,44.48,56.17,253.21,0.28
2731,2023-07-01,Tripura,16,31.03,39.53,6.97,0.57
2732,2023-07-01,Uttar Pradesh,09,1995.75,2750.54,2608.52,1447.22
2733,2023-07-01,Uttarakhand,05,318.28,415.18,863.17,10.49
2734,2023-07-01,West Bengal,19,1570.54,1952.69,1236.96,367.65
2735,2023-08-01,Andaman And Nicobar Islands,35,6.9,10.18,4.12,0.03
2736,2023-08-01,Andhra Pradesh,28,860.78,1122.3,1196.49,299.15
2737,2023-08-01,Arunachal Pradesh,12,30.8,39.7,11.88,0.04
2738,2023-08-01,Assam,18,350.41,440.19,305.5,51.43
2739,2023-08-01,Bihar,10,395.43,653.58,175.97,153.8
2740,2023-08-01,Cbic,98,0.0,0.0,193.02,0.0
2741,2023-08-01,Chandigarh,04,37.83,51.46,101.76,1.36
2742,2023-08-01,Chhattisgarh,22,604.91,709.86,938.64,642.49
2743,2023-08-01,Delhi,07,939.32,1113.4,2471.29,95.49
2744,2023-08-01,Goa,30,137.74,173.71,195.88,1.69
2745,2023-08-01,Gujarat,24,2617.37,3210.74,3288.57,648.08
2746,2023-08-01,Haryana,06,1209.92,1584.52,4199.02,672.05
2747,2023-08-01,Himachal Pradesh,02,132.33,181.75,409.73,1.35
2748,2023-08-01,Jammu And Kashmir,01,146.52,220.48,146.06,10.03
2749,2023-08-01,Jharkhand,20,523.4,801.7,829.0,566.73
2750,2023-08-01,Karnataka,29,2479.8,3028.57,4193.21,1414.19
2751,2023-08-01,Kerala,32,825.5,1035.4,443.0,2.07
2752,2023-08-01,Ladakh,37,9.6,14.35,2.67,0.05
2753,2023-08-01,Lakshadweep,31,0.5,0.45,2.49,0.0
2754,2023-08-01,Madhya Pradesh,23,765.04,978.04,734.06,586.74
2755,2023-08-01,Maharashtra,27,6236.95,7629.5,7580.58,1835.44
2756,2023-08-01,Manipur,14,13.97,20.64,5.2,0.53
2757,2023-08-01,Meghalaya,17,42.84,49.95,88.45,7.43
2758,2023-08-01,Mizoram,15,11.67,17.28,2.91,0.05
2759,2023-08-01,Nagaland,13,18.9,22.62,7.65,2.32
2760,2023-08-01,Odisha,21,1153.31,1332.99,1205.2,716.77
2761,2023-08-01,Other Territory,97,8.34,13.34,162.76,0.0
2762,2023-08-01,Puducherry,34,27.67,43.35,159.9,0.33
2763,2023-08-01,Punjab,03,419.86,602.96,758.99,30.95
2764,2023-08-01,Rajasthan,08,1011.96,1264.81,1250.22,99.33
2765,2023-08-01,Sikkim,11,25.52,41.79,252.16,0.02
2766,2023-08-01,Tamil Nadu,33,2564.81,3300.84,2887.98,721.1
2767,2023-08-01,Telangana,36,1108.72,1439.46,1369.0,475.56
2768,2023-08-01,The Dadra And Nagar Haveli And Daman And Diu,38,39.19,50.75,233.03,1.56
2769,2023-08-01,Tripura,16,26.99,35.84,15.37,0.04
2770,2023-08-01,Uttar Pradesh,09,1765.56,2378.42,2059.48,1265.01
2771,2023-08-01,Uttarakhand,05,309.16,382.06,653.02,8.68
2772,2023-08-01,West Bengal,19,1468.83,1797.06,1166.79,367.33
2773,2023-09-01,Andaman And Nicobar Islands,35,7.6,12.02,3.52,0.2
2774,2023-09-01,Andhra Pradesh,28,864.83,1123.06,1357.77,312.19
2775,2023-09-01,Arunachal Pradesh,12,30.56,37.01,13.56,0.04
2776,2023-09-01,Assam,18,361.25,448.69,311.43,53.42
2777,2023-09-01,Bihar,10,383.83,647.26,175.88,189.69
2778,2023-09-01,Cbic,98,0.0,0.0,195.88,0.0
2779,2023-09-01,Chandigarh,04,41.25,51.74,124.82,1.25
2780,2023-09-01,Chhattisgarh,22,540.97,630.91,916.16,595.63
2781,2023-09-01,Delhi,07,1040.61,1209.07,2490.2,108.67
2782,2023-09-01,Goa,30,127.65,164.59,201.73,2.97
2783,2023-09-01,Gujarat,24,2735.32,3399.91,3296.54,697.27
2784,2023-09-01,Haryana,06,1187.63,1559.34,4645.48,616.53
2785,2023-09-01,Himachal Pradesh,02,136.28,183.62,461.66,2.01
2786,2023-09-01,Jammu And Kashmir,01,162.28,231.32,161.05,8.73
2787,2023-09-01,Jharkhand,20,452.34,637.25,985.7,548.15
2788,2023-09-01,Karnataka,29,2613.67,3468.48,4322.9,1288.02
2789,2023-09-01,Kerala,32,873.38,1167.48,460.94,3.21
2790,2023-09-01,Ladakh,37,13.1,18.39,3.38,0.11
2791,2023-09-01,Lakshadweep,31,0.65,0.78,0.17,0.0
2792,2023-09-01,Madhya Pradesh,23,788.13,989.23,722.77,617.54
2793,2023-09-01,Maharashtra,27,6841.3,8008.83,8479.33,1807.11
2794,2023-09-01,Manipur,14,23.47,29.23,3.57,0.13
2795,2023-09-01,Meghalaya,17,34.91,41.48,85.48,2.9
2796,2023-09-01,Mizoram,15,9.89,14.78,2.69,0.03
2797,2023-09-01,Nagaland,13,15.06,23.26,9.51,3.75
2798,2023-09-01,Odisha,21,1010.47,1197.37,1301.31,739.97
2799,2023-09-01,Other Territory,97,19.52,23.38,163.66,0.0
2800,2023-09-01,Puducherry,34,26.26,41.32,127.97,1.87
2801,2023-09-01,Punjab,03,444.81,661.17,725.66,33.92
2802,2023-09-01,Rajasthan,08,1046.2,1321.4,1346.26,155.27
2803,2023-09-01,Sikkim,11,25.05,29.34,260.3,0.03
2804,2023-09-01,Tamil Nadu,33,2689.9,3520.58,3486.41,784.57
2805,2023-09-01,Telangana,36,1503.13,1880.52,1330.61,511.5
2806,2023-09-01,The Dadra And Nagar Haveli And Daman And Diu,38,37.34,46.81,265.35,0.64
2807,2023-09-01,Tripura,16,26.96,34.77,11.24,0.33
2808,2023-09-01,Uttar Pradesh,09,1862.38,2517.55,2143.03,1321.48
2809,2023-09-01,Uttarakhand,05,268.34,387.27,725.58,11.17
2810,2023-09-01,West Bengal,19,1572.17,1897.96,1157.85,312.49
2811,2023-10-01,Andaman And Nicobar Islands,35,10.65,13.83,4.12,0.04
2812,2023-10-01,Andhra Pradesh,28,812.35,1099.69,1178.76,312.46
2813,2023-10-01,Arunachal Pradesh,12,28.01,35.87,22.53,0.1
2814,2023-10-01,Assam,18,409.08,521.61,316.86,65.37
2815,2023-10-01,Bihar,10,380.28,639.26,190.9,195.87
2816,2023-10-01,Cbic,98,0.0,0.0,199.81,0.0
2817,2023-10-01,Chandigarh,04,42.45,53.7,112.06,1.66
2818,2023-10-01,Chhattisgarh,22,531.34,636.66,966.89,546.48
2819,2023-10-01,Delhi,07,1209.78,1425.11,5006.97,111.68
2820,2023-10-01,Goa,30,156.24,197.55,172.67,3.47
2821,2023-10-01,Gujarat,24,2616.16,3165.53,3289.85,658.64
2822,2023-10-01,Haryana,06,1338.39,1772.88,4907.34,697.23
2823,2023-10-01,Himachal Pradesh,02,176.15,231.7,476.15,1.25
2824,2023-10-01,Jammu And Kashmir,01,167.86,246.67,171.27,7.35
2825,2023-10-01,Jharkhand,20,512.96,690.15,1164.68,518.38
2826,2023-10-01,Karnataka,29,2611.78,3302.93,4559.28,1496.61
2827,2023-10-01,Kerala,32,836.91,1095.84,481.72,3.64
2828,2023-10-01,Ladakh,37,14.29,23.19,5.43,0.42
2829,2023-10-01,Lakshadweep,31,0.08,1.25,0.16,0.0
2830,2023-10-01,Madhya Pradesh,23,828.75,1060.0,827.69,609.06
2831,2023-10-01,Maharashtra,27,6817.12,7994.85,10610.6,1886.6
2832,2023-10-01,Manipur,14,28.98,32.63,7.63,0.58
2833,2023-10-01,Meghalaya,17,34.23,41.88,65.94,0.26
2834,2023-10-01,Mizoram,15,14.87,20.98,3.53,0.06
2835,2023-10-01,Nagaland,13,17.99,21.91,6.94,2.17
2836,2023-10-01,Odisha,21,1051.33,1306.47,1121.7,697.44
2837,2023-10-01,Other Territory,97,13.8,21.29,268.94,0.0
2838,2023-10-01,Puducherry,34,29.0,41.93,139.51,1.13
2839,2023-10-01,Punjab,03,470.96,686.86,791.37,32.08
2840,2023-10-01,Rajasthan,08,1075.1,1370.52,1407.04,193.11
2841,2023-10-01,Sikkim,11,21.97,30.75,273.35,0.03
2842,2023-10-01,Tamil Nadu,33,2633.13,3502.19,3844.5,781.05
2843,2023-10-01,Telangana,36,1213.17,1587.59,1525.41,541.47
2844,2023-10-01,The Dadra And Nagar Haveli And Daman And Diu,38,42.55,56.56,273.85,0.28
2845,2023-10-01,Tripura,16,30.68,40.82,19.78,0.05
2846,2023-10-01,Uttar Pradesh,09,2052.32,2811.1,2677.14,1423.89
2847,2023-10-01,Uttarakhand,05,379.42,550.34,894.56,10.1
2848,2023-10-01,West Bengal,19,1451.71,1839.21,1200.77,361.59
2849,2023-11-01,Andaman And Nicobar Islands,35,11.0,15.31,4.58,0.14
2850,2023-11-01,Andhra Pradesh,28,830.31,1163.05,1731.79,367.97
2851,2023-11-01,Arunachal Pradesh,12,32.41,39.56,19.76,0.5
2852,2023-11-01,Assam,18,365.92,457.44,331.15,77.37
2853,2023-11-01,Bihar,10,395.98,645.71,211.57,135.16
2854,2023-11-01,Cbic,98,0.0,0.0,222.66,0.0
2855,2023-11-01,Chandigarh,04,40.08,49.67,120.1,0.45
2856,2023-11-01,Chhattisgarh,22,536.25,625.23,1124.17,650.06
2857,2023-11-01,Delhi,07,1081.54,1275.82,2880.33,109.38
2858,2023-11-01,Goa,30,140.26,180.03,180.11,2.69
2859,2023-11-01,Gujarat,24,2981.72,3665.77,3475.42,730.35
2860,2023-11-01,Haryana,06,1415.4,1778.52,5868.5,669.6
2861,2023-11-01,Himachal Pradesh,02,128.64,185.23,487.01,1.15
2862,2023-11-01,Jammu And Kashmir,01,132.65,198.39,134.83,3.39
2863,2023-11-01,Jharkhand,20,510.25,714.13,933.25,475.07
2864,2023-11-01,Karnataka,29,2745.92,3312.81,4551.39,1360.03
2865,2023-11-01,Kerala,32,873.74,1089.15,547.94,3.9
2866,2023-11-01,Ladakh,37,24.54,34.06,3.67,0.0
2867,2023-11-01,Lakshadweep,31,0.12,0.13,0.16,0.0
2868,2023-11-01,Madhya Pradesh,23,881.06,1112.17,1016.85,635.96
2869,2023-11-01,Maharashtra,27,6813.52,7925.71,8683.46,2162.08
2870,2023-11-01,Manipur,14,13.64,18.82,7.15,0.13
2871,2023-11-01,Meghalaya,17,32.16,41.1,87.89,1.47
2872,2023-11-01,Mizoram,15,9.2,14.11,9.19,0.03
2873,2023-11-01,Nagaland,13,23.46,29.24,11.06,2.8
2874,2023-11-01,Odisha,21,1080.66,1251.59,1161.06,801.77
2875,2023-11-01,Other Territory,97,11.13,16.86,193.51,0.0
2876,2023-11-01,Puducherry,34,28.81,42.8,155.63,1.01
2877,2023-11-01,Punjab,03,502.0,708.39,1032.71,21.85
2878,2023-11-01,Rajasthan,08,1161.72,1489.09,1839.87,191.22
2879,2023-11-01,Sikkim,11,19.4,23.35,190.73,0.09
2880,2023-11-01,Tamil Nadu,33,2631.64,3385.39,3593.44,644.26
2881,2023-11-01,Telangana,36,1221.71,1616.74,1630.97,516.48
2882,2023-11-01,The Dadra And Nagar Haveli And Daman And Diu,38,41.49,54.6,236.41,0.15
2883,2023-11-01,Tripura,16,27.35,35.74,19.93,0.13
2884,2023-11-01,Uttar Pradesh,09,1863.64,2744.22,3029.79,1335.51
2885,2023-11-01,Uttarakhand,05,313.35,485.55,791.52,10.21
2886,2023-11-01,West Bengal,19,1496.83,1800.46,1290.89,326.32
2887,2023-12-01,Andaman And Nicobar Islands,35,10.37,14.24,3.67,0.04
2888,2023-12-01,Andhra Pradesh,28,841.26,1116.48,1267.97,319.03
2961,2024-01-01,Uttarakhand,05,303.5,447.97,850.48,14.51
2889,2023-12-01,Arunachal Pradesh,12,38.45,45.85,12.17,0.21
2890,2023-12-01,Assam,18,363.84,461.04,337.54,140.53
2891,2023-12-01,Bihar,10,404.35,690.78,202.77,189.27
2892,2023-12-01,Cbic,98,0.0,0.0,243.18,0.0
2893,2023-12-01,Chandigarh,04,42.3,56.61,181.57,0.3
2894,2023-12-01,Chhattisgarh,22,489.65,605.82,900.73,616.3
2895,2023-12-01,Delhi,07,1012.06,1204.79,2793.12,111.37
2896,2023-12-01,Goa,30,152.22,197.72,199.85,2.86
2897,2023-12-01,Gujarat,24,2801.72,3357.84,3044.73,669.96
2898,2023-12-01,Haryana,06,1247.99,1577.16,4728.68,575.72
2899,2023-12-01,Himachal Pradesh,02,141.12,198.6,403.18,1.72
2900,2023-12-01,Jammu And Kashmir,01,156.74,228.33,105.05,2.09
2901,2023-12-01,Jharkhand,20,493.99,678.71,858.75,600.08
2902,2023-12-01,Karnataka,29,2696.45,3357.31,4371.53,1333.48
2903,2023-12-01,Kerala,32,865.21,1121.53,465.73,5.19
2904,2023-12-01,Ladakh,37,21.71,30.74,5.21,0.13
2905,2023-12-01,Lakshadweep,31,0.72,0.93,2.12,0.0
2906,2023-12-01,Madhya Pradesh,23,867.98,1110.45,792.36,652.07
2907,2023-12-01,Maharashtra,27,7527.61,8606.43,8655.87,2024.42
2908,2023-12-01,Manipur,14,18.53,25.12,6.2,0.05
2909,2023-12-01,Meghalaya,17,35.07,44.48,88.93,2.8
2910,2023-12-01,Mizoram,15,10.02,14.7,2.02,0.1
2911,2023-12-01,Nagaland,13,15.46,19.76,7.43,2.96
2912,2023-12-01,Odisha,21,1071.42,1276.83,1207.11,796.06
2913,2023-12-01,Other Territory,97,17.11,26.0,183.73,0.0
2914,2023-12-01,Puducherry,34,28.01,41.12,162.21,0.61
2915,2023-12-01,Punjab,03,450.57,668.71,738.23,17.41
2916,2023-12-01,Rajasthan,08,1077.08,1384.78,1191.11,174.56
2917,2023-12-01,Sikkim,11,17.32,20.48,215.86,0.01
2918,2023-12-01,Tamil Nadu,33,2560.77,3283.37,3393.7,649.72
2919,2023-12-01,Telangana,36,1246.0,1584.54,1365.19,557.16
2920,2023-12-01,The Dadra And Nagar Haveli And Daman And Diu,38,43.3,54.99,234.67,0.5
2921,2023-12-01,Tripura,16,29.45,40.47,9.26,0.06
2922,2023-12-01,Uttar Pradesh,09,1833.84,2539.32,2314.44,1323.0
2923,2023-12-01,Uttarakhand,05,294.06,421.38,744.4,9.83
2924,2023-12-01,West Bengal,19,1519.56,1827.76,1281.08,390.33
2925,2024-01-01,Andaman And Nicobar Islands,35,12.67,16.49,5.29,0.05
2926,2024-01-01,Andhra Pradesh,28,866.79,1143.12,1317.46,259.87
2927,2024-01-01,Arunachal Pradesh,12,28.83,35.79,12.18,0.09
2928,2024-01-01,Assam,18,419.28,559.81,296.98,96.65
2929,2024-01-01,Bihar,10,421.19,721.14,261.4,161.35
2930,2024-01-01,Cbic,98,0.0,0.0,236.72,0.0
2931,2024-01-01,Chandigarh,04,51.96,72.16,122.36,5.09
2932,2024-01-01,Chhattisgarh,22,587.4,700.6,1015.21,645.33
2933,2024-01-01,Delhi,07,1151.74,1389.93,3101.1,131.4
2934,2024-01-01,Goa,30,171.97,228.97,180.58,5.37
2935,2024-01-01,Gujarat,24,3033.7,3627.27,3610.59,695.9
2936,2024-01-01,Haryana,06,1466.22,1855.13,5719.89,580.52
2937,2024-01-01,Himachal Pradesh,02,168.2,238.15,466.29,1.94
2938,2024-01-01,Jammu And Kashmir,01,175.19,260.64,127.75,3.05
2939,2024-01-01,Jharkhand,20,504.9,682.61,1269.66,636.16
2940,2024-01-01,Karnataka,29,3045.55,3715.29,5234.61,1324.8
2941,2024-01-01,Kerala,32,958.29,1285.59,523.97,8.52
2942,2024-01-01,Ladakh,37,18.84,26.05,4.22,0.07
2943,2024-01-01,Lakshadweep,31,0.12,0.15,1.14,0.0
2944,2024-01-01,Madhya Pradesh,23,917.95,1152.45,989.98,633.3
2945,2024-01-01,Maharashtra,27,7415.45,8524.74,10330.22,2071.57
2946,2024-01-01,Manipur,14,18.16,27.83,9.87,0.56
2947,2024-01-01,Meghalaya,17,43.7,58.93,97.2,0.56
2948,2024-01-01,Mizoram,15,15.09,20.69,2.85,0.05
2949,2024-01-01,Nagaland,13,16.64,22.73,8.19,3.59
2950,2024-01-01,Odisha,21,1186.99,1428.72,1485.86,861.59
2951,2024-01-01,Other Territory,97,12.5,17.57,168.01,0.0
2952,2024-01-01,Puducherry,34,31.45,53.7,150.21,1.93
2953,2024-01-01,Punjab,03,539.02,777.29,847.71,25.07
2954,2024-01-01,Rajasthan,08,1270.85,1601.07,1477.37,175.88
2955,2024-01-01,Sikkim,11,19.32,22.89,252.87,0.1
2956,2024-01-01,Tamil Nadu,33,2495.15,3297.6,3165.04,648.54
2957,2024-01-01,Telangana,36,1421.84,1853.9,1580.23,592.25
2958,2024-01-01,The Dadra And Nagar Haveli And Daman And Diu,38,45.57,57.35,293.48,0.1
2959,2024-01-01,Tripura,16,30.17,38.57,11.68,0.3
2960,2024-01-01,Uttar Pradesh,09,2096.95,2880.7,2432.66,1185.31
2962,2024-01-01,West Bengal,19,1721.71,2051.65,1290.28,401.57
2963,2024-02-01,Andaman And Nicobar Islands,35,15.09,19.81,4.04,0.23
2964,2024-02-01,Andhra Pradesh,28,884.63,1145.21,1400.43,247.83
2965,2024-02-01,Arunachal Pradesh,12,36.82,48.36,15.72,0.12
2966,2024-02-01,Assam,18,403.0,507.08,292.56,186.99
2967,2024-02-01,Bihar,10,399.29,689.37,214.36,188.08
2968,2024-02-01,Cbic,98,0.0,0.0,231.93,0.0
2969,2024-02-01,Chandigarh,04,42.95,58.94,106.97,2.11
2970,2024-02-01,Chhattisgarh,22,597.74,712.07,1130.32,683.74
2971,2024-02-01,Delhi,07,1098.07,1300.18,3025.19,120.52
2972,2024-02-01,Goa,30,181.24,223.63,172.3,3.53
2973,2024-02-01,Gujarat,24,3103.69,3808.84,3428.24,688.12
2974,2024-02-01,Haryana,06,1315.33,1720.33,4642.79,590.79
2975,2024-02-01,Himachal Pradesh,02,145.6,203.86,395.82,0.81
2976,2024-02-01,Jammu And Kashmir,01,181.07,231.34,115.7,3.91
2977,2024-02-01,Jharkhand,20,532.74,740.27,1034.63,625.13
2978,2024-02-01,Karnataka,29,2942.2,3519.92,4670.27,1682.49
2979,2024-02-01,Kerala,32,939.96,1230.52,512.44,4.76
2980,2024-02-01,Ladakh,37,14.85,17.91,1.93,0.01
2981,2024-02-01,Lakshadweep,31,0.82,0.93,0.16,0.0
2982,2024-02-01,Madhya Pradesh,23,909.09,1105.89,935.93,620.67
2983,2024-02-01,Maharashtra,27,7211.31,8470.41,9310.44,2072.53
2984,2024-02-01,Manipur,14,18.92,28.4,8.08,0.15
2985,2024-02-01,Meghalaya,17,44.25,53.02,95.65,0.4
2986,2024-02-01,Mizoram,15,18.92,27.04,3.36,0.02
2987,2024-02-01,Nagaland,13,15.41,21.24,10.53,4.03
2988,2024-02-01,Odisha,21,1232.02,1464.73,1603.46,835.6
2989,2024-02-01,Other Territory,97,14.38,17.97,171.48,0.0
2990,2024-02-01,Puducherry,34,27.5,41.54,161.47,0.26
2991,2024-02-01,Punjab,03,468.33,631.39,834.26,21.15
2992,2024-02-01,Rajasthan,08,1136.53,1428.73,1459.46,186.53
2993,2024-02-01,Sikkim,11,19.07,23.3,256.68,0.13
2994,2024-02-01,Tamil Nadu,33,2543.02,3396.67,3098.21,674.6
2995,2024-02-01,Telangana,36,1418.86,1742.76,1461.76,587.15
2996,2024-02-01,The Dadra And Nagar Haveli And Daman And Diu,38,46.06,60.13,248.87,0.43
2997,2024-02-01,Tripura,16,33.3,41.57,10.26,0.14
2998,2024-02-01,Uttar Pradesh,09,1889.91,2515.07,2321.3,1327.55
2999,2024-02-01,Uttarakhand,05,298.65,439.69,776.22,10.61
3000,2024-02-01,West Bengal,19,1604.66,1927.33,1341.59,483.24
3001,2024-03-01,Andaman And Nicobar Islands,35,12.37,15.35,4.43,0.06
3002,2024-03-01,Andhra Pradesh,28,1022.48,1312.44,1501.3,245.7
3003,2024-03-01,Arunachal Pradesh,12,69.45,79.58,18.44,0.17
3004,2024-03-01,Assam,18,477.95,596.96,350.79,117.62
3005,2024-03-01,Bihar,10,553.52,1057.39,239.56,140.93
3006,2024-03-01,Cbic,98,0.0,0.0,220.43,0.0
3007,2024-03-01,Chandigarh,04,51.59,62.54,121.84,2.18
3008,2024-03-01,Chhattisgarh,22,650.44,757.85,1056.1,678.55
3009,2024-03-01,Delhi,07,1225.07,1412.73,3057.59,124.55
3010,2024-03-01,Goa,30,166.5,214.37,180.55,3.71
3011,2024-03-01,Gujarat,24,3210.45,3905.96,3685.87,589.96
3012,2024-03-01,Haryana,06,1428.35,1766.53,5733.67,616.52
3013,2024-03-01,Himachal Pradesh,02,165.61,225.35,459.77,1.05
3014,2024-03-01,Jammu And Kashmir,01,200.79,264.52,129.96,6.13
3015,2024-03-01,Jharkhand,20,574.63,872.88,1165.68,629.68
3016,2024-03-01,Karnataka,29,3001.22,3664.3,4916.82,1431.37
3017,2024-03-01,Kerala,32,929.52,1158.49,506.9,3.01
3018,2024-03-01,Ladakh,37,17.63,20.52,3.09,0.06
3019,2024-03-01,Lakshadweep,31,0.8,1.2,0.22,0.0
3020,2024-03-01,Madhya Pradesh,23,994.04,1207.56,1131.26,641.19
3021,2024-03-01,Maharashtra,27,7734.14,9259.19,8662.98,2031.55
3022,2024-03-01,Manipur,14,26.06,35.48,7.51,0.15
3023,2024-03-01,Meghalaya,17,48.63,57.1,106.12,1.09
3024,2024-03-01,Mizoram,15,18.25,28.71,3.21,0.07
3025,2024-03-01,Nagaland,13,31.19,37.19,10.18,4.03
3026,2024-03-01,Odisha,21,1380.4,1659.31,1266.47,803.15
3027,2024-03-01,Other Territory,97,11.27,13.1,171.81,0.0
3028,2024-03-01,Puducherry,34,29.7,42.03,149.2,0.56
3029,2024-03-01,Punjab,03,503.96,716.53,840.79,29.04
3030,2024-03-01,Rajasthan,08,1291.86,1768.59,1565.7,171.96
3031,2024-03-01,Sikkim,11,22.2,32.58,248.44,0.15
3032,2024-03-01,Tamil Nadu,33,2875.4,4058.41,3302.15,780.88
3033,2024-03-01,Telangana,36,1404.47,1837.21,1595.58,561.96
3034,2024-03-01,The Dadra And Nagar Haveli And Daman And Diu,38,49.2,62.65,340.43,0.21
3035,2024-03-01,Tripura,16,44.74,56.67,19.23,0.09
3036,2024-03-01,Uttar Pradesh,09,2262.43,2974.26,2626.33,1224.0
3037,2024-03-01,Uttarakhand,05,353.87,481.09,885.31,9.37
3038,2024-03-01,West Bengal,19,1691.71,2029.51,1338.97,412.55
3039,2024-04-01,Andaman And Nicobar Islands,35,26.79,31.56,6.15,0.05
3040,2024-04-01,Andhra Pradesh,28,1290.84,1621.08,1639.61,297.99
3041,2024-04-01,Arunachal Pradesh,12,80.92,100.91,18.15,0.1
3042,2024-04-01,Assam,18,601.58,735.17,371.56,186.25
3043,2024-04-01,Bihar,10,616.45,950.72,253.01,171.6
3044,2024-04-01,Chandigarh,04,54.82,75.48,178.47,4.26
3045,2024-04-01,Chhattisgarh,22,810.72,929.38,1553.54,706.94
3046,2024-04-01,Delhi,07,1740.46,2026.77,3889.72,114.71
3047,2024-04-01,Goa,30,225.39,282.75,252.25,4.38
3048,2024-04-01,Gujarat,24,3846.83,4537.65,4232.33,684.05
3049,2024-04-01,Haryana,06,1659.64,2172.14,7725.38,610.51
3050,2024-04-01,Himachal Pradesh,02,219.7,302.64,491.19,1.59
3051,2024-04-01,Jammu And Kashmir,01,269.64,362.34,149.88,7.35
3052,2024-04-01,Jharkhand,20,714.08,934.43,1492.99,687.71
3053,2024-04-01,Karnataka,29,3896.36,4715.34,5791.48,1574.97
3054,2024-04-01,Kerala,32,1157.11,1456.12,652.1,6.88
3055,2024-04-01,Ladakh,37,29.57,35.92,3.97,0.05
3056,2024-04-01,Lakshadweep,31,0.18,0.22,0.81,0.0
3057,2024-04-01,Madhya Pradesh,23,1220.58,1519.6,1365.12,622.53
3058,2024-04-01,Maharashtra,27,10263.18,11729.43,13430.36,2247.84
3059,2024-04-01,Manipur,14,41.34,52.61,9.95,0.08
3060,2024-04-01,Meghalaya,17,63.17,75.59,94.82,0.38
3061,2024-04-01,Mizoram,15,43.71,59.38,4.9,0.08
3062,2024-04-01,Nagaland,13,30.71,40.6,10.42,4.13
3063,2024-04-01,Odisha,21,1674.38,2081.83,1349.66,796.38
3064,2024-04-01,Oidar,99,0.0,0.0,221.06,0.0
3065,2024-04-01,Other Territory,97,11.63,16.03,196.97,0.0
3066,2024-04-01,Puducherry,34,35.36,54.12,154.95,2.22
3067,2024-04-01,Punjab,03,693.2,998.58,1068.86,35.16
3068,2024-04-01,Rajasthan,08,1600.9,1889.1,1890.19,177.82
3069,2024-04-01,Sikkim,11,46.69,69.2,287.54,0.05
3070,2024-04-01,Tamil Nadu,33,3193.48,4066.49,4157.69,792.3
3071,2024-04-01,Telangana,36,1720.73,2062.94,1890.34,561.88
3072,2024-04-01,The Dadra And Nagar Haveli And Daman And Diu,38,59.88,75.38,312.03,0.13
3073,2024-04-01,Tripura,16,64.34,79.81,16.43,0.04
3074,2024-04-01,Uttar Pradesh,09,3202.68,4120.71,3606.43,1360.3
3075,2024-04-01,Uttarakhand,05,460.53,636.26,1132.22,10.02
3076,2024-04-01,West Bengal,19,2177.95,2640.03,1894.17,581.31
3077,2024-05-01,Andaman And Nicobar Islands,35,13.54,17.7,5.28,0.05
3078,2024-05-01,Andhra Pradesh,28,980.51,1240.1,1410.08,259.78
3079,2024-05-01,Arunachal Pradesh,12,36.31,44.52,17.23,0.21
3080,2024-05-01,Assam,18,375.64,511.47,281.93,59.42
3081,2024-05-01,Bihar,10,425.19,694.56,210.87,190.55
3082,2024-05-01,Chandigarh,04,41.51,54.22,138.1,3.32
3083,2024-05-01,Chhattisgarh,22,556.92,661.49,952.81,681.79
3084,2024-05-01,Delhi,07,1286.64,1476.93,4630.3,117.64
3085,2024-05-01,Goa,30,146.32,190.01,178.83,3.99
3086,2024-05-01,Gujarat,24,2952.79,3525.91,4158.0,688.0
3087,2024-05-01,Haryana,06,1518.57,1949.86,5208.96,611.29
3088,2024-05-01,Himachal Pradesh,02,133.83,187.15,515.62,1.76
3089,2024-05-01,Jammu And Kashmir,01,153.56,224.62,135.48,11.48
3090,2024-05-01,Jharkhand,20,536.82,735.31,804.1,623.64
3091,2024-05-01,Karnataka,29,2828.84,3440.89,4392.13,1227.52
3092,2024-05-01,Kerala,32,935.92,1208.98,442.69,6.19
3093,2024-05-01,Ladakh,37,5.93,7.79,1.77,0.0
3094,2024-05-01,Lakshadweep,31,0.5,0.52,0.25,0.0
3095,2024-05-01,Madhya Pradesh,23,801.71,1028.15,905.5,667.13
3096,2024-05-01,Maharashtra,27,7607.26,8710.97,8462.46,2073.13
3097,2024-05-01,Manipur,14,19.66,31.59,7.23,0.02
3098,2024-05-01,Meghalaya,17,37.59,51.64,79.8,3.05
3099,2024-05-01,Mizoram,15,14.85,21.61,2.43,0.11
3100,2024-05-01,Nagaland,13,15.71,19.25,6.38,3.35
3101,2024-05-01,Odisha,21,1177.83,1415.25,1622.67,811.04
3103,2024-05-01,Other Territory,97,14.64,17.15,175.62,0.0
3104,2024-05-01,Puducherry,34,28.73,40.65,168.77,0.81
3105,2024-05-01,Punjab,03,501.05,724.42,918.32,45.77
3106,2024-05-01,Rajasthan,08,1198.59,1505.61,1572.9,137.18
3107,2024-05-01,Sikkim,11,20.94,25.95,264.61,0.33
3108,2024-05-01,Tamil Nadu,33,2736.71,3529.8,2762.21,739.13
3109,2024-05-01,Telangana,36,1266.21,1635.88,1550.39,533.68
3110,2024-05-01,The Dadra And Nagar Haveli And Daman And Diu,38,47.05,57.93,269.84,0.3
3111,2024-05-01,Tripura,16,28.32,36.03,8.09,0.12
3112,2024-05-01,Uttar Pradesh,09,2020.29,2735.6,3056.26,1279.33
3113,2024-05-01,Uttarakhand,05,322.98,475.89,1025.25,12.62
3114,2024-05-01,West Bengal,19,1619.58,2029.96,1313.96,413.48
3115,2024-06-01,Andaman And Nicobar Islands,35,12.05,14.05,4.75,0.09
3116,2024-06-01,Andhra Pradesh,28,894.95,1150.42,1352.66,252.78
3117,2024-06-01,Arunachal Pradesh,12,38.28,45.32,7.41,0.1
3118,2024-06-01,Assam,18,408.9,515.93,364.88,158.78
3119,2024-06-01,Bihar,10,416.93,687.97,234.5,185.57
3120,2024-06-01,Chandigarh,04,44.56,59.64,115.93,3.38
3121,2024-06-01,Chhattisgarh,22,628.83,730.99,1084.38,733.55
3122,2024-06-01,Delhi,07,1060.7,1257.03,2857.88,113.78
3123,2024-06-01,Goa,30,156.84,203.52,181.11,4.64
3124,2024-06-01,Gujarat,24,3042.47,3701.91,3579.3,778.5
3125,2024-06-01,Haryana,06,1528.78,1936.68,4977.62,595.22
3126,2024-06-01,Himachal Pradesh,02,162.13,219.28,501.16,3.03
3127,2024-06-01,Jammu And Kashmir,01,158.62,222.84,158.16,15.44
3128,2024-06-01,Jharkhand,20,461.28,639.01,1008.46,704.98
3129,2024-06-01,Karnataka,29,2832.65,3501.02,4513.95,1541.36
3130,2024-06-01,Kerala,32,925.4,1181.24,505.18,5.87
3131,2024-06-01,Ladakh,37,7.41,11.54,3.31,0.67
3132,2024-06-01,Lakshadweep,31,0.17,0.49,0.13,0.0
3133,2024-06-01,Madhya Pradesh,23,842.38,1061.69,996.77,730.27
3134,2024-06-01,Maharashtra,27,7929.96,9213.13,9682.98,2054.79
3135,2024-06-01,Manipur,14,21.1,33.87,7.05,0.07
3136,2024-06-01,Meghalaya,17,46.24,54.98,78.0,1.25
3137,2024-06-01,Mizoram,15,14.69,22.78,4.5,0.26
3138,2024-06-01,Nagaland,13,16.66,20.63,10.14,2.01
3139,2024-06-01,Odisha,21,1242.25,1458.96,1424.14,861.92
3140,2024-06-01,Oidar,99,0.0,0.0,249.19,0.0
3141,2024-06-01,Other Territory,97,12.59,14.77,179.45,0.0
3142,2024-06-01,Puducherry,34,28.57,42.92,171.01,0.79
3143,2024-06-01,Punjab,03,500.15,730.67,1022.36,53.0
3144,2024-06-01,Rajasthan,08,1139.88,1458.24,1527.78,128.18
3145,2024-06-01,Sikkim,11,20.68,25.73,271.16,0.02
3146,2024-06-01,Tamil Nadu,33,2674.76,3572.88,3245.77,724.51
3147,2024-06-01,Telangana,36,1216.61,1567.93,1381.23,550.46
3148,2024-06-01,The Dadra And Nagar Haveli And Daman And Diu,38,60.66,71.05,262.05,0.18
3149,2024-06-01,Tripura,16,27.03,35.62,11.45,0.07
3150,2024-06-01,Uttar Pradesh,09,2202.47,2906.73,3008.16,1483.76
3151,2024-06-01,Uttarakhand,05,323.15,472.33,897.87,11.7
3152,2024-06-01,West Bengal,19,1526.38,1870.94,1388.06,487.32
3153,2024-07-01,Andaman And Nicobar Islands,35,15.83,18.79,4.5,0.12
3154,2024-07-01,Andhra Pradesh,28,839.82,1074.17,1195.83,236.32
3155,2024-07-01,Arunachal Pradesh,12,31.58,36.97,12.16,0.06
3156,2024-07-01,Assam,18,379.03,463.24,371.76,155.83
3157,2024-07-01,Bihar,10,430.73,739.27,213.12,185.49
3158,2024-07-01,Chandigarh,04,45.25,62.84,124.37,0.91
3159,2024-07-01,Chhattisgarh,22,608.76,722.25,1302.66,685.32
3160,2024-07-01,Delhi,07,1106.88,1285.16,3457.07,114.87
3161,2024-07-01,Goa,30,167.16,207.32,215.75,2.82
3162,2024-07-01,Gujarat,24,3064.14,3736.15,3508.88,705.55
3163,2024-07-01,Haryana,06,1363.99,1819.54,5286.48,611.71
3164,2024-07-01,Himachal Pradesh,02,173.13,240.16,438.3,2.9
3165,2024-07-01,Jammu And Kashmir,01,186.25,257.4,168.94,16.89
3166,2024-07-01,Jharkhand,20,558.55,740.79,1166.38,669.18
3167,2024-07-01,Karnataka,29,2871.8,3557.23,4948.18,1647.32
3168,2024-07-01,Kerala,32,896.24,1100.54,491.87,3.98
3169,2024-07-01,Ladakh,37,14.21,19.21,4.16,0.1
3170,2024-07-01,Lakshadweep,31,0.49,0.52,0.16,0.0
3171,2024-07-01,Madhya Pradesh,23,884.85,1118.93,1020.77,658.46
3172,2024-07-01,Maharashtra,27,7538.29,8629.88,10835.14,1966.59
3173,2024-07-01,Manipur,14,25.85,34.22,7.57,0.02
3174,2024-07-01,Meghalaya,17,33.72,40.16,65.98,1.66
3175,2024-07-01,Mizoram,15,13.59,21.07,4.11,0.11
3176,2024-07-01,Nagaland,13,20.43,25.58,9.89,1.69
3177,2024-07-01,Odisha,21,1237.69,1482.22,1385.06,820.05
3178,2024-07-01,Oidar,99,0.0,0.0,237.81,0.0
3179,2024-07-01,Other Territory,97,12.27,14.52,193.65,0.0
3180,2024-07-01,Puducherry,34,28.73,42.17,153.15,0.59
3181,2024-07-01,Punjab,03,541.75,753.19,726.03,48.11
3182,2024-07-01,Rajasthan,08,1119.78,1436.33,1665.18,147.48
3183,2024-07-01,Sikkim,11,19.33,25.4,280.16,0.11
3184,2024-07-01,Tamil Nadu,33,2753.61,3637.41,3265.9,832.89
3185,2024-07-01,Telangana,36,1290.9,1625.38,1484.03,539.43
3186,2024-07-01,The Dadra And Nagar Haveli And Daman And Diu,38,44.7,59.64,234.43,0.1
3187,2024-07-01,Tripura,16,25.96,34.71,11.21,0.08
3188,2024-07-01,Uttar Pradesh,09,2139.65,2811.37,2782.45,1391.55
3189,2024-07-01,Uttarakhand,05,342.54,490.49,854.05,12.62
3190,2024-07-01,West Bengal,19,1558.83,1925.17,1310.12,462.46
3191,2024-08-01,Andaman And Nicobar Islands,35,9.6,13.27,4.4,0.04
3192,2024-08-01,Andhra Pradesh,28,827.59,1061.17,1195.7,213.62
3193,2024-08-01,Arunachal Pradesh,12,26.63,34.85,11.92,0.4
3194,2024-08-01,Assam,18,388.73,483.02,372.99,108.66
3195,2024-08-01,Bihar,10,426.54,695.26,220.04,149.58
3196,2024-08-01,Chandigarh,04,49.85,63.85,128.7,1.37
3197,2024-08-01,Chhattisgarh,22,533.2,630.06,872.39,575.15
3198,2024-08-01,Delhi,07,1107.0,1296.18,3118.28,113.06
3199,2024-08-01,Goa,30,147.51,184.06,196.81,2.32
3200,2024-08-01,Gujarat,24,2834.73,3423.52,3388.83,696.44
3201,2024-08-01,Haryana,06,1400.61,1785.59,4770.31,666.48
3202,2024-08-01,Himachal Pradesh,02,159.25,223.24,442.59,2.12
3203,2024-08-01,Jammu And Kashmir,01,150.76,221.31,182.59,14.32
3204,2024-08-01,Jharkhand,20,527.17,669.26,983.3,670.32
3205,2024-08-01,Karnataka,29,2797.93,3416.5,4675.69,1454.02
3206,2024-08-01,Kerala,32,892.9,1086.78,525.6,6.05
3207,2024-08-01,Ladakh,37,12.49,15.35,4.83,0.25
3208,2024-08-01,Lakshadweep,31,0.4,0.75,0.76,0.0
3209,2024-08-01,Madhya Pradesh,23,862.49,1054.45,890.19,630.96
3210,2024-08-01,Maharashtra,27,7111.78,8304.66,8938.46,2011.74
3211,2024-08-01,Manipur,14,18.36,29.04,8.12,0.03
3212,2024-08-01,Meghalaya,17,41.27,45.9,67.87,0.11
3213,2024-08-01,Mizoram,15,10.12,13.57,3.75,0.22
3214,2024-08-01,Nagaland,13,14.76,19.02,7.48,1.04
3215,2024-08-01,Odisha,21,1181.13,1378.12,1515.41,803.7
3216,2024-08-01,Oidar,99,0.0,0.0,287.53,0.0
3217,2024-08-01,Other Territory,97,15.6,17.93,165.43,0.0
3218,2024-08-01,Puducherry,34,28.32,45.0,159.93,0.46
3219,2024-08-01,Punjab,03,484.67,682.67,731.98,36.94
3220,2024-08-01,Rajasthan,08,990.13,1279.8,1429.13,121.31
3221,2024-08-01,Sikkim,11,14.2,18.46,292.98,0.11
3222,2024-08-01,Tamil Nadu,33,2719.72,3728.47,3030.31,702.25
3223,2024-08-01,Telangana,36,1238.62,1544.62,1365.9,419.45
3224,2024-08-01,The Dadra And Nagar Haveli And Daman And Diu,38,40.23,53.28,226.66,0.14
3225,2024-08-01,Tripura,16,33.37,41.3,10.48,0.02
3226,2024-08-01,Uttar Pradesh,09,1969.36,2571.77,2424.51,1303.83
3227,2024-08-01,Uttarakhand,05,291.65,432.22,617.77,9.09
3228,2024-08-01,West Bengal,19,1503.35,1846.55,1323.32,404.05
3229,2024-09-01,Andaman And Nicobar Islands,35,10.75,14.18,3.66,0.08
3230,2024-09-01,Andhra Pradesh,28,857.21,1094.17,1302.33,252.75
3231,2024-09-01,Arunachal Pradesh,12,34.89,41.91,15.14,0.08
3232,2024-09-01,Assam,18,380.28,471.66,365.79,69.04
3233,2024-09-01,Bihar,10,417.22,659.53,244.41,175.62
3234,2024-09-01,Chandigarh,04,41.16,53.42,99.8,2.32
3235,2024-09-01,Chhattisgarh,22,515.49,625.21,994.98,469.41
3236,2024-09-01,Delhi,07,1165.7,1334.27,3217.56,120.86
3237,2024-09-01,Goa,30,150.13,191.29,174.43,3.32
3238,2024-09-01,Gujarat,24,2776.9,3331.26,3469.78,574.91
3239,2024-09-01,Haryana,06,1438.42,1852.35,5972.72,693.87
3240,2024-09-01,Himachal Pradesh,02,138.45,193.55,522.38,1.9
3241,2024-09-01,Jammu And Kashmir,01,169.87,236.18,182.7,10.11
3242,2024-09-01,Jharkhand,20,492.48,636.89,942.48,580.83
3243,2024-09-01,Karnataka,29,2874.2,3556.86,4652.52,1558.12
3244,2024-09-01,Kerala,32,944.2,1219.98,506.41,4.45
3245,2024-09-01,Ladakh,37,17.81,21.46,4.25,0.02
3246,2024-09-01,Lakshadweep,31,0.52,0.6,0.26,0.0
3247,2024-09-01,Madhya Pradesh,23,761.19,929.17,866.26,537.88
3248,2024-09-01,Maharashtra,27,7535.79,8627.97,8214.0,1990.85
3249,2024-09-01,Manipur,14,11.62,17.5,8.69,0.01
3250,2024-09-01,Meghalaya,17,35.93,42.96,73.63,0.36
3251,2024-09-01,Mizoram,15,9.13,12.01,4.99,0.02
3252,2024-09-01,Nagaland,13,15.95,20.28,11.37,0.91
3253,2024-09-01,Odisha,21,1054.15,1272.75,1449.38,819.89
3254,2024-09-01,Oidar,99,0.0,0.0,261.3,0.0
3255,2024-09-01,Other Territory,97,15.07,17.75,190.5,0.0
3256,2024-09-01,Puducherry,34,28.26,44.92,151.19,0.98
3257,2024-09-01,Punjab,03,483.72,680.05,734.11,35.36
3258,2024-09-01,Rajasthan,08,1042.84,1343.79,1419.14,123.22
3259,2024-09-01,Sikkim,11,18.45,22.24,283.01,0.03
3260,2024-09-01,Tamil Nadu,33,2840.13,3932.74,3382.94,867.76
3261,2024-09-01,Telangana,36,1364.87,1961.32,1398.39,542.12
3262,2024-09-01,The Dadra And Nagar Haveli And Daman And Diu,38,44.14,55.44,205.57,0.08
3263,2024-09-01,Tripura,16,26.5,33.69,18.16,0.38
3264,2024-09-01,Uttar Pradesh,09,1944.85,2527.96,2392.89,1191.12
3265,2024-09-01,Uttarakhand,05,273.5,399.73,900.05,8.48
3266,2024-09-01,West Bengal,19,1489.75,1805.89,1449.56,421.51
3267,2024-10-01,Andaman And Nicobar Islands,35,10.03,13.67,4.06,0.05
3268,2024-10-01,Andhra Pradesh,28,909.24,1174.46,1489.98,241.36
3269,2024-10-01,Arunachal Pradesh,12,21.08,25.95,11.25,0.06
3270,2024-10-01,Assam,18,408.39,522.35,412.2,134.62
3271,2024-10-01,Bihar,10,445.54,725.19,256.4,177.2
3272,2024-10-01,Chandigarh,04,46.33,59.18,136.66,1.2
3273,2024-10-01,Chhattisgarh,22,549.71,663.72,936.49,506.49
3274,2024-10-01,Delhi,07,1521.51,1738.92,5278.16,121.03
3275,2024-10-01,Goa,30,154.61,191.97,208.37,3.88
3276,2024-10-01,Gujarat,24,3138.21,3641.89,3913.53,713.0
3277,2024-10-01,Haryana,06,1536.29,1956.07,5864.27,688.19
3278,2024-10-01,Himachal Pradesh,02,160.52,230.58,473.91,1.9
3279,2024-10-01,Jammu And Kashmir,01,166.66,240.77,192.74,7.67
3280,2024-10-01,Jharkhand,20,553.94,718.96,1114.31,586.83
3281,2024-10-01,Karnataka,29,2922.4,3634.38,5073.53,1451.12
3282,2024-10-01,Kerala,32,993.26,1275.31,624.08,3.34
3283,2024-10-01,Ladakh,37,20.79,30.77,4.61,0.18
3284,2024-10-01,Lakshadweep,31,0.29,0.84,0.16,0.0
3285,2024-10-01,Madhya Pradesh,23,873.82,1108.48,1052.93,613.72
3286,2024-10-01,Maharashtra,27,8048.03,9107.5,11664.76,2209.76
3287,2024-10-01,Manipur,14,26.84,32.75,6.99,0.02
3288,2024-10-01,Meghalaya,17,40.81,51.68,71.21,0.06
3289,2024-10-01,Mizoram,15,18.08,20.03,3.28,0.03
3290,2024-10-01,Nagaland,13,15.8,19.45,8.47,1.61
3291,2024-10-01,Odisha,21,1043.07,1288.1,1431.23,829.58
3292,2024-10-01,Oidar,99,0.0,0.0,265.98,0.0
3293,2024-10-01,Other Territory,97,12.6,13.5,164.49,0.0
3294,2024-10-01,Puducherry,34,29.4,46.53,175.18,0.59
3295,2024-10-01,Punjab,03,524.17,772.5,878.57,36.03
3296,2024-10-01,Rajasthan,08,1175.25,1504.72,1585.8,203.04
3297,2024-10-01,Sikkim,11,23.52,30.22,279.05,0.07
3298,2024-10-01,Tamil Nadu,33,2754.58,3891.47,3671.48,870.26
3299,2024-10-01,Telangana,36,1483.27,1690.98,1568.87,467.54
3300,2024-10-01,The Dadra And Nagar Haveli And Daman And Diu,38,46.52,61.09,260.95,0.19
3301,2024-10-01,Tripura,16,42.83,50.36,10.46,1.34
3302,2024-10-01,Uttar Pradesh,09,2136.61,2834.2,3257.72,1373.48
3303,2024-10-01,Uttarakhand,05,343.01,485.96,995.35,9.42
3304,2024-10-01,West Bengal,19,1624.13,2009.07,1530.67,432.96
3305,2024-11-01,Andaman And Nicobar Islands,35,11.55,16.57,3.86,0.09
3306,2024-11-01,Andhra Pradesh,28,879.67,1197.47,1346.1,276.18
3307,2024-11-01,Arunachal Pradesh,12,24.33,30.88,15.54,0.15
3308,2024-11-01,Assam,18,392.05,503.43,358.61,103.51
3309,2024-11-01,Bihar,10,417.05,760.37,214.44,168.65
3310,2024-11-01,Chandigarh,04,52.26,73.14,121.26,6.12
3311,2024-11-01,Chhattisgarh,22,590.42,728.8,969.39,607.97
3312,2024-11-01,Delhi,07,1187.31,1432.1,3565.01,126.26
3313,2024-11-01,Goa,30,163.14,207.59,185.6,4.11
3314,2024-11-01,Gujarat,24,3362.76,4101.31,3894.44,833.62
3315,2024-11-01,Haryana,06,1512.02,1995.5,5592.06,800.65
3316,2024-11-01,Himachal Pradesh,02,166.47,244.83,463.05,3.17
3317,2024-11-01,Jammu And Kashmir,01,169.06,247.16,164.26,5.82
3318,2024-11-01,Jharkhand,20,547.05,701.59,1078.69,623.12
3319,2024-11-01,Karnataka,29,2992.9,3692.27,5524.34,1512.66
3320,2024-11-01,Kerala,32,960.1,1213.76,583.45,5.98
3321,2024-11-01,Ladakh,37,25.48,34.11,6.76,0.38
3322,2024-11-01,Lakshadweep,31,2.32,2.39,0.29,0.0
3323,2024-11-01,Madhya Pradesh,23,984.31,1222.16,916.51,688.97
3324,2024-11-01,Maharashtra,27,8313.71,9617.3,9602.31,2414.82
3325,2024-11-01,Manipur,14,13.3,17.64,7.24,0.04
3326,2024-11-01,Meghalaya,17,37.44,44.21,61.93,0.1
3327,2024-11-01,Mizoram,15,13.64,18.49,5.73,0.02
3328,2024-11-01,Nagaland,13,18.91,21.38,10.04,1.52
3329,2024-11-01,Odisha,21,1094.2,1345.42,1353.73,910.9
3330,2024-11-01,Oidar,99,0.0,0.0,286.39,0.0
3331,2024-11-01,Other Territory,97,11.07,13.45,147.82,0.0
3332,2024-11-01,Puducherry,34,29.45,46.53,152.65,0.44
3333,2024-11-01,Punjab,03,539.51,787.29,964.82,35.56
3334,2024-11-01,Rajasthan,08,1219.69,1599.86,1592.32,210.36
3335,2024-11-01,Sikkim,11,37.51,47.22,270.71,0.07
3336,2024-11-01,Tamil Nadu,33,2941.23,3923.18,3462.05,769.35
3337,2024-11-01,Telangana,36,1373.93,1769.45,1521.15,476.65
3338,2024-11-01,The Dadra And Nagar Haveli And Daman And Diu,38,48.04,63.4,236.22,0.49
3339,2024-11-01,Tripura,16,30.43,40.0,27.87,0.03
3340,2024-11-01,Uttar Pradesh,09,2072.73,2867.65,3056.22,1435.24
3341,2024-11-01,Uttarakhand,05,337.15,521.67,951.34,13.44
3342,2024-11-01,West Bengal,19,1568.77,1897.28,1378.52,361.19
3343,2024-12-01,Andaman And Nicobar Islands,35,18.0,23.8,6.36,0.46
3344,2024-12-01,Andhra Pradesh,28,849.12,1076.0,1181.9,208.04
3345,2024-12-01,Arunachal Pradesh,12,25.91,31.83,12.46,0.22
3346,2024-12-01,Assam,18,396.2,505.45,377.11,94.87
3347,2024-12-01,Bihar,10,407.54,768.34,193.66,151.43
3348,2024-12-01,Chandigarh,04,49.32,65.6,103.17,6.06
3349,2024-12-01,Chhattisgarh,22,580.11,696.58,1029.38,575.98
3350,2024-12-01,Delhi,07,1158.23,1352.77,2989.91,92.36
3351,2024-12-01,Goa,30,177.55,219.41,178.07,3.28
3352,2024-12-01,Gujarat,24,2785.75,3328.49,3501.67,663.45
3353,2024-12-01,Haryana,06,1469.32,1810.99,6495.48,627.6
3354,2024-12-01,Himachal Pradesh,02,145.33,200.51,468.0,1.78
3355,2024-12-01,Jammu And Kashmir,01,153.42,221.49,167.62,4.31
3356,2024-12-01,Jharkhand,20,548.53,704.9,1074.63,653.36
3357,2024-12-01,Karnataka,29,2947.4,3651.44,4551.23,1376.17
3358,2024-12-01,Kerala,32,928.58,1183.93,455.94,6.6
3359,2024-12-01,Ladakh,37,25.66,32.85,6.16,0.21
3360,2024-12-01,Lakshadweep,31,0.3,0.35,1.09,0.0
3361,2024-12-01,Madhya Pradesh,23,858.78,1064.53,843.67,693.2
3362,2024-12-01,Maharashtra,27,8342.31,9465.08,9386.69,2066.34
3363,2024-12-01,Manipur,14,14.9,21.28,9.55,0.12
3364,2024-12-01,Meghalaya,17,30.47,36.63,79.14,3.98
3365,2024-12-01,Mizoram,15,10.95,13.55,3.74,0.03
3366,2024-12-01,Nagaland,13,17.36,21.51,9.55,2.42
3367,2024-12-01,Odisha,21,1136.38,1354.02,1488.43,862.44
3368,2024-12-01,Oidar,99,0.0,0.0,308.42,0.0
3369,2024-12-01,Other Territory,97,14.74,15.71,165.51,0.0
3370,2024-12-01,Puducherry,34,29.54,44.22,151.72,2.49
3371,2024-12-01,Punjab,03,537.38,728.01,1001.9,26.32
3372,2024-12-01,Rajasthan,08,1134.1,1419.19,1418.32,174.87
3373,2024-12-01,Sikkim,11,29.21,37.79,262.37,0.12
3374,2024-12-01,Tamil Nadu,33,2797.99,3707.16,3653.33,797.52
3375,2024-12-01,Telangana,36,1442.23,1816.51,1422.47,542.42
3376,2024-12-01,The Dadra And Nagar Haveli And Daman And Diu,38,45.51,55.35,229.98,1.5
3377,2024-12-01,Tripura,16,32.48,39.84,10.63,0.11
3378,2024-12-01,Uttar Pradesh,09,1881.8,2535.19,2340.5,1359.5
3379,2024-12-01,Uttarakhand,05,295.68,439.24,803.69,8.78
3380,2024-12-01,West Bengal,19,1518.15,1809.4,1399.52,462.46
3381,2025-01-01,Andaman And Nicobar Islands,35,17.72,21.57,4.13,0.06
3382,2025-01-01,Andhra Pradesh,28,919.18,1184.57,1378.31,121.45
3383,2025-01-01,Arunachal Pradesh,12,34.53,41.2,12.84,0.17
3384,2025-01-01,Assam,18,424.57,562.75,372.59,106.11
3385,2025-01-01,Bihar,10,422.33,866.25,229.57,166.21
3386,2025-01-01,Chandigarh,04,58.0,81.86,122.62,8.56
3387,2025-01-01,Chhattisgarh,22,638.09,767.2,1022.82,681.2
3388,2025-01-01,Delhi,07,1299.71,1592.39,3204.09,119.59
3389,2025-01-01,Goa,30,214.98,275.19,199.54,5.11
3390,2025-01-01,Gujarat,24,3369.03,4025.16,3918.66,822.25
3391,2025-01-01,Haryana,06,1596.53,2074.47,5899.77,713.05
3392,2025-01-01,Himachal Pradesh,02,162.25,225.02,426.92,2.47
3393,2025-01-01,Jammu And Kashmir,01,199.36,290.75,153.1,6.63
3394,2025-01-01,Jharkhand,20,590.87,752.58,1287.35,696.43
3395,2025-01-01,Karnataka,29,3328.73,4063.13,5521.01,1439.7
3396,2025-01-01,Kerala,32,1066.85,1380.49,522.98,18.42
3397,2025-01-01,Ladakh,37,25.3,35.15,7.63,0.18
3398,2025-01-01,Lakshadweep,31,0.47,0.62,0.26,0.0
3399,2025-01-01,Madhya Pradesh,23,982.19,1220.06,1020.6,687.83
3400,2025-01-01,Maharashtra,27,8584.78,9755.47,11639.01,2356.1
3401,2025-01-01,Manipur,14,18.54,25.46,11.44,0.14
3402,2025-01-01,Meghalaya,17,48.59,62.87,103.09,1.56
3403,2025-01-01,Mizoram,15,12.22,16.54,5.86,0.03
3404,2025-01-01,Nagaland,13,22.52,27.58,12.37,2.15
3405,2025-01-01,Odisha,21,1206.24,1478.56,1687.73,948.66
3406,2025-01-01,Oidar,99,0.0,0.0,284.23,0.0
3407,2025-01-01,Other Territory,97,18.43,20.06,158.62,0.0
3408,2025-01-01,Puducherry,34,31.02,51.8,156.56,2.47
3409,2025-01-01,Punjab,03,592.86,820.49,914.75,34.55
3410,2025-01-01,Rajasthan,08,1313.28,1631.59,1777.7,195.02
3411,2025-01-01,Sikkim,11,27.16,36.58,292.89,0.13
3412,2025-01-01,Tamil Nadu,33,2873.93,3832.43,4018.62,771.31
3413,2025-01-01,Telangana,36,1613.75,2047.4,1754.28,601.35
3414,2025-01-01,The Dadra And Nagar Haveli And Daman And Diu,38,50.57,61.13,296.56,0.25
3415,2025-01-01,Tripura,16,38.09,50.51,11.8,0.48
3416,2025-01-01,Uttar Pradesh,09,2221.64,2995.11,2792.88,1505.94
3417,2025-01-01,Uttarakhand,05,343.2,493.63,807.55,10.21
3418,2025-01-01,West Bengal,19,1709.45,2074.13,1591.92,457.15
3419,2025-02-01,Andaman And Nicobar Islands,35,18.42,22.74,10.3,0.23
3420,2025-02-01,Andhra Pradesh,28,967.45,1214.86,1387.05,247.39
3421,2025-02-01,Arunachal Pradesh,12,39.28,49.39,12.78,0.67
3422,2025-02-01,Assam,18,432.61,564.63,334.02,119.68
3423,2025-02-01,Bihar,10,398.73,802.67,256.37,186.55
3424,2025-02-01,Chandigarh,04,47.59,60.66,122.2,5.25
3425,2025-02-01,Chhattisgarh,22,715.94,884.35,1054.26,696.81
3426,2025-02-01,Delhi,07,1233.81,1454.51,3285.79,100.19
3427,2025-02-01,Goa,30,184.79,227.54,183.9,4.31
3428,2025-02-01,Gujarat,24,3334.34,3941.0,3400.91,725.37
3429,2025-02-01,Haryana,06,1508.54,1921.14,5833.46,662.1
3430,2025-02-01,Himachal Pradesh,02,156.7,217.23,490.77,4.11
3431,2025-02-01,Jammu And Kashmir,01,143.48,209.81,161.95,7.29
3432,2025-02-01,Jharkhand,20,598.2,787.04,1237.96,695.72
3433,2025-02-01,Karnataka,29,3259.05,3907.15,5236.56,1714.31
3434,2025-02-01,Kerala,32,1023.01,1312.42,545.98,12.43
3435,2025-02-01,Ladakh,37,6.96,9.69,2.11,0.05
3436,2025-02-01,Lakshadweep,31,0.36,0.39,0.11,0.0
3437,2025-02-01,Madhya Pradesh,23,1088.53,1286.62,999.42,715.24
3438,2025-02-01,Maharashtra,27,8396.01,9682.19,10195.24,2363.13
3439,2025-02-01,Manipur,14,17.37,24.0,8.96,0.06
3440,2025-02-01,Meghalaya,17,42.48,53.89,117.54,0.4
3441,2025-02-01,Mizoram,15,15.22,22.0,4.4,0.02
3442,2025-02-01,Nagaland,13,19.44,24.85,10.25,1.38
3443,2025-02-01,Odisha,21,1221.66,1513.44,1688.63,920.75
3444,2025-02-01,Oidar,99,0.0,0.0,336.34,0.0
3445,2025-02-01,Other Territory,97,22.15,26.06,166.23,0.0
3446,2025-02-01,Puducherry,34,31.84,45.83,172.38,0.58
3447,2025-02-01,Punjab,03,534.53,762.61,798.13,29.63
3448,2025-02-01,Rajasthan,08,1284.3,1619.47,1671.1,211.89
3449,2025-02-01,Sikkim,11,22.42,27.15,281.93,0.19
3450,2025-02-01,Tamil Nadu,33,2845.11,3930.95,3244.8,673.62
3451,2025-02-01,Telangana,36,1401.63,1747.72,1552.22,578.47
3452,2025-02-01,The Dadra And Nagar Haveli And Daman And Diu,38,47.5,63.48,274.56,0.08
3453,2025-02-01,Tripura,16,38.83,52.27,12.1,0.13
3454,2025-02-01,Uttar Pradesh,09,2081.07,2731.75,2612.2,1730.45
3455,2025-02-01,Uttarakhand,05,330.65,473.15,839.7,12.19
3456,2025-02-01,West Bengal,19,1694.4,2029.4,1506.2,566.79
3457,2025-03-01,Andaman And Nicobar Islands,35,16.04,20.5,14.71,0.2
3458,2025-03-01,Andhra Pradesh,28,985.07,1399.46,1413.21,235.51
3459,2025-03-01,Arunachal Pradesh,12,71.1,82.86,20.03,0.2
3460,2025-03-01,Assam,18,530.07,693.54,362.86,121.45
3461,2025-03-01,Bihar,10,606.4,1574.37,247.88,169.99
3462,2025-03-01,Chandigarh,04,51.76,67.29,118.58,2.92
3463,2025-03-01,Chhattisgarh,22,770.12,1304.32,1002.41,644.06
3464,2025-03-01,Delhi,07,1288.36,1541.12,3211.94,97.82
3465,2025-03-01,Goa,30,185.06,228.71,262.65,3.62
3466,2025-03-01,Gujarat,24,3423.3,4246.16,3898.2,526.88
3467,2025-03-01,Haryana,06,1632.47,2010.72,6407.97,596.86
3468,2025-03-01,Himachal Pradesh,02,166.76,225.2,435.45,2.01
3469,2025-03-01,Jammu And Kashmir,01,192.47,256.56,137.06,8.83
3470,2025-03-01,Jharkhand,20,650.86,902.31,1129.54,626.02
3471,2025-03-01,Karnataka,29,3352.87,4178.02,4669.58,1296.97
3472,2025-03-01,Kerala,32,1039.89,1265.2,518.71,5.23
3473,2025-03-01,Ladakh,37,19.87,21.79,6.57,0.23
3474,2025-03-01,Lakshadweep,31,0.67,1.2,0.96,0.0
3475,2025-03-01,Madhya Pradesh,23,1116.61,1417.07,944.95,694.85
3476,2025-03-01,Maharashtra,27,9057.72,10925.59,9363.12,2187.09
3477,2025-03-01,Manipur,14,19.07,28.07,9.7,0.15
3478,2025-03-01,Meghalaya,17,71.71,85.42,109.89,0.67
3479,2025-03-01,Mizoram,15,17.24,23.44,5.59,0.04
3480,2025-03-01,Nagaland,13,29.71,35.72,17.76,1.46
3481,2025-03-01,Odisha,21,1408.5,2039.43,1561.29,800.19
3482,2025-03-01,Oidar,99,0.0,0.0,291.83,0.0
3483,2025-03-01,Other Territory,97,18.01,20.8,182.05,0.0
3484,2025-03-01,Puducherry,34,34.44,48.6,167.56,0.86
3485,2025-03-01,Punjab,03,561.85,752.4,819.28,38.21
3486,2025-03-01,Rajasthan,08,1419.83,2048.73,1827.73,202.01
3487,2025-03-01,Sikkim,11,26.61,33.16,289.35,0.29
3488,2025-03-01,Tamil Nadu,33,3152.02,4565.37,3349.24,728.57
3489,2025-03-01,Telangana,36,1479.76,1821.92,1564.3,535.05
3490,2025-03-01,The Dadra And Nagar Haveli And Daman And Diu,38,49.63,60.45,275.28,0.2
3491,2025-03-01,Tripura,16,62.24,83.9,13.24,0.12
3492,2025-03-01,Uttar Pradesh,09,2454.7,3207.19,3131.53,1162.9
3493,2025-03-01,Uttarakhand,05,382.24,526.81,823.01,10.26
3494,2025-03-01,West Bengal,19,1799.47,2147.4,1466.0,414.15
3495,2025-08-01,Andaman And Nicobar Islands,35,12.28,15.08,9.44,36.8
3496,2025-08-01,Andhra Pradesh,28,1048.75,1364.26,1297.05,3710.06
3497,2025-08-01,Arunachal Pradesh,12,35.53,41.08,11.62,88.23
3498,2025-08-01,Assam,18,444.29,562.43,396.72,1403.44
3499,2025-08-01,Bihar,10,464.74,840.52,245.5,1550.76
3500,2025-08-01,Chandigarh,04,46.09,60.54,105.49,212.12
3501,2025-08-01,Chhattisgarh,22,573.78,720.33,943.6,2237.71
3502,2025-08-01,Delhi,07,1182.58,1360.68,3095.8,5639.06
3503,2025-08-01,Goa,30,158.44,193.19,191.61,543.24
3504,2025-08-01,Gujarat,24,3130.42,3881.59,3470.11,10482.12
3505,2025-08-01,Haryana,06,1547.11,1997.51,5531.81,9076.43
3506,2025-08-01,Himachal Pradesh,02,147.9,210.38,506.56,864.84
3507,2025-08-01,Jammu And Kashmir,01,162.3,235.04,171.11,568.45
3508,2025-08-01,Jharkhand,20,586.84,751.67,1005.1,2343.61
3509,2025-08-01,Karnataka,29,3308.49,3958.77,5244.97,12512.23
3510,2025-08-01,Kerala,32,991.22,1220.93,504.63,2716.78
3511,2025-08-01,Ladakh,37,13.25,18.11,3.58,34.94
3512,2025-08-01,Lakshadweep,31,0.17,0.27,0.21,0.65
3513,2025-08-01,Madhya Pradesh,23,904.58,1129.13,1052.99,3086.7
3514,2025-08-01,Maharashtra,27,7840.27,9400.0,9505.44,26745.71
3515,2025-08-01,Manipur,14,15.0,19.02,8.01,42.03
3516,2025-08-01,Meghalaya,17,39.75,47.21,119.82,206.78
3517,2025-08-01,Mizoram,15,9.36,13.0,7.46,29.82
3518,2025-08-01,Nagaland,13,20.03,24.09,10.23,54.35
3519,2025-08-01,Odisha,21,1095.84,1452.2,1658.54,4206.58
3520,2025-08-01,Oidar,99,0.0,0.0,396.32,396.32
3521,2025-08-01,Other Territory,97,17.17,23.92,158.45,199.54
3522,2025-08-01,Puducherry,34,31.16,46.8,147.1,225.06
3523,2025-08-01,Punjab,03,535.62,750.37,882.11,2168.1
3524,2025-08-01,Rajasthan,08,1122.86,1480.05,1619.22,4222.13
3525,2025-08-01,Sikkim,11,30.14,47.41,376.61,454.16
3526,2025-08-01,Tamil Nadu,33,3105.19,4038.01,3185.78,10328.98
3527,2025-08-01,Telangana,36,1335.67,1688.75,1587.69,4612.11
3528,2025-08-01,The Dadra And Nagar Haveli And Daman And Diu,38,49.7,61.66,251.13,362.49
3529,2025-08-01,Tripura,16,32.74,40.42,13.3,86.46
3530,2025-08-01,Uttar Pradesh,09,2125.94,2735.7,2785.79,7647.43
3531,2025-08-01,Uttarakhand,05,295.42,493.37,647.38,1436.17
3532,2025-08-01,West Bengal,19,1615.47,1931.0,1491.0,5037.47
3533,2026-01-01,Andaman And Nicobar Islands,35,17.1,20.54,8.97,46.61
3534,2026-01-01,Andhra Pradesh,28,1007.68,1283.73,1183.23,3474.64
3535,2026-01-01,Arunachal Pradesh,12,43.95,51.23,15.54,110.72
3536,2026-01-01,Assam,18,414.71,571.9,298.0,1284.61
3537,2026-01-01,Bihar,10,421.28,926.21,238.05,1585.54
3538,2026-01-01,Chandigarh,04,63.84,89.45,136.46,289.75
3539,2026-01-01,Chhattisgarh,22,706.66,815.18,897.08,2418.92
3540,2026-01-01,Delhi,07,1334.94,1609.34,3553.91,6498.19
3541,2026-01-01,Goa,30,205.66,261.25,150.11,617.02
3542,2026-01-01,Gujarat,24,3682.32,4338.11,3965.65,11986.08
3543,2026-01-01,Haryana,06,1654.0,2173.85,6651.92,10479.77
3544,2026-01-01,Himachal Pradesh,02,172.88,239.18,268.66,680.72
3545,2026-01-01,Jammu And Kashmir,01,224.97,292.6,101.94,619.51
3546,2026-01-01,Jharkhand,20,602.52,766.37,1056.8,2425.69
3547,2026-01-01,Karnataka,29,3656.2,4425.49,6094.15,14175.84
3548,2026-01-01,Kerala,32,1239.28,1488.5,532.61,3260.39
3549,2026-01-01,Ladakh,37,24.04,30.94,8.25,63.23
3550,2026-01-01,Lakshadweep,31,0.38,0.5,0.62,1.5
3551,2026-01-01,Madhya Pradesh,23,1039.48,1280.19,920.09,3239.76
3552,2026-01-01,Maharashtra,27,9353.92,10571.83,12902.61,32828.36
3553,2026-01-01,Manipur,14,19.77,26.61,8.61,54.99
3554,2026-01-01,Meghalaya,17,54.06,69.6,70.67,194.33
3555,2026-01-01,Mizoram,15,11.43,16.61,5.0,33.04
3556,2026-01-01,Nagaland,13,21.36,25.96,14.41,61.73
3557,2026-01-01,Odisha,21,1313.93,1668.52,1157.08,4139.53
3558,2026-01-01,Oidar,99,0.0,0.0,389.69,389.69
3559,2026-01-01,Other Territory,97,33.4,49.25,176.77,259.42
3560,2026-01-01,Puducherry,34,38.33,59.36,119.46,217.15
3561,2026-01-01,Punjab,03,634.04,938.46,822.76,2395.26
3562,2026-01-01,Rajasthan,08,1370.56,1807.52,1464.17,4642.25
3563,2026-01-01,Sikkim,11,28.66,34.83,88.21,151.7
3564,2026-01-01,Tamil Nadu,33,3066.33,3947.34,3893.34,10907.01
3565,2026-01-01,Telangana,36,1760.95,2189.96,1753.26,5704.17
3566,2026-01-01,The Dadra And Nagar Haveli And Daman And Diu,38,53.07,67.63,306.58,427.28
3567,2026-01-01,Tripura,16,41.25,55.09,16.78,113.12
3568,2026-01-01,Uttar Pradesh,09,2294.85,3003.33,3080.54,8378.72
3569,2026-01-01,Uttarakhand,05,311.86,470.4,687.53,1469.79
3570,2026-01-01,West Bengal,19,1872.17,2150.6,1482.96,5505.73
