date,financial_year,year,month_num,month,state_name,state_code,category,cgst,sgst,igst,cess,total_gst_excl_cess,total_gst,cess_flag
2017-08-01,2017-18,2017,8,Aug,Andaman and Nicobar Islands,35,Union Territory,3.33,3.98,0.37,0.02,7.68,7.7,
2017-08-01,2017-18,2017,8,Aug,Andhra Pradesh,28,State,448.07,660.89,755.96,24.43,1864.92,1889.35,
2017-08-01,2017-18,2017,8,Aug,Arunachal Pradesh,12,State,3.45,6.17,3.21,0.02,12.83,12.85,
2017-08-01,2017-18,2017,8,Aug,Assam,18,State,161.79,270.71,244.51,26.22,677.01,703.23,
2017-08-01,2017-18,2017,8,Aug,Bihar,10,State,180.5,378.96,85.84,141.03,645.3,786.33,
2017-08-01,2017-18,2017,8,Aug,Chandigarh,4,Union Territory,39.65,58.89,76.15,0.29,174.69,174.98,
2017-08-01,2017-18,2017,8,Aug,Chhattisgarh,22,State,246.72,328.39,473.24,581.68,1048.35,1630.03,
2017-08-01,2017-18,2017,8,Aug,Dadra and Nagar Haveli and Daman and Diu,38,Union Territory,17.94,32.81,231.94,0.28,282.69,282.97,
2017-08-01,2017-18,2017,8,Aug,Delhi,7,Union Territory,732.5,1050.58,1381.49,90.11,3164.57,3254.68,
2017-08-01,2017-18,2017,8,Aug,Goa,30,State,76.05,105.54,221.43,1.75,403.02,404.77,
2017-08-01,2017-18,2017,8,Aug,Gujarat,24,State,1330.26,1868.47,2602.87,213.3,5801.6,6014.9,
2017-08-01,2017-18,2017,8,Aug,Haryana,6,State,799.75,1271.55,2256.54,342.68,4327.84,4670.52,
2017-08-01,2017-18,2017,8,Aug,Himachal Pradesh,2,State,88.06,133.75,600.59,1.1,822.4,823.5,
2017-08-01,2017-18,2017,8,Aug,Jammu and Kashmir,1,Union Territory,49.55,103.16,95.47,17.15,248.18,265.33,
2017-08-01,2017-18,2017,8,Aug,Jharkhand,20,State,202.52,334.11,685.69,359.61,1222.32,1581.93,
2017-08-01,2017-18,2017,8,Aug,Karnataka,29,State,1398.26,2107.27,2590.31,880.37,6095.84,6976.21,
2017-08-01,2017-18,2017,8,Aug,Kerala,32,State,474.65,799.13,249.93,10.05,1523.71,1533.76,
2017-08-01,2017-18,2017,8,Aug,Lakshadweep,31,Union Territory,0.17,0.17,0.01,0.0,0.35,0.35,
2017-08-01,2017-18,2017,8,Aug,Madhya Pradesh,23,State,404.15,626.25,655.27,426.32,1685.67,2111.99,
2017-08-01,2017-18,2017,8,Aug,Maharashtra,27,State,3504.23,4855.67,4383.49,847.19,12743.39,13590.58,
2017-08-01,2017-18,2017,8,Aug,Manipur,14,State,3.66,8.97,0.89,0.16,13.52,13.68,
2017-08-01,2017-18,2017,8,Aug,Meghalaya,17,State,12.1,20.59,37.93,6.86,70.62,77.48,
2017-08-01,2017-18,2017,8,Aug,Mizoram,15,State,1.59,4.17,0.26,0.03,6.02,6.05,
2017-08-01,2017-18,2017,8,Aug,Nagaland,13,State,2.65,5.57,5.41,0.1,13.63,13.73,
2017-08-01,2017-18,2017,8,Aug,Odisha,21,State,317.68,471.37,555.89,564.81,1344.94,1909.75,
2017-08-01,2017-18,2017,8,Aug,Puducherry,34,Union Territory,19.69,35.55,152.16,0.54,207.4,207.94,
2017-08-01,2017-18,2017,8,Aug,Punjab,3,State,313.45,577.38,618.5,12.5,1509.33,1521.83,
2017-08-01,2017-18,2017,8,Aug,Rajasthan,8,State,522.29,806.2,1084.97,126.74,2413.46,2540.2,
2017-08-01,2017-18,2017,8,Aug,Sikkim,11,State,5.09,24.81,130.09,0.04,159.99,160.03,
2017-08-01,2017-18,2017,8,Aug,Tamil Nadu,33,State,1505.14,2472.93,2218.65,429.37,6196.72,6626.09,
2017-08-01,2017-18,2017,8,Aug,Telangana,36,State,543.29,840.53,929.76,445.13,2313.58,2758.71,
2017-08-01,2017-18,2017,8,Aug,Tripura,16,State,11.34,18.71,2.8,4.24,32.85,37.09,
2017-08-01,2017-18,2017,8,Aug,Uttar Pradesh,9,State,931.02,1569.63,1468.42,757.93,3969.07,4727.0,
2017-08-01,2017-18,2017,8,Aug,Uttarakhand,5,State,150.38,285.43,1241.91,15.13,1677.72,1692.85,
2017-08-01,2017-18,2017,8,Aug,West Bengal,19,State,751.01,1118.82,858.65,280.42,2728.48,3008.9,
2017-09-01,2017-18,2017,9,Sep,Andaman and Nicobar Islands,35,Union Territory,12.07,13.37,0.74,0.0,26.18,26.18,
2017-09-01,2017-18,2017,9,Sep,Andhra Pradesh,28,State,428.46,634.92,718.73,19.93,1782.11,1802.04,
2017-09-01,2017-18,2017,9,Sep,Arunachal Pradesh,12,State,2.55,4.29,2.5,0.03,9.34,9.37,
2017-09-01,2017-18,2017,9,Sep,Assam,18,State,155.97,250.95,234.04,31.81,640.96,672.77,
2017-09-01,2017-18,2017,9,Sep,Bihar,10,State,130.25,260.97,79.17,203.85,470.39,674.24,
2017-09-01,2017-18,2017,9,Sep,Chandigarh,4,Union Territory,31.94,43.68,70.99,1.03,146.61,147.64,
2017-09-01,2017-18,2017,9,Sep,Chhattisgarh,22,State,237.28,330.84,396.97,634.34,965.09,1599.43,
2017-09-01,2017-18,2017,9,Sep,Dadra and Nagar Haveli and Daman and Diu,38,Union Territory,20.61,32.74,238.98,0.21,292.33,292.54,
2017-09-01,2017-18,2017,9,Sep,Delhi,7,Union Territory,745.28,1021.16,1535.08,103.21,3301.52,3404.73,
2017-09-01,2017-18,2017,9,Sep,Goa,30,State,76.39,109.27,163.56,2.58,349.22,351.8,
2017-09-01,2017-18,2017,9,Sep,Gujarat,24,State,1401.94,1877.44,2143.73,298.11,5423.11,5721.22,
2017-09-01,2017-18,2017,9,Sep,Haryana,6,State,747.89,1147.96,3181.07,363.26,5076.92,5440.18,
2017-09-01,2017-18,2017,9,Sep,Himachal Pradesh,2,State,90.25,134.94,518.72,1.67,743.91,745.58,
2017-09-01,2017-18,2017,9,Sep,Jammu and Kashmir,1,Union Territory,71.31,136.54,107.0,4.92,314.85,319.77,
2017-09-01,2017-18,2017,9,Sep,Jharkhand,20,State,210.01,295.25,697.34,437.86,1202.6,1640.46,
2017-09-01,2017-18,2017,9,Sep,Karnataka,29,State,1363.58,1996.53,1941.17,838.44,5301.28,6139.72,
2017-09-01,2017-18,2017,9,Sep,Kerala,32,State,483.3,802.58,243.71,13.55,1529.59,1543.14,
2017-09-01,2017-18,2017,9,Sep,Lakshadweep,31,Union Territory,0.4,0.4,0.03,0.0,0.83,0.83,
2017-09-01,2017-18,2017,9,Sep,Madhya Pradesh,23,State,391.63,567.31,533.07,414.14,1492.01,1906.15,
2017-09-01,2017-18,2017,9,Sep,Maharashtra,27,State,3381.9,4557.62,4162.27,945.88,12101.79,13047.67,
2017-09-01,2017-18,2017,9,Sep,Manipur,14,State,4.6,7.91,1.03,0.18,13.54,13.72,
2017-09-01,2017-18,2017,9,Sep,Meghalaya,17,State,8.46,14.05,39.94,0.09,62.45,62.54,
2017-09-01,2017-18,2017,9,Sep,Mizoram,15,State,2.46,4.46,0.6,0.0,7.52,7.52,
2017-09-01,2017-18,2017,9,Sep,Nagaland,13,State,2.97,5.67,4.4,0.13,13.04,13.17,
2017-09-01,2017-18,2017,9,Sep,Odisha,21,State,332.0,450.53,468.11,465.56,1250.64,1716.2,
2017-09-01,2017-18,2017,9,Sep,Puducherry,34,Union Territory,19.83,32.57,131.51,0.41,183.91,184.32,
2017-09-01,2017-18,2017,9,Sep,Punjab,3,State,276.49,491.65,507.03,13.87,1275.17,1289.04,
2017-09-01,2017-18,2017,9,Sep,Rajasthan,8,State,518.84,774.14,833.47,157.78,2126.45,2284.23,
2017-09-01,2017-18,2017,9,Sep,Sikkim,11,State,4.09,7.18,144.99,0.02,156.26,156.28,
2017-09-01,2017-18,2017,9,Sep,Tamil Nadu,33,State,1487.85,2220.66,1972.8,503.27,5681.31,6184.58,
2017-09-01,2017-18,2017,9,Sep,Telangana,36,State,565.52,803.39,863.21,484.68,2232.12,2716.8,
2017-09-01,2017-18,2017,9,Sep,Tripura,16,State,11.13,19.08,3.29,0.49,33.5,33.99,
2017-09-01,2017-18,2017,9,Sep,Uttar Pradesh,9,State,933.99,1438.64,1381.1,1085.93,3753.73,4839.66,
2017-09-01,2017-18,2017,9,Sep,Uttarakhand,5,State,150.13,307.53,998.81,14.95,1456.47,1471.42,
2017-09-01,2017-18,2017,9,Sep,West Bengal,19,State,829.96,1183.08,670.45,259.31,2683.49,2942.8,
2017-10-01,2017-18,2017,10,Oct,Andaman and Nicobar Islands,35,Union Territory,8.0,9.85,0.7,0.04,18.55,18.59,
2017-10-01,2017-18,2017,10,Oct,Andhra Pradesh,28,State,435.16,701.86,670.84,20.72,1807.86,1828.58,
2017-10-01,2017-18,2017,10,Oct,Arunachal Pradesh,12,State,4.16,6.05,2.22,0.21,12.43,12.64,
2017-10-01,2017-18,2017,10,Oct,Assam,18,State,147.93,237.68,200.29,38.66,585.9,624.56,
2017-10-01,2017-18,2017,10,Oct,Bihar,10,State,140.8,307.71,65.02,131.63,513.53,645.16,
2017-10-01,2017-18,2017,10,Oct,Chandigarh,4,Union Territory,29.25,42.09,72.23,1.03,143.57,144.6,
2017-10-01,2017-18,2017,10,Oct,Chhattisgarh,22,State,220.93,306.23,479.93,547.99,1007.09,1555.08,
2017-10-01,2017-18,2017,10,Oct,Dadra and Nagar Haveli and Daman and Diu,38,Union Territory,22.11,34.41,236.14,0.21,292.66,292.87,
2017-10-01,2017-18,2017,10,Oct,Delhi,7,Union Territory,760.16,1069.15,1588.95,108.57,3418.26,3526.83,
2017-10-01,2017-18,2017,10,Oct,Goa,30,State,69.24,105.51,168.52,2.94,343.27,346.21,
2017-10-01,2017-18,2017,10,Oct,Gujarat,24,State,1400.77,1880.76,2286.68,314.58,5568.21,5882.79,
2017-10-01,2017-18,2017,10,Oct,Haryana,6,State,700.03,1144.46,2849.56,369.15,4694.05,5063.2,
2017-10-01,2017-18,2017,10,Oct,Himachal Pradesh,2,State,70.77,133.42,494.68,1.53,698.87,700.4,
2017-10-01,2017-18,2017,10,Oct,Jammu and Kashmir,1,Union Territory,63.39,113.18,108.06,3.09,284.63,287.72,
2017-10-01,2017-18,2017,10,Oct,Jharkhand,20,State,230.02,347.48,715.45,453.73,1292.95,1746.68,
2017-10-01,2017-18,2017,10,Oct,Karnataka,29,State,1283.33,1921.92,2232.16,811.09,5437.41,6248.5,
2017-10-01,2017-18,2017,10,Oct,Kerala,32,State,458.24,736.9,254.35,7.65,1449.49,1457.14,
2017-10-01,2017-18,2017,10,Oct,Lakshadweep,31,Union Territory,0.28,0.3,0.02,0.0,0.6,0.6,
2017-10-01,2017-18,2017,10,Oct,Madhya Pradesh,23,State,355.14,577.07,587.78,407.24,1519.99,1927.23,
2017-10-01,2017-18,2017,10,Oct,Maharashtra,27,State,3559.82,4938.9,4765.38,1056.37,13264.1,14320.47,
2017-10-01,2017-18,2017,10,Oct,Manipur,14,State,6.31,12.26,0.92,0.01,19.49,19.5,
2017-10-01,2017-18,2017,10,Oct,Meghalaya,17,State,10.6,16.69,38.04,0.1,65.33,65.43,
2017-10-01,2017-18,2017,10,Oct,Mizoram,15,State,3.93,5.55,0.99,0.0,10.47,10.47,
2017-10-01,2017-18,2017,10,Oct,Nagaland,13,State,3.73,5.69,5.17,0.12,14.59,14.71,
2017-10-01,2017-18,2017,10,Oct,Odisha,21,State,321.88,529.86,481.14,468.05,1332.88,1800.93,
2017-10-01,2017-18,2017,10,Oct,Puducherry,34,Union Territory,19.87,31.53,91.34,1.49,142.74,144.23,
2017-10-01,2017-18,2017,10,Oct,Punjab,3,State,263.8,477.63,522.09,13.49,1263.52,1277.01,
2017-10-01,2017-18,2017,10,Oct,Rajasthan,8,State,530.78,808.66,759.75,156.55,2099.19,2255.74,
2017-10-01,2017-18,2017,10,Oct,Sikkim,11,State,10.16,13.36,116.72,0.08,140.24,140.32,
2017-10-01,2017-18,2017,10,Oct,Tamil Nadu,33,State,1457.13,2132.29,1913.92,589.61,5503.34,6092.95,
2017-10-01,2017-18,2017,10,Oct,Telangana,36,State,565.15,847.61,853.96,492.04,2266.72,2758.76,
2017-10-01,2017-18,2017,10,Oct,Tripura,16,State,23.62,30.54,2.89,0.16,57.05,57.21,
2017-10-01,2017-18,2017,10,Oct,Uttar Pradesh,9,State,928.42,1477.13,1340.51,930.65,3746.06,4676.71,
2017-10-01,2017-18,2017,10,Oct,Uttarakhand,5,State,143.5,278.72,1240.62,22.97,1662.84,1685.81,
2017-10-01,2017-18,2017,10,Oct,West Bengal,19,State,693.87,1042.51,708.67,339.52,2445.05,2784.57,
2017-11-01,2017-18,2017,11,Nov,Andaman and Nicobar Islands,35,Union Territory,10.2,11.63,1.27,0.03,23.1,23.13,
2017-11-01,2017-18,2017,11,Nov,Andhra Pradesh,28,State,389.38,588.89,669.29,20.01,1647.56,1667.57,
2017-11-01,2017-18,2017,11,Nov,Arunachal Pradesh,12,State,2.98,4.86,3.37,0.0,11.21,11.21,
2017-11-01,2017-18,2017,11,Nov,Assam,18,State,150.31,227.85,226.84,49.07,605.0,654.07,
2017-11-01,2017-18,2017,11,Nov,Bihar,10,State,142.18,285.17,76.03,88.93,503.38,592.31,
2017-11-01,2017-18,2017,11,Nov,Chandigarh,4,Union Territory,30.33,45.77,68.62,0.58,144.72,145.3,
2017-11-01,2017-18,2017,11,Nov,Chhattisgarh,22,State,209.82,302.4,467.79,523.72,980.01,1503.73,
2017-11-01,2017-18,2017,11,Nov,Dadra and Nagar Haveli and Daman and Diu,38,Union Territory,20.03,31.32,233.46,0.27,284.81,285.08,
2017-11-01,2017-18,2017,11,Nov,Delhi,7,Union Territory,678.45,951.49,1489.96,111.64,3119.9,3231.54,
2017-11-01,2017-18,2017,11,Nov,Goa,30,State,81.77,114.97,145.41,2.48,342.15,344.63,
2017-11-01,2017-18,2017,11,Nov,Gujarat,24,State,1330.45,1748.09,1984.66,324.13,5063.2,5387.33,
2017-11-01,2017-18,2017,11,Nov,Haryana,6,State,641.97,1063.17,2589.71,373.72,4294.85,4668.57,
2017-11-01,2017-18,2017,11,Nov,Himachal Pradesh,2,State,70.49,117.78,460.08,1.05,648.35,649.4,
2017-11-01,2017-18,2017,11,Nov,Jammu and Kashmir,1,Union Territory,66.27,120.32,99.53,12.83,286.12,298.95,
2017-11-01,2017-18,2017,11,Nov,Jharkhand,20,State,206.72,333.96,830.19,437.43,1370.87,1808.3,
2017-11-01,2017-18,2017,11,Nov,Karnataka,29,State,1151.04,1709.72,1755.08,580.25,4615.84,5196.09,
2017-11-01,2017-18,2017,11,Nov,Kerala,32,State,410.37,611.52,215.74,11.9,1237.63,1249.53,
2017-11-01,2017-18,2017,11,Nov,Lakshadweep,31,Union Territory,0.79,0.8,0.06,0.0,1.65,1.65,
2017-11-01,2017-18,2017,11,Nov,Madhya Pradesh,23,State,363.71,586.45,498.79,425.0,1448.95,1873.95,
2017-11-01,2017-18,2017,11,Nov,Maharashtra,27,State,3206.99,4347.12,3866.25,852.76,11420.36,12273.12,
2017-11-01,2017-18,2017,11,Nov,Manipur,14,State,4.14,6.37,0.92,0.01,11.43,11.44,
2017-11-01,2017-18,2017,11,Nov,Meghalaya,17,State,11.9,16.32,32.72,0.09,60.94,61.03,
2017-11-01,2017-18,2017,11,Nov,Mizoram,15,State,2.87,4.83,0.74,0.04,8.44,8.48,
2017-11-01,2017-18,2017,11,Nov,Nagaland,13,State,3.48,5.46,3.44,0.06,12.38,12.44,
2017-11-01,2017-18,2017,11,Nov,Odisha,21,State,308.62,444.02,523.61,508.13,1276.25,1784.38,
2017-11-01,2017-18,2017,11,Nov,Puducherry,34,Union Territory,20.59,31.73,121.94,0.15,174.26,174.41,
2017-11-01,2017-18,2017,11,Nov,Punjab,3,State,245.96,442.91,504.93,11.14,1193.8,1204.94,
2017-11-01,2017-18,2017,11,Nov,Rajasthan,8,State,537.63,764.66,738.85,141.36,2041.14,2182.5,
2017-11-01,2017-18,2017,11,Nov,Sikkim,11,State,10.36,13.75,121.74,0.1,145.85,145.95,
2017-11-01,2017-18,2017,11,Nov,Tamil Nadu,33,State,1288.16,1912.97,1494.64,539.94,4695.77,5235.71,
2017-11-01,2017-18,2017,11,Nov,Telangana,36,State,496.81,750.62,801.86,394.1,2049.29,2443.39,
2017-11-01,2017-18,2017,11,Nov,Tripura,16,State,12.88,19.43,2.7,0.28,35.01,35.29,
2017-11-01,2017-18,2017,11,Nov,Uttar Pradesh,9,State,838.12,1358.37,1197.47,774.11,3393.96,4168.07,
2017-11-01,2017-18,2017,11,Nov,Uttarakhand,5,State,143.53,306.87,763.45,24.27,1213.85,1238.12,
2017-11-01,2017-18,2017,11,Nov,West Bengal,19,State,592.9,1000.51,654.31,210.19,2247.72,2457.91,
2017-12-01,2017-18,2017,12,Dec,Andaman and Nicobar Islands,35,Union Territory,5.59,8.15,1.02,0.05,14.76,14.81,
2017-12-01,2017-18,2017,12,Dec,Andhra Pradesh,28,State,390.48,572.87,608.72,12.84,1572.07,1584.91,
2017-12-01,2017-18,2017,12,Dec,Arunachal Pradesh,12,State,3.33,6.27,2.14,0.15,11.74,11.89,
2017-12-01,2017-18,2017,12,Dec,Assam,18,State,135.81,196.87,207.13,49.7,539.81,589.51,
2017-12-01,2017-18,2017,12,Dec,Bihar,10,State,139.57,264.52,87.8,174.71,491.89,666.6,
2017-12-01,2017-18,2017,12,Dec,Chandigarh,4,Union Territory,26.78,37.6,67.46,0.62,131.84,132.46,
2017-12-01,2017-18,2017,12,Dec,Chhattisgarh,22,State,233.07,303.7,445.13,600.4,981.9,1582.3,
2017-12-01,2017-18,2017,12,Dec,Dadra and Nagar Haveli and Daman and Diu,38,Union Territory,20.0,31.03,182.31,0.06,233.34,233.4,
2017-12-01,2017-18,2017,12,Dec,Delhi,7,Union Territory,646.27,859.81,1450.77,93.61,2956.85,3050.46,
2017-12-01,2017-18,2017,12,Dec,Goa,30,State,73.48,111.94,128.19,1.72,313.61,315.33,
2017-12-01,2017-18,2017,12,Dec,Gujarat,24,State,1386.71,1790.21,1894.13,301.14,5071.05,5372.19,
2017-12-01,2017-18,2017,12,Dec,Haryana,6,State,603.43,968.19,2168.49,340.26,3740.11,4080.37,
2017-12-01,2017-18,2017,12,Dec,Himachal Pradesh,2,State,74.24,109.68,432.62,1.27,616.54,617.81,
2017-12-01,2017-18,2017,12,Dec,Jammu and Kashmir,1,Union Territory,86.14,143.67,83.97,0.92,313.78,314.7,
2017-12-01,2017-18,2017,12,Dec,Jharkhand,20,State,216.83,328.45,739.07,425.18,1284.35,1709.53,
2017-12-01,2017-18,2017,12,Dec,Karnataka,29,State,1219.43,1684.99,1760.64,903.43,4665.06,5568.49,
2017-12-01,2017-18,2017,12,Dec,Kerala,32,State,395.67,608.44,238.66,6.28,1242.77,1249.05,
2017-12-01,2017-18,2017,12,Dec,Lakshadweep,31,Union Territory,0.37,0.38,0.05,0.0,0.8,0.8,
2017-12-01,2017-18,2017,12,Dec,Madhya Pradesh,23,State,416.88,599.09,491.69,365.85,1507.66,1873.51,
2017-12-01,2017-18,2017,12,Dec,Maharashtra,27,State,3359.82,4361.38,4151.06,937.74,11872.26,12810.0,
2017-12-01,2017-18,2017,12,Dec,Manipur,14,State,4.39,8.52,0.73,0.08,13.64,13.72,
2017-12-01,2017-18,2017,12,Dec,Meghalaya,17,State,8.82,15.12,46.26,0.18,70.2,70.38,
2017-12-01,2017-18,2017,12,Dec,Mizoram,15,State,2.04,3.55,0.91,0.08,6.5,6.58,
2017-12-01,2017-18,2017,12,Dec,Nagaland,13,State,2.62,4.27,3.0,0.44,9.89,10.33,
2017-12-01,2017-18,2017,12,Dec,Odisha,21,State,301.57,400.68,505.74,496.85,1207.99,1704.84,
2017-12-01,2017-18,2017,12,Dec,Puducherry,34,Union Territory,16.9,27.79,116.37,0.09,161.06,161.15,
2017-12-01,2017-18,2017,12,Dec,Punjab,3,State,225.83,390.35,455.67,5.62,1071.85,1077.47,
2017-12-01,2017-18,2017,12,Dec,Rajasthan,8,State,546.29,746.48,723.17,132.05,2015.94,2147.99,
2017-12-01,2017-18,2017,12,Dec,Sikkim,11,State,6.53,10.19,147.0,0.02,163.72,163.74,
2017-12-01,2017-18,2017,12,Dec,Tamil Nadu,33,State,1229.68,1796.28,1460.74,527.75,4486.7,5014.45,
2017-12-01,2017-18,2017,12,Dec,Telangana,36,State,520.44,741.2,714.8,513.29,1976.44,2489.73,
2017-12-01,2017-18,2017,12,Dec,Tripura,16,State,9.91,16.66,2.79,0.44,29.36,29.8,
2017-12-01,2017-18,2017,12,Dec,Uttar Pradesh,9,State,842.9,1317.77,1220.74,1007.36,3381.41,4388.77,
2017-12-01,2017-18,2017,12,Dec,Uttarakhand,5,State,132.39,263.5,778.49,11.8,1174.38,1186.18,
2017-12-01,2017-18,2017,12,Dec,West Bengal,19,State,635.11,957.5,703.87,252.01,2296.48,2548.49,
2018-01-01,2017-18,2018,1,Jan,Andaman and Nicobar Islands,35,Union Territory,5.66,7.95,0.87,0.03,14.48,14.51,
2018-01-01,2017-18,2018,1,Jan,Andhra Pradesh,28,State,489.06,713.84,697.32,20.58,1900.22,1920.8,
2018-01-01,2017-18,2018,1,Jan,Arunachal Pradesh,12,State,4.72,8.57,3.03,0.14,16.32,16.46,
2018-01-01,2017-18,2018,1,Jan,Assam,18,State,141.39,222.14,175.96,38.46,539.49,577.95,
2018-01-01,2017-18,2018,1,Jan,Bihar,10,State,136.37,280.74,78.45,146.0,495.56,641.56,
2018-01-01,2017-18,2018,1,Jan,Chandigarh,4,Union Territory,27.01,41.53,77.64,1.35,146.18,147.53,
2018-01-01,2017-18,2018,1,Jan,Chhattisgarh,22,State,279.03,367.35,530.4,597.23,1176.78,1774.01,
2018-01-01,2017-18,2018,1,Jan,Dadra and Nagar Haveli and Daman and Diu,38,Union Territory,24.41,33.9,193.01,0.29,251.32,251.61,
2018-01-01,2017-18,2018,1,Jan,Delhi,7,Union Territory,825.37,1099.62,1596.28,81.45,3521.27,3602.72,
2018-01-01,2017-18,2018,1,Jan,Goa,30,State,82.76,116.78,103.7,2.27,303.24,305.51,
2018-01-01,2017-18,2018,1,Jan,Gujarat,24,State,1532.26,2060.8,1876.07,309.57,5469.13,5778.7,
2018-01-01,2017-18,2018,1,Jan,Haryana,6,State,609.78,965.79,2376.42,310.94,3951.99,4262.93,
2018-01-01,2017-18,2018,1,Jan,Himachal Pradesh,2,State,78.44,125.25,394.38,1.59,598.07,599.66,
2018-01-01,2017-18,2018,1,Jan,Jammu and Kashmir,1,Union Territory,92.21,144.58,65.21,4.37,302.0,306.37,
2018-01-01,2017-18,2018,1,Jan,Jharkhand,20,State,242.19,354.26,883.4,394.44,1479.85,1874.29,
2018-01-01,2017-18,2018,1,Jan,Karnataka,29,State,1257.76,1810.44,2049.01,873.84,5117.21,5991.05,
2018-01-01,2017-18,2018,1,Jan,Kerala,32,State,413.66,698.46,244.36,11.29,1356.48,1367.77,
2018-01-01,2017-18,2018,1,Jan,Lakshadweep,31,Union Territory,0.3,0.35,0.03,0.0,0.68,0.68,
2018-01-01,2017-18,2018,1,Jan,Madhya Pradesh,23,State,416.18,613.8,489.92,369.97,1519.9,1889.87,
2018-01-01,2017-18,2018,1,Jan,Maharashtra,27,State,3263.95,4450.34,4657.39,984.98,12371.68,13356.66,
2018-01-01,2017-18,2018,1,Jan,Manipur,14,State,3.71,7.59,0.84,0.16,12.14,12.3,
2018-01-01,2017-18,2018,1,Jan,Meghalaya,17,State,12.89,21.25,51.61,4.72,85.75,90.47,
2018-01-01,2017-18,2018,1,Jan,Mizoram,15,State,2.1,3.69,2.03,0.02,7.82,7.84,
2018-01-01,2017-18,2018,1,Jan,Nagaland,13,State,4.04,6.19,4.82,0.38,15.05,15.43,
2018-01-01,2017-18,2018,1,Jan,Odisha,21,State,355.36,470.56,542.25,590.33,1368.17,1958.5,
2018-01-01,2017-18,2018,1,Jan,Puducherry,34,Union Territory,20.57,30.9,109.73,1.57,161.2,162.77,
2018-01-01,2017-18,2018,1,Jan,Punjab,3,State,239.73,424.34,410.81,12.64,1074.88,1087.52,
2018-01-01,2017-18,2018,1,Jan,Rajasthan,8,State,599.43,858.55,781.42,154.81,2239.4,2394.21,
2018-01-01,2017-18,2018,1,Jan,Sikkim,11,State,6.67,11.45,133.58,0.01,151.7,151.71,
2018-01-01,2017-18,2018,1,Jan,Tamil Nadu,33,State,1282.27,1889.36,1555.99,588.31,4727.62,5315.93,
2018-01-01,2017-18,2018,1,Jan,Telangana,36,State,586.35,856.59,768.04,525.74,2210.98,2736.72,
2018-01-01,2017-18,2018,1,Jan,Tripura,16,State,11.45,16.95,3.66,0.17,32.06,32.23,
2018-01-01,2017-18,2018,1,Jan,Uttar Pradesh,9,State,926.94,1450.58,1339.6,957.3,3717.12,4674.42,
2018-01-01,2017-18,2018,1,Jan,Uttarakhand,5,State,153.59,268.71,825.16,14.27,1247.46,1261.73,
2018-01-01,2017-18,2018,1,Jan,West Bengal,19,State,669.53,990.88,714.51,282.96,2374.92,2657.88,
2018-02-01,2017-18,2018,2,Feb,Andaman and Nicobar Islands,35,Union Territory,8.25,11.07,0.9,0.02,20.22,20.24,
2018-02-01,2017-18,2018,2,Feb,Andhra Pradesh,28,State,415.89,581.44,742.9,18.25,1740.23,1758.48,
2018-02-01,2017-18,2018,2,Feb,Arunachal Pradesh,12,State,3.98,6.59,2.49,0.4,13.06,13.46,
2018-02-01,2017-18,2018,2,Feb,Assam,18,State,132.62,203.23,164.07,27.94,499.92,527.86,
2018-02-01,2017-18,2018,2,Feb,Bihar,10,State,145.59,270.19,127.62,223.39,543.4,766.79,
2018-02-01,2017-18,2018,2,Feb,Chandigarh,4,Union Territory,28.06,40.63,71.95,0.42,140.64,141.06,
2018-02-01,2017-18,2018,2,Feb,Chhattisgarh,22,State,307.61,389.14,546.64,290.24,1243.39,1533.63,
2018-02-01,2017-18,2018,2,Feb,Dadra and Nagar Haveli and Daman and Diu,38,Union Territory,19.22,29.18,185.33,0.18,233.73,233.91,
2018-02-01,2017-18,2018,2,Feb,Delhi,7,Union Territory,703.34,930.12,1402.38,85.14,3035.84,3120.98,
2018-02-01,2017-18,2018,2,Feb,Goa,30,State,93.29,127.22,134.43,2.31,354.94,357.25,
2018-02-01,2017-18,2018,2,Feb,Gujarat,24,State,1590.6,2030.58,1808.78,392.78,5429.96,5822.74,
2018-02-01,2017-18,2018,2,Feb,Haryana,6,State,602.17,942.47,2471.39,340.46,4016.03,4356.49,
2018-02-01,2017-18,2018,2,Feb,Himachal Pradesh,2,State,70.64,106.8,382.8,1.45,560.24,561.69,
2018-02-01,2017-18,2018,2,Feb,Jammu and Kashmir,1,Union Territory,71.58,124.99,71.13,1.59,267.7,269.29,
2018-02-01,2017-18,2018,2,Feb,Jharkhand,20,State,260.05,341.26,795.16,360.7,1396.47,1757.17,
2018-02-01,2017-18,2018,2,Feb,Karnataka,29,State,1252.86,1713.99,2063.63,988.01,5030.48,6018.49,
2018-02-01,2017-18,2018,2,Feb,Kerala,32,State,388.95,621.16,191.15,5.6,1201.26,1206.86,
2018-02-01,2017-18,2018,2,Feb,Lakshadweep,31,Union Territory,0.57,0.59,0.13,0.0,1.29,1.29,
2018-02-01,2017-18,2018,2,Feb,Madhya Pradesh,23,State,424.06,578.0,560.63,397.57,1562.69,1960.26,
2018-02-01,2017-18,2018,2,Feb,Maharashtra,27,State,3265.82,4296.96,3849.35,1036.79,11412.13,12448.92,
2018-02-01,2017-18,2018,2,Feb,Manipur,14,State,3.71,7.59,1.23,0.32,12.53,12.85,
2018-02-01,2017-18,2018,2,Feb,Meghalaya,17,State,12.66,18.41,74.72,9.45,105.79,115.24,
2018-02-01,2017-18,2018,2,Feb,Mizoram,15,State,2.18,4.72,1.14,0.17,8.04,8.21,
2018-02-01,2017-18,2018,2,Feb,Nagaland,13,State,3.67,4.92,3.29,0.28,11.88,12.16,
2018-02-01,2017-18,2018,2,Feb,Odisha,21,State,356.59,486.43,517.43,621.79,1360.45,1982.24,
2018-02-01,2017-18,2018,2,Feb,Puducherry,34,Union Territory,17.93,28.22,92.17,0.6,138.32,138.92,
2018-02-01,2017-18,2018,2,Feb,Punjab,3,State,240.18,385.28,427.95,7.67,1053.41,1061.08,
2018-02-01,2017-18,2018,2,Feb,Rajasthan,8,State,565.23,763.72,835.5,142.93,2164.45,2307.38,
2018-02-01,2017-18,2018,2,Feb,Sikkim,11,State,5.5,8.58,108.64,0.02,122.72,122.74,
2018-02-01,2017-18,2018,2,Feb,Tamil Nadu,33,State,1250.03,1900.97,1649.87,562.25,4800.87,5363.12,
2018-02-01,2017-18,2018,2,Feb,Telangana,36,State,571.45,793.72,748.07,526.47,2113.24,2639.71,
2018-02-01,2017-18,2018,2,Feb,Tripura,16,State,11.21,19.16,3.84,0.13,34.21,34.34,
2018-02-01,2017-18,2018,2,Feb,Uttar Pradesh,9,State,847.76,1352.37,1267.67,1129.13,3467.8,4596.93,
2018-02-01,2017-18,2018,2,Feb,Uttarakhand,5,State,140.69,274.45,730.54,20.67,1145.68,1166.35,
2018-02-01,2017-18,2018,2,Feb,West Bengal,19,State,923.9,1183.22,711.34,355.03,2818.46,3173.49,
2018-03-01,2017-18,2018,3,Mar,Andaman and Nicobar Islands,35,Union Territory,16.02,19.88,1.36,0.01,37.26,37.27,
2018-03-01,2017-18,2018,3,Mar,Andhra Pradesh,28,State,445.98,618.97,783.06,17.44,1848.01,1865.45,
2018-03-01,2017-18,2018,3,Mar,Arunachal Pradesh,12,State,9.98,17.65,4.8,0.01,32.43,32.44,
2018-03-01,2017-18,2018,3,Mar,Assam,18,State,156.08,227.99,179.35,55.09,563.42,618.51,
2018-03-01,2017-18,2018,3,Mar,Bihar,10,State,168.73,314.03,90.95,183.97,573.71,757.68,
2018-03-01,2017-18,2018,3,Mar,Chandigarh,4,Union Territory,25.67,36.01,74.28,0.18,135.96,136.14,
2018-03-01,2017-18,2018,3,Mar,Chhattisgarh,22,State,368.85,454.44,684.55,321.19,1507.84,1829.03,
2018-03-01,2017-18,2018,3,Mar,Dadra and Nagar Haveli and Daman and Diu,38,Union Territory,20.85,31.48,214.44,0.35,266.77,267.12,
2018-03-01,2017-18,2018,3,Mar,Delhi,7,Union Territory,807.25,982.02,1387.39,72.63,3176.66,3249.29,
2018-03-01,2017-18,2018,3,Mar,Goa,30,State,92.8,127.21,123.66,2.81,343.67,346.48,
2018-03-01,2017-18,2018,3,Mar,Gujarat,24,State,1594.43,2015.66,2006.19,305.98,5616.28,5922.26,
2018-03-01,2017-18,2018,3,Mar,Haryana,6,State,666.29,1032.5,2219.06,354.05,3917.85,4271.9,
2018-03-01,2017-18,2018,3,Mar,Himachal Pradesh,2,State,72.56,119.87,417.98,0.56,610.41,610.97,
2018-03-01,2017-18,2018,3,Mar,Jammu and Kashmir,1,Union Territory,65.77,114.29,75.89,2.03,255.95,257.98,
2018-03-01,2017-18,2018,3,Mar,Jharkhand,20,State,293.03,414.0,875.05,461.59,1582.08,2043.67,
2018-03-01,2017-18,2018,3,Mar,Karnataka,29,State,1299.12,1750.6,2203.71,743.68,5253.43,5997.11,
2018-03-01,2017-18,2018,3,Mar,Kerala,32,State,403.43,613.07,228.06,4.7,1244.56,1249.26,
2018-03-01,2017-18,2018,3,Mar,Lakshadweep,31,Union Territory,0.36,0.41,0.07,0.0,0.84,0.84,
2018-03-01,2017-18,2018,3,Mar,Madhya Pradesh,23,State,450.41,615.62,556.98,376.81,1623.01,1999.82,
2018-03-01,2017-18,2018,3,Mar,Maharashtra,27,State,3660.45,4586.58,4139.91,944.32,12386.94,13331.26,
2018-03-01,2017-18,2018,3,Mar,Manipur,14,State,7.4,16.38,1.21,0.07,24.99,25.06,
2018-03-01,2017-18,2018,3,Mar,Meghalaya,17,State,12.32,18.95,69.45,4.7,100.72,105.42,
2018-03-01,2017-18,2018,3,Mar,Mizoram,15,State,2.88,7.28,1.3,0.01,11.46,11.47,
2018-03-01,2017-18,2018,3,Mar,Nagaland,13,State,2.59,5.52,3.85,0.5,11.96,12.46,
2018-03-01,2017-18,2018,3,Mar,Odisha,21,State,391.07,515.12,559.94,525.31,1466.13,1991.44,
2018-03-01,2017-18,2018,3,Mar,Puducherry,34,Union Territory,19.64,28.03,94.94,0.92,142.61,143.53,
2018-03-01,2017-18,2018,3,Mar,Punjab,3,State,254.85,411.28,444.57,10.27,1110.7,1120.97,
2018-03-01,2017-18,2018,3,Mar,Rajasthan,8,State,579.32,789.77,845.34,131.79,2214.43,2346.22,
2018-03-01,2017-18,2018,3,Mar,Sikkim,11,State,8.91,16.13,119.65,0.43,144.69,145.12,
2018-03-01,2017-18,2018,3,Mar,Tamil Nadu,33,State,1337.21,1874.31,1761.0,507.11,4972.52,5479.63,
2018-03-01,2017-18,2018,3,Mar,Telangana,36,State,641.98,903.54,846.66,407.19,2392.18,2799.37,
2018-03-01,2017-18,2018,3,Mar,Tripura,16,State,15.22,22.74,7.31,0.15,45.27,45.42,
2018-03-01,2017-18,2018,3,Mar,Uttar Pradesh,9,State,989.8,1515.66,1338.53,939.08,3843.99,4783.07,
2018-03-01,2017-18,2018,3,Mar,Uttarakhand,5,State,162.29,303.4,777.71,21.04,1243.4,1264.44,
2018-03-01,2017-18,2018,3,Mar,West Bengal,19,State,1199.19,1494.35,765.23,297.05,3458.77,3755.82,
2018-04-01,2018-19,2018,4,Apr,Andaman and Nicobar Islands,35,Union Territory,21.27,27.06,1.69,0.03,50.02,50.05,
2018-04-01,2018-19,2018,4,Apr,Andhra Pradesh,28,State,529.43,812.46,883.39,25.89,2225.28,2251.17,
2018-04-01,2018-19,2018,4,Apr,Arunachal Pradesh,12,State,12.86,16.53,3.24,0.52,32.63,33.15,
2018-04-01,2018-19,2018,4,Apr,Assam,18,State,172.48,276.88,176.89,52.97,626.25,679.22,
2018-04-01,2018-19,2018,4,Apr,Bihar,10,State,205.91,425.05,108.9,173.69,739.86,913.55,
2018-04-01,2018-19,2018,4,Apr,Chandigarh,4,Union Territory,33.67,46.39,101.44,0.23,181.5,181.73,
2018-04-01,2018-19,2018,4,Apr,Chhattisgarh,22,State,338.43,415.64,633.35,502.24,1387.42,1889.66,
2018-04-01,2018-19,2018,4,Apr,Dadra and Nagar Haveli and Daman and Diu,38,Union Territory,28.75,41.26,187.56,0.14,257.57,257.71,
2018-04-01,2018-19,2018,4,Apr,Delhi,7,Union Territory,1104.77,1331.57,1682.85,78.81,4119.19,4198.0,
2018-04-01,2018-19,2018,4,Apr,Goa,30,State,89.39,122.13,137.47,3.48,348.99,352.47,
2018-04-01,2018-19,2018,4,Apr,Gujarat,24,State,1701.28,2133.4,2190.05,303.9,6024.73,6328.63,
2018-04-01,2018-19,2018,4,Apr,Haryana,6,State,713.35,1100.32,2982.04,334.22,4795.71,5129.93,
2018-04-01,2018-19,2018,4,Apr,Himachal Pradesh,2,State,88.97,135.99,420.82,1.48,645.78,647.26,
2018-04-01,2018-19,2018,4,Apr,Jammu and Kashmir,1,Union Territory,115.22,179.62,73.98,3.24,368.82,372.06,
2018-04-01,2018-19,2018,4,Apr,Jharkhand,20,State,348.7,489.66,1045.35,504.82,1883.71,2388.53,
2018-04-01,2018-19,2018,4,Apr,Karnataka,29,State,1608.18,2192.43,2640.19,906.45,6440.8,7347.25,
2018-04-01,2018-19,2018,4,Apr,Kerala,32,State,457.51,702.07,232.56,4.02,1392.14,1396.16,
2018-04-01,2018-19,2018,4,Apr,Lakshadweep,31,Union Territory,1.17,1.26,0.09,0.0,2.52,2.52,
2018-04-01,2018-19,2018,4,Apr,Madhya Pradesh,23,State,525.89,717.05,646.84,454.56,1889.78,2344.34,
2018-04-01,2018-19,2018,4,Apr,Maharashtra,27,State,4254.07,5382.56,5963.59,1125.63,15600.22,16725.85,
2018-04-01,2018-19,2018,4,Apr,Manipur,14,State,13.9,18.42,1.49,0.03,33.81,33.84,
2018-04-01,2018-19,2018,4,Apr,Meghalaya,17,State,23.66,32.8,92.31,3.64,148.77,152.41,
2018-04-01,2018-19,2018,4,Apr,Mizoram,15,State,5.88,9.41,1.96,0.04,17.25,17.29,
2018-04-01,2018-19,2018,4,Apr,Nagaland,13,State,4.43,7.24,5.12,0.17,16.79,16.96,
2018-04-01,2018-19,2018,4,Apr,Odisha,21,State,448.98,639.24,495.94,583.64,1584.16,2167.8,
2018-04-01,2018-19,2018,4,Apr,Puducherry,34,Union Territory,20.67,31.38,117.98,0.22,170.03,170.25,
2018-04-01,2018-19,2018,4,Apr,Punjab,3,State,310.48,498.58,432.34,17.0,1241.4,1258.4,
2018-04-01,2018-19,2018,4,Apr,Rajasthan,8,State,659.25,903.88,903.75,141.83,2466.88,2608.71,
2018-04-01,2018-19,2018,4,Apr,Sikkim,11,State,11.58,15.74,123.22,0.0,150.54,150.54,
2018-04-01,2018-19,2018,4,Apr,Tamil Nadu,33,State,1499.28,2096.08,2395.6,674.98,5990.96,6665.94,
2018-04-01,2018-19,2018,4,Apr,Telangana,36,State,715.3,1021.27,1127.47,513.64,2864.04,3377.68,
2018-04-01,2018-19,2018,4,Apr,Tripura,16,State,16.95,25.48,3.22,0.06,45.65,45.71,
2018-04-01,2018-19,2018,4,Apr,Uttar Pradesh,9,State,1330.07,2115.07,1545.28,1029.82,4990.42,6020.24,
2018-04-01,2018-19,2018,4,Apr,Uttarakhand,5,State,211.48,355.83,924.75,22.56,1492.06,1514.62,
2018-04-01,2018-19,2018,4,Apr,West Bengal,19,State,1017.02,1359.81,925.64,388.16,3302.47,3690.63,
2018-05-01,2018-19,2018,5,May,Andaman and Nicobar Islands,35,Union Territory,5.6,8.63,1.96,0.03,16.19,16.22,
2018-05-01,2018-19,2018,5,May,Andhra Pradesh,28,State,488.45,689.92,762.84,20.87,1941.21,1962.08,
2018-05-01,2018-19,2018,5,May,Arunachal Pradesh,12,State,9.77,15.39,4.48,0.01,29.64,29.65,
2018-05-01,2018-19,2018,5,May,Assam,18,State,314.07,399.25,185.11,25.97,898.43,924.4,
2018-05-01,2018-19,2018,5,May,Bihar,10,State,167.85,335.01,119.73,116.8,622.59,739.39,
2018-05-01,2018-19,2018,5,May,Chandigarh,4,Union Territory,26.89,36.46,68.8,0.07,132.15,132.22,
2018-05-01,2018-19,2018,5,May,Chhattisgarh,22,State,299.94,378.1,662.44,529.11,1340.48,1869.59,
2018-05-01,2018-19,2018,5,May,Dadra and Nagar Haveli and Daman and Diu,38,Union Territory,20.57,29.54,169.47,0.06,219.58,219.64,
2018-05-01,2018-19,2018,5,May,Delhi,7,Union Territory,631.29,797.35,1402.19,84.07,2830.83,2914.9,
2018-05-01,2018-19,2018,5,May,Goa,30,State,78.8,106.46,129.48,2.79,314.74,317.53,
2018-05-01,2018-19,2018,5,May,Gujarat,24,State,1726.58,2177.27,2016.55,341.56,5920.4,6261.96,
2018-05-01,2018-19,2018,5,May,Haryana,6,State,690.59,1015.29,2515.98,351.88,4221.86,4573.74,
2018-05-01,2018-19,2018,5,May,Himachal Pradesh,2,State,74.38,116.83,453.85,1.05,645.06,646.11,
2018-05-01,2018-19,2018,5,May,Jammu and Kashmir,1,Union Territory,70.6,119.22,72.76,4.37,262.58,266.95,
2018-05-01,2018-19,2018,5,May,Jharkhand,20,State,251.29,358.41,893.7,454.38,1503.4,1957.78,
2018-05-01,2018-19,2018,5,May,Karnataka,29,State,1260.0,1691.95,2102.05,698.12,5054.0,5752.12,
2018-05-01,2018-19,2018,5,May,Kerala,32,State,419.93,658.95,216.05,5.47,1294.93,1300.4,
2018-05-01,2018-19,2018,5,May,Lakshadweep,31,Union Territory,0.06,0.06,0.02,0.0,0.14,0.14,
2018-05-01,2018-19,2018,5,May,Madhya Pradesh,23,State,383.89,555.28,527.63,396.84,1466.8,1863.64,
2018-05-01,2018-19,2018,5,May,Maharashtra,27,State,3684.41,4606.0,3960.49,796.5,12250.9,13047.4,
2018-05-01,2018-19,2018,5,May,Manipur,14,State,5.26,9.28,1.95,0.17,16.49,16.66,
2018-05-01,2018-19,2018,5,May,Meghalaya,17,State,13.72,19.92,89.94,3.02,123.58,126.6,
2018-05-01,2018-19,2018,5,May,Mizoram,15,State,3.15,6.47,4.14,0.0,13.76,13.76,
2018-05-01,2018-19,2018,5,May,Nagaland,13,State,3.14,5.98,3.99,0.32,13.11,13.43,
2018-05-01,2018-19,2018,5,May,Odisha,21,State,360.08,499.24,637.63,395.01,1496.95,1891.96,
2018-05-01,2018-19,2018,5,May,Puducherry,34,Union Territory,18.21,26.94,110.19,0.16,155.34,155.5,
2018-05-01,2018-19,2018,5,May,Punjab,3,State,237.85,397.4,487.8,16.26,1123.05,1139.31,
2018-05-01,2018-19,2018,5,May,Rajasthan,8,State,637.39,848.79,873.4,132.92,2359.58,2492.5,
2018-05-01,2018-19,2018,5,May,Sikkim,11,State,9.94,13.55,143.15,0.66,166.64,167.3,
2018-05-01,2018-19,2018,5,May,Tamil Nadu,33,State,1388.18,1927.11,1682.28,491.02,4997.57,5488.59,
2018-05-01,2018-19,2018,5,May,Telangana,36,State,547.3,806.81,790.83,474.12,2144.94,2619.06,
2018-05-01,2018-19,2018,5,May,Tripura,16,State,16.9,25.84,2.68,0.24,45.42,45.66,
2018-05-01,2018-19,2018,5,May,Uttar Pradesh,9,State,971.73,1502.79,1302.46,838.84,3776.98,4615.82,
2018-05-01,2018-19,2018,5,May,Uttarakhand,5,State,160.37,303.98,761.5,20.84,1225.85,1246.69,
2018-05-01,2018-19,2018,5,May,West Bengal,19,State,869.32,1171.3,786.37,281.4,2826.99,3108.39,
2018-06-01,2018-19,2018,6,Jun,Andaman and Nicobar Islands,35,Union Territory,11.29,13.87,2.47,0.06,27.63,27.69,
2018-06-01,2018-19,2018,6,Jun,Andhra Pradesh,28,State,460.33,668.17,780.49,26.61,1908.99,1935.6,
2018-06-01,2018-19,2018,6,Jun,Arunachal Pradesh,12,State,9.32,13.54,3.95,0.01,26.81,26.82,
2018-06-01,2018-19,2018,6,Jun,Assam,18,State,171.54,250.27,195.99,44.86,617.8,662.66,
2018-06-01,2018-19,2018,6,Jun,Bihar,10,State,178.75,365.74,87.86,128.78,632.35,761.13,
2018-06-01,2018-19,2018,6,Jun,Chandigarh,4,Union Territory,25.54,39.69,70.78,0.39,136.01,136.4,
2018-06-01,2018-19,2018,6,Jun,Chhattisgarh,22,State,303.48,383.21,693.19,521.86,1379.88,1901.74,
2018-06-01,2018-19,2018,6,Jun,Dadra and Nagar Haveli and Daman and Diu,38,Union Territory,22.48,34.52,158.16,0.03,215.16,215.19,
2018-06-01,2018-19,2018,6,Jun,Delhi,7,Union Territory,619.82,795.19,1601.91,86.36,3016.92,3103.28,
2018-06-01,2018-19,2018,6,Jun,Goa,30,State,83.28,113.49,135.33,3.15,332.1,335.25,
2018-06-01,2018-19,2018,6,Jun,Gujarat,24,State,1634.99,2075.49,2251.42,400.6,5961.9,6362.5,
2018-06-01,2018-19,2018,6,Jun,Haryana,6,State,709.28,1090.66,2436.53,398.01,4236.47,4634.48,
2018-06-01,2018-19,2018,6,Jun,Himachal Pradesh,2,State,81.19,128.47,430.16,1.44,639.82,641.26,
2018-06-01,2018-19,2018,6,Jun,Jammu and Kashmir,1,Union Territory,70.74,119.02,72.19,4.17,261.95,266.12,
2018-06-01,2018-19,2018,6,Jun,Jharkhand,20,State,273.36,385.05,849.82,470.87,1508.23,1979.1,
2018-06-01,2018-19,2018,6,Jun,Karnataka,29,State,1317.79,1771.66,2285.64,868.72,5375.09,6243.81,
2018-06-01,2018-19,2018,6,Jun,Kerala,32,State,426.52,683.9,190.0,5.59,1300.42,1306.01,
2018-06-01,2018-19,2018,6,Jun,Lakshadweep,31,Union Territory,3.09,3.13,0.13,0.0,6.35,6.35,
2018-06-01,2018-19,2018,6,Jun,Madhya Pradesh,23,State,418.54,609.99,543.58,432.46,1572.11,2004.57,
2018-06-01,2018-19,2018,6,Jun,Maharashtra,27,State,3898.98,4810.38,4398.22,913.23,13107.58,14020.81,
2018-06-01,2018-19,2018,6,Jun,Manipur,14,State,8.44,12.39,1.09,0.06,21.92,21.98,
2018-06-01,2018-19,2018,6,Jun,Meghalaya,17,State,14.92,20.95,76.04,4.27,111.91,116.18,
2018-06-01,2018-19,2018,6,Jun,Mizoram,15,State,3.25,6.24,0.74,0.03,10.23,10.26,
2018-06-01,2018-19,2018,6,Jun,Nagaland,13,State,2.85,5.54,4.44,0.6,12.83,13.43,
2018-06-01,2018-19,2018,6,Jun,Odisha,21,State,407.43,535.87,786.43,422.17,1729.73,2151.9,
2018-06-01,2018-19,2018,6,Jun,Puducherry,34,Union Territory,19.61,27.2,98.99,0.24,145.8,146.04,
2018-06-01,2018-19,2018,6,Jun,Punjab,3,State,250.79,441.5,489.74,18.2,1182.03,1200.23,
2018-06-01,2018-19,2018,6,Jun,Rajasthan,8,State,606.74,833.94,850.17,133.24,2290.85,2424.09,
2018-06-01,2018-19,2018,6,Jun,Sikkim,11,State,10.12,14.44,146.41,0.01,170.97,170.98,
2018-06-01,2018-19,2018,6,Jun,Tamil Nadu,33,State,1278.2,1806.52,1526.61,575.66,4611.33,5186.99,
2018-06-01,2018-19,2018,6,Jun,Telangana,36,State,563.43,797.96,792.22,547.87,2153.61,2701.48,
2018-06-01,2018-19,2018,6,Jun,Tripura,16,State,12.06,19.46,3.68,0.06,35.2,35.26,
2018-06-01,2018-19,2018,6,Jun,Uttar Pradesh,9,State,1034.74,1624.02,1374.16,999.74,4032.92,5032.66,
2018-06-01,2018-19,2018,6,Jun,Uttarakhand,5,State,164.16,309.88,770.71,21.28,1244.75,1266.03,
2018-06-01,2018-19,2018,6,Jun,West Bengal,19,State,857.67,1188.32,747.79,318.08,2793.78,3111.86,
2018-07-01,2018-19,2018,7,Jul,Andaman and Nicobar Islands,35,Union Territory,4.28,8.38,1.74,0.02,14.4,14.42,
2018-07-01,2018-19,2018,7,Jul,Andhra Pradesh,28,State,483.57,723.34,776.03,43.2,1982.94,2026.14,
2018-07-01,2018-19,2018,7,Jul,Arunachal Pradesh,12,State,10.05,14.69,3.89,0.02,28.63,28.65,
2018-07-01,2018-19,2018,7,Jul,Assam,18,State,162.93,259.53,197.37,41.19,619.83,661.02,
2018-07-01,2018-19,2018,7,Jul,Bihar,10,State,194.84,393.18,100.65,162.54,688.67,851.21,
2018-07-01,2018-19,2018,7,Jul,Chandigarh,4,Union Territory,29.85,41.03,76.75,0.3,147.63,147.93,
2018-07-01,2018-19,2018,7,Jul,Chhattisgarh,22,State,337.88,420.32,550.55,601.32,1308.75,1910.07,
2018-07-01,2018-19,2018,7,Jul,Dadra and Nagar Haveli and Daman and Diu,38,Union Territory,23.37,35.4,176.35,0.03,235.12,235.15,
2018-07-01,2018-19,2018,7,Jul,Delhi,7,Union Territory,662.98,834.08,1513.8,83.97,3010.86,3094.83,
2018-07-01,2018-19,2018,7,Jul,Goa,30,State,73.71,106.01,137.69,1.28,317.41,318.69,
2018-07-01,2018-19,2018,7,Jul,Gujarat,24,State,1543.92,1997.23,2189.68,348.87,5730.83,6079.7,
2018-07-01,2018-19,2018,7,Jul,Haryana,6,State,680.22,1003.56,2311.71,299.16,3995.49,4294.65,
2018-07-01,2018-19,2018,7,Jul,Himachal Pradesh,2,State,85.42,131.11,399.77,1.2,616.3,617.5,
2018-07-01,2018-19,2018,7,Jul,Jammu and Kashmir,1,Union Territory,80.44,134.72,95.6,7.18,310.76,317.94,
2018-07-01,2018-19,2018,7,Jul,Jharkhand,20,State,300.68,429.5,710.62,407.15,1440.8,1847.95,
2018-07-01,2018-19,2018,7,Jul,Karnataka,29,State,1389.42,1919.36,2473.95,993.51,5782.73,6776.24,
2018-07-01,2018-19,2018,7,Jul,Kerala,32,State,404.76,657.7,210.7,3.52,1273.16,1276.68,
2018-07-01,2018-19,2018,7,Jul,Lakshadweep,31,Union Territory,0.38,0.42,0.08,0.0,0.88,0.88,
2018-07-01,2018-19,2018,7,Jul,Madhya Pradesh,23,State,455.35,657.97,554.41,400.88,1667.73,2068.61,
2018-07-01,2018-19,2018,7,Jul,Maharashtra,27,State,3478.17,4529.76,4726.5,1016.69,12734.43,13751.12,
2018-07-01,2018-19,2018,7,Jul,Manipur,14,State,6.71,16.47,1.05,0.12,24.23,24.35,
2018-07-01,2018-19,2018,7,Jul,Meghalaya,17,State,15.42,22.28,74.74,1.41,112.44,113.85,
2018-07-01,2018-19,2018,7,Jul,Mizoram,15,State,3.05,5.65,1.52,0.0,10.22,10.22,
2018-07-01,2018-19,2018,7,Jul,Nagaland,13,State,2.91,4.73,4.34,0.51,11.98,12.49,
2018-07-01,2018-19,2018,7,Jul,Odisha,21,State,400.58,546.84,651.11,460.35,1598.53,2058.88,
2018-07-01,2018-19,2018,7,Jul,Puducherry,34,Union Territory,20.09,29.17,111.55,0.15,160.81,160.96,
2018-07-01,2018-19,2018,7,Jul,Punjab,3,State,265.76,453.4,436.09,16.18,1155.25,1171.43,
2018-07-01,2018-19,2018,7,Jul,Rajasthan,8,State,642.58,891.91,788.09,130.94,2322.58,2453.52,
2018-07-01,2018-19,2018,7,Jul,Sikkim,11,State,16.38,23.58,141.17,0.13,181.13,181.26,
2018-07-01,2018-19,2018,7,Jul,Tamil Nadu,33,State,1367.35,1956.13,1636.15,656.16,4959.63,5615.79,
2018-07-01,2018-19,2018,7,Jul,Telangana,36,State,592.32,843.92,854.61,511.7,2290.85,2802.55,
2018-07-01,2018-19,2018,7,Jul,Tripura,16,State,17.41,24.48,3.51,0.58,45.4,45.98,
2018-07-01,2018-19,2018,7,Jul,Uttar Pradesh,9,State,1055.82,1637.23,1280.82,1009.23,3973.87,4983.1,
2018-07-01,2018-19,2018,7,Jul,Uttarakhand,5,State,179.41,321.93,889.7,17.07,1391.04,1408.11,
2018-07-01,2018-19,2018,7,Jul,West Bengal,19,State,875.78,1195.39,866.14,351.42,2937.31,3288.73,
2018-08-01,2018-19,2018,8,Aug,Andaman and Nicobar Islands,35,Union Territory,4.12,8.17,1.22,0.09,13.51,13.6,
2018-08-01,2018-19,2018,8,Aug,Andhra Pradesh,28,State,448.51,646.09,777.33,18.83,1871.93,1890.76,
2018-08-01,2018-19,2018,8,Aug,Arunachal Pradesh,12,State,7.14,11.08,4.22,0.23,22.44,22.67,
2018-08-01,2018-19,2018,8,Aug,Assam,18,State,172.95,246.78,201.88,24.35,621.61,645.96,
2018-08-01,2018-19,2018,8,Aug,Bihar,10,State,192.94,357.08,127.57,168.23,677.59,845.82,
2018-08-01,2018-19,2018,8,Aug,Chandigarh,4,Union Territory,28.64,39.93,70.85,0.16,139.42,139.58,
2018-08-01,2018-19,2018,8,Aug,Chhattisgarh,22,State,309.88,398.68,576.67,535.74,1285.23,1820.97,
2018-08-01,2018-19,2018,8,Aug,Dadra and Nagar Haveli and Daman and Diu,38,Union Territory,23.83,36.34,153.14,0.15,213.31,213.46,
2018-08-01,2018-19,2018,8,Aug,Delhi,7,Union Territory,655.04,825.96,1440.66,92.92,2921.66,3014.58,
2018-08-01,2018-19,2018,8,Aug,Goa,30,State,77.07,107.74,120.58,1.41,305.39,306.8,
2018-08-01,2018-19,2018,8,Aug,Gujarat,24,State,1413.49,1815.81,1701.42,321.54,4930.72,5252.26,
2018-08-01,2018-19,2018,8,Aug,Haryana,6,State,711.49,1088.28,2281.42,292.7,4081.19,4373.89,
2018-08-01,2018-19,2018,8,Aug,Himachal Pradesh,2,State,77.46,121.38,362.27,1.2,561.11,562.31,
2018-08-01,2018-19,2018,8,Aug,Jammu and Kashmir,1,Union Territory,72.77,129.47,99.01,4.02,301.25,305.27,
2018-08-01,2018-19,2018,8,Aug,Jharkhand,20,State,256.19,364.84,664.51,383.7,1285.54,1669.24,
2018-08-01,2018-19,2018,8,Aug,Karnataka,29,State,1370.2,1845.95,2225.44,829.63,5441.59,6271.22,
2018-08-01,2018-19,2018,8,Aug,Kerala,32,State,351.82,529.94,243.79,3.75,1125.55,1129.3,
2018-08-01,2018-19,2018,8,Aug,Lakshadweep,31,Union Territory,0.17,0.18,0.04,0.0,0.39,0.39,
2018-08-01,2018-19,2018,8,Aug,Madhya Pradesh,23,State,414.22,596.15,573.92,378.26,1584.29,1962.55,
2018-08-01,2018-19,2018,8,Aug,Maharashtra,27,State,3468.06,4385.3,4142.54,836.03,11995.9,12831.93,
2018-08-01,2018-19,2018,8,Aug,Manipur,14,State,6.11,9.56,0.89,0.05,16.56,16.61,
2018-08-01,2018-19,2018,8,Aug,Meghalaya,17,State,15.66,21.27,64.73,0.68,101.66,102.34,
2018-08-01,2018-19,2018,8,Aug,Mizoram,15,State,3.47,6.68,0.63,0.02,10.78,10.8,
2018-08-01,2018-19,2018,8,Aug,Nagaland,13,State,4.58,6.73,3.6,0.39,14.91,15.3,
2018-08-01,2018-19,2018,8,Aug,Odisha,21,State,400.97,525.89,837.7,477.2,1764.56,2241.76,
2018-08-01,2018-19,2018,8,Aug,Puducherry,34,Union Territory,16.95,30.7,101.37,0.1,149.02,149.12,
2018-08-01,2018-19,2018,8,Aug,Punjab,3,State,247.75,409.91,427.29,11.83,1084.95,1096.78,
2018-08-01,2018-19,2018,8,Aug,Rajasthan,8,State,570.64,796.9,748.83,124.02,2116.37,2240.39,
2018-08-01,2018-19,2018,8,Aug,Sikkim,11,State,7.08,12.23,143.79,0.03,163.1,163.13,
2018-08-01,2018-19,2018,8,Aug,Tamil Nadu,33,State,1395.26,2000.38,1567.42,472.53,4963.06,5435.59,
2018-08-01,2018-19,2018,8,Aug,Telangana,36,State,566.23,792.95,833.04,467.53,2192.22,2659.75,
2018-08-01,2018-19,2018,8,Aug,Tripura,16,State,14.18,20.12,3.9,0.1,38.2,38.3,
2018-08-01,2018-19,2018,8,Aug,Uttar Pradesh,9,State,935.42,1452.78,1353.17,1022.19,3741.37,4763.56,
2018-08-01,2018-19,2018,8,Aug,Uttarakhand,5,State,158.9,297.24,549.46,14.57,1005.6,1020.17,
2018-08-01,2018-19,2018,8,Aug,West Bengal,19,State,883.31,1178.5,768.88,293.85,2830.69,3124.54,
2018-09-01,2018-19,2018,9,Sep,Andaman and Nicobar Islands,35,Union Territory,9.22,12.51,1.17,0.02,22.9,22.92,
2018-09-01,2018-19,2018,9,Sep,Andhra Pradesh,28,State,493.36,692.61,808.7,28.62,1994.67,2023.29,
2018-09-01,2018-19,2018,9,Sep,Arunachal Pradesh,12,State,10.23,13.41,2.16,0.14,25.8,25.94,
2018-09-01,2018-19,2018,9,Sep,Assam,18,State,184.27,256.84,223.82,31.82,664.93,696.75,
2018-09-01,2018-19,2018,9,Sep,Bihar,10,State,195.55,374.04,90.67,170.28,660.26,830.54,
2018-09-01,2018-19,2018,9,Sep,Chandigarh,4,Union Territory,26.98,40.93,75.28,0.18,143.19,143.37,
2018-09-01,2018-19,2018,9,Sep,Chhattisgarh,22,State,287.07,361.02,509.3,513.6,1157.39,1670.99,
2018-09-01,2018-19,2018,9,Sep,Dadra and Nagar Haveli and Daman and Diu,38,Union Territory,21.83,32.95,168.82,0.2,223.6,223.8,
2018-09-01,2018-19,2018,9,Sep,Delhi,7,Union Territory,620.52,787.04,1642.9,89.04,3050.46,3139.5,
2018-09-01,2018-19,2018,9,Sep,Goa,30,State,69.23,101.03,134.42,3.83,304.68,308.51,
2018-09-01,2018-19,2018,9,Sep,Gujarat,24,State,1547.8,1999.97,2229.57,322.81,5777.34,6100.15,
2018-09-01,2018-19,2018,9,Sep,Haryana,6,State,688.69,1039.91,2156.43,307.1,3885.03,4192.13,
2018-09-01,2018-19,2018,9,Sep,Himachal Pradesh,2,State,79.1,118.53,450.11,0.8,647.74,648.54,
2018-09-01,2018-19,2018,9,Sep,Jammu and Kashmir,1,Union Territory,78.61,129.74,123.85,4.65,332.2,336.85,
2018-09-01,2018-19,2018,9,Sep,Jharkhand,20,State,264.31,367.6,755.85,347.83,1387.76,1735.59,
2018-09-01,2018-19,2018,9,Sep,Karnataka,29,State,1316.81,1809.4,2287.52,898.26,5413.73,6311.99,
2018-09-01,2018-19,2018,9,Sep,Kerala,32,State,345.11,529.43,164.83,2.87,1039.37,1042.24,
2018-09-01,2018-19,2018,9,Sep,Lakshadweep,31,Union Territory,0.06,0.47,0.0,0.0,0.53,0.53,
2018-09-01,2018-19,2018,9,Sep,Madhya Pradesh,23,State,400.14,572.94,528.69,397.17,1501.77,1898.94,
2018-09-01,2018-19,2018,9,Sep,Maharashtra,27,State,3428.64,4292.71,4307.92,1052.22,12029.27,13081.49,
2018-09-01,2018-19,2018,9,Sep,Manipur,14,State,10.65,20.16,1.02,0.0,31.83,31.83,
2018-09-01,2018-19,2018,9,Sep,Meghalaya,17,State,13.41,19.91,57.73,1.49,91.05,92.54,
2018-09-01,2018-19,2018,9,Sep,Mizoram,15,State,5.3,7.56,0.46,0.07,13.32,13.39,
2018-09-01,2018-19,2018,9,Sep,Nagaland,13,State,5.45,7.74,8.63,0.17,21.82,21.99,
2018-09-01,2018-19,2018,9,Sep,Odisha,21,State,403.92,527.58,808.73,446.53,1740.23,2186.76,
2018-09-01,2018-19,2018,9,Sep,Puducherry,34,Union Territory,18.9,29.82,111.9,0.2,160.62,160.82,
2018-09-01,2018-19,2018,9,Sep,Punjab,3,State,250.89,406.1,445.78,14.31,1102.77,1117.08,
2018-09-01,2018-19,2018,9,Sep,Rajasthan,8,State,559.53,773.57,781.36,129.02,2114.46,2243.48,
2018-09-01,2018-19,2018,9,Sep,Sikkim,11,State,7.82,11.34,145.92,0.01,165.08,165.09,
2018-09-01,2018-19,2018,9,Sep,Tamil Nadu,33,State,1384.41,1976.47,1756.48,616.03,5117.36,5733.39,
2018-09-01,2018-19,2018,9,Sep,Telangana,36,State,614.97,854.31,784.23,468.28,2253.51,2721.79,
2018-09-01,2018-19,2018,9,Sep,Tripura,16,State,18.24,25.94,4.63,0.68,48.81,49.49,
2018-09-01,2018-19,2018,9,Sep,Uttar Pradesh,9,State,917.49,1408.93,1438.67,1046.85,3765.09,4811.94,
2018-09-01,2018-19,2018,9,Sep,Uttarakhand,5,State,157.81,289.72,779.54,19.52,1227.07,1246.59,
2018-09-01,2018-19,2018,9,Sep,West Bengal,19,State,870.93,1150.44,799.75,309.05,2821.12,3130.17,
2018-10-01,2018-19,2018,10,Oct,Andaman and Nicobar Islands,35,Union Territory,3.89,7.43,1.58,0.0,12.9,12.9,
2018-10-01,2018-19,2018,10,Oct,Andhra Pradesh,28,State,548.31,786.62,856.42,20.9,2191.35,2212.25,
2018-10-01,2018-19,2018,10,Oct,Arunachal Pradesh,12,State,9.79,14.67,3.25,0.49,27.71,28.2,
2018-10-01,2018-19,2018,10,Oct,Assam,18,State,203.19,288.75,227.0,37.85,718.94,756.79,
2018-10-01,2018-19,2018,10,Oct,Bihar,10,State,197.94,397.09,92.46,124.94,687.49,812.43,
2018-10-01,2018-19,2018,10,Oct,Chandigarh,4,Union Territory,26.08,34.78,80.06,0.3,140.92,141.22,
2018-10-01,2018-19,2018,10,Oct,Chhattisgarh,22,State,321.97,423.92,523.27,467.54,1269.16,1736.7,
2018-10-01,2018-19,2018,10,Oct,Dadra and Nagar Haveli and Daman and Diu,38,Union Territory,25.55,37.62,178.73,0.05,241.9,241.95,
2018-10-01,2018-19,2018,10,Oct,Delhi,7,Union Territory,666.38,859.74,1671.1,89.82,3197.22,3287.04,
2018-10-01,2018-19,2018,10,Oct,Goa,30,State,76.39,112.69,122.16,1.46,311.24,312.7,
2018-10-01,2018-19,2018,10,Oct,Gujarat,24,State,1591.84,1998.91,2260.97,307.48,5851.72,6159.2,
2018-10-01,2018-19,2018,10,Oct,Haryana,6,State,707.76,1053.84,2373.95,325.75,4135.55,4461.3,
2018-10-01,2018-19,2018,10,Oct,Himachal Pradesh,2,State,78.77,124.54,445.78,1.55,649.09,650.64,
2018-10-01,2018-19,2018,10,Oct,Jammu and Kashmir,1,Union Territory,84.91,133.23,103.03,2.89,321.17,324.06,
2018-10-01,2018-19,2018,10,Oct,Jharkhand,20,State,359.99,469.16,894.17,368.01,1723.32,2091.33,
2018-10-01,2018-19,2018,10,Oct,Karnataka,29,State,1385.81,1880.13,2445.18,876.38,5711.12,6587.5,
2018-10-01,2018-19,2018,10,Oct,Kerala,32,State,451.48,787.77,256.72,4.66,1495.97,1500.63,
2018-10-01,2018-19,2018,10,Oct,Lakshadweep,31,Union Territory,0.04,0.05,0.05,0.0,0.14,0.14,
2018-10-01,2018-19,2018,10,Oct,Madhya Pradesh,23,State,435.69,640.66,514.66,401.5,1591.01,1992.51,
2018-10-01,2018-19,2018,10,Oct,Maharashtra,27,State,3671.84,4595.09,5314.06,953.39,13580.99,14534.38,
2018-10-01,2018-19,2018,10,Oct,Manipur,14,State,7.76,15.18,1.23,0.15,24.17,24.32,
2018-10-01,2018-19,2018,10,Oct,Meghalaya,17,State,16.26,25.76,52.4,1.18,94.42,95.6,
2018-10-01,2018-19,2018,10,Oct,Mizoram,15,State,2.42,5.01,2.77,0.0,10.2,10.2,
2018-10-01,2018-19,2018,10,Oct,Nagaland,13,State,4.81,8.0,5.25,0.52,18.06,18.58,
2018-10-01,2018-19,2018,10,Oct,Odisha,21,State,423.29,555.94,755.75,454.71,1734.98,2189.69,
2018-10-01,2018-19,2018,10,Oct,Puducherry,34,Union Territory,18.72,30.56,91.66,0.09,140.94,141.03,
2018-10-01,2018-19,2018,10,Oct,Punjab,3,State,268.78,431.2,417.09,12.39,1117.07,1129.46,
2018-10-01,2018-19,2018,10,Oct,Rajasthan,8,State,672.05,949.11,820.3,112.44,2441.46,2553.9,
2018-10-01,2018-19,2018,10,Oct,Sikkim,11,State,9.89,15.23,115.51,0.32,140.63,140.95,
2018-10-01,2018-19,2018,10,Oct,Tamil Nadu,33,State,1389.87,2045.88,1902.12,752.69,5337.87,6090.56,
2018-10-01,2018-19,2018,10,Oct,Telangana,36,State,646.02,904.44,820.14,522.32,2370.6,2892.92,
2018-10-01,2018-19,2018,10,Oct,Tripura,16,State,15.31,23.78,4.95,0.27,44.04,44.31,
2018-10-01,2018-19,2018,10,Oct,Uttar Pradesh,9,State,1023.37,1580.76,1327.72,903.22,3931.85,4835.07,
2018-10-01,2018-19,2018,10,Oct,Uttarakhand,5,State,179.39,341.43,868.64,21.38,1389.46,1410.84,
2018-10-01,2018-19,2018,10,Oct,West Bengal,19,State,921.37,1223.78,811.59,278.66,2956.74,3235.4,
2018-11-01,2018-19,2018,11,Nov,Andaman and Nicobar Islands,35,Union Territory,12.67,16.59,1.45,0.07,30.71,30.78,
2018-11-01,2018-19,2018,11,Nov,Andhra Pradesh,28,State,528.97,741.88,858.34,15.73,2129.19,2144.92,
2018-11-01,2018-19,2018,11,Nov,Arunachal Pradesh,12,State,6.47,11.59,3.54,0.11,21.6,21.71,
2018-11-01,2018-19,2018,11,Nov,Assam,18,State,203.03,275.19,218.37,42.9,696.59,739.49,
2018-11-01,2018-19,2018,11,Nov,Bihar,10,State,217.43,393.99,141.33,161.93,752.75,914.68,
2018-11-01,2018-19,2018,11,Nov,Chandigarh,4,Union Territory,30.18,40.81,74.4,0.12,145.39,145.51,
2018-11-01,2018-19,2018,11,Nov,Chhattisgarh,22,State,322.52,410.95,721.94,549.88,1455.41,2005.29,
2018-11-01,2018-19,2018,11,Nov,Dadra and Nagar Haveli and Daman and Diu,38,Union Territory,23.27,32.17,173.37,0.04,228.81,228.85,
2018-11-01,2018-19,2018,11,Nov,Delhi,7,Union Territory,670.85,878.22,1632.11,95.54,3181.18,3276.72,
2018-11-01,2018-19,2018,11,Nov,Goa,30,State,75.97,112.42,134.87,2.18,323.26,325.44,
2018-11-01,2018-19,2018,11,Nov,Gujarat,24,State,1626.01,2124.82,1960.7,352.18,5711.53,6063.71,
2018-11-01,2018-19,2018,11,Nov,Haryana,6,State,779.12,1068.69,2522.08,307.7,4369.89,4677.59,
2018-11-01,2018-19,2018,11,Nov,Himachal Pradesh,2,State,97.55,141.13,427.71,0.99,666.39,667.38,
2018-11-01,2018-19,2018,11,Nov,Jammu and Kashmir,1,Union Territory,75.86,126.52,82.08,1.83,284.46,286.29,
2018-11-01,2018-19,2018,11,Nov,Jharkhand,20,State,310.09,425.2,872.31,408.15,1607.6,2015.75,
2018-11-01,2018-19,2018,11,Nov,Karnataka,29,State,1373.42,1862.27,2486.74,776.08,5722.43,6498.51,
2018-11-01,2018-19,2018,11,Nov,Kerala,32,State,440.65,676.36,218.21,4.13,1335.22,1339.35,
2018-11-01,2018-19,2018,11,Nov,Lakshadweep,31,Union Territory,0.28,0.58,0.02,0.0,0.88,0.88,
2018-11-01,2018-19,2018,11,Nov,Madhya Pradesh,23,State,477.85,651.17,580.91,414.15,1709.93,2124.08,
2018-11-01,2018-19,2018,11,Nov,Maharashtra,27,State,3784.05,4771.82,4452.76,924.68,13008.63,13933.31,
2018-11-01,2018-19,2018,11,Nov,Manipur,14,State,6.75,11.49,3.19,0.06,21.43,21.49,
2018-11-01,2018-19,2018,11,Nov,Meghalaya,17,State,13.2,20.36,66.3,1.43,99.86,101.29,
2018-11-01,2018-19,2018,11,Nov,Mizoram,15,State,4.65,7.6,3.4,0.14,15.65,15.79,
2018-11-01,2018-19,2018,11,Nov,Nagaland,13,State,4.2,6.38,3.98,0.53,14.56,15.09,
2018-11-01,2018-19,2018,11,Nov,Odisha,21,State,424.62,551.02,895.26,503.4,1870.9,2374.3,
2018-11-01,2018-19,2018,11,Nov,Puducherry,34,Union Territory,18.75,30.75,117.52,3.18,167.02,170.2,
2018-11-01,2018-19,2018,11,Nov,Punjab,3,State,270.59,469.34,472.79,7.04,1212.72,1219.76,
2018-11-01,2018-19,2018,11,Nov,Rajasthan,8,State,691.17,970.8,877.69,124.38,2539.66,2664.04,
2018-11-01,2018-19,2018,11,Nov,Sikkim,11,State,10.01,19.5,118.82,0.1,148.33,148.43,
2018-11-01,2018-19,2018,11,Nov,Tamil Nadu,33,State,1462.3,2073.24,1747.47,530.33,5283.01,5813.34,
2018-11-01,2018-19,2018,11,Nov,Telangana,36,State,717.16,1004.77,795.38,549.22,2517.31,3066.53,
2018-11-01,2018-19,2018,11,Nov,Tripura,16,State,15.39,21.59,4.28,0.1,41.26,41.36,
2018-11-01,2018-19,2018,11,Nov,Uttar Pradesh,9,State,1048.55,1616.45,1386.28,1107.06,4051.28,5158.34,
2018-11-01,2018-19,2018,11,Nov,Uttarakhand,5,State,167.82,339.53,616.85,23.36,1124.2,1147.56,
2018-11-01,2018-19,2018,11,Nov,West Bengal,19,State,873.78,1125.81,755.08,280.11,2754.67,3034.78,
2018-12-01,2018-19,2018,12,Dec,Andaman and Nicobar Islands,35,Union Territory,7.57,11.78,2.54,0.0,21.89,21.89,
2018-12-01,2018-19,2018,12,Dec,Andhra Pradesh,28,State,503.75,697.53,831.58,15.9,2032.86,2048.76,
2018-12-01,2018-19,2018,12,Dec,Arunachal Pradesh,12,State,9.25,12.41,4.18,0.11,25.84,25.95,
2018-12-01,2018-19,2018,12,Dec,Assam,18,State,198.43,270.0,231.22,43.52,699.65,743.17,
2018-12-01,2018-19,2018,12,Dec,Bihar,10,State,220.52,393.52,118.85,176.37,732.89,909.26,
2018-12-01,2018-19,2018,12,Dec,Chandigarh,4,Union Territory,28.68,40.64,73.33,0.22,142.65,142.87,
2018-12-01,2018-19,2018,12,Dec,Chhattisgarh,22,State,314.84,409.71,554.25,573.2,1278.8,1852.0,
2018-12-01,2018-19,2018,12,Dec,Dadra and Nagar Haveli and Daman and Diu,38,Union Territory,24.77,34.29,146.28,0.03,205.34,205.37,
2018-12-01,2018-19,2018,12,Dec,Delhi,7,Union Territory,651.25,845.01,1560.65,89.23,3056.91,3146.14,
2018-12-01,2018-19,2018,12,Dec,Goa,30,State,90.59,126.43,122.79,2.22,339.81,342.03,
2018-12-01,2018-19,2018,12,Dec,Gujarat,24,State,1514.08,1971.89,1850.79,282.38,5336.76,5619.14,
2018-12-01,2018-19,2018,12,Dec,Haryana,6,State,657.02,971.08,2690.77,327.43,4318.87,4646.3,
2018-12-01,2018-19,2018,12,Dec,Himachal Pradesh,2,State,89.7,139.61,364.69,0.73,594.0,594.73,
2018-12-01,2018-19,2018,12,Dec,Jammu and Kashmir,1,Union Territory,77.94,135.15,78.59,0.87,291.68,292.55,
2018-12-01,2018-19,2018,12,Dec,Jharkhand,20,State,298.32,411.15,855.44,430.57,1564.91,1995.48,
2018-12-01,2018-19,2018,12,Dec,Karnataka,29,State,1453.78,1950.98,2021.54,782.34,5426.3,6208.64,
2018-12-01,2018-19,2018,12,Dec,Kerala,32,State,461.35,722.55,227.61,4.45,1411.51,1415.96,
2018-12-01,2018-19,2018,12,Dec,Lakshadweep,31,Union Territory,1.67,1.85,0.03,0.0,3.55,3.55,
2018-12-01,2018-19,2018,12,Dec,Madhya Pradesh,23,State,478.27,663.38,560.78,391.92,1702.43,2094.35,
2018-12-01,2018-19,2018,12,Dec,Maharashtra,27,State,3689.91,4503.08,4517.03,814.08,12710.02,13524.1,
2018-12-01,2018-19,2018,12,Dec,Manipur,14,State,9.77,15.65,1.44,0.25,26.86,27.11,
2018-12-01,2018-19,2018,12,Dec,Meghalaya,17,State,14.05,20.98,72.87,0.14,107.9,108.04,
2018-12-01,2018-19,2018,12,Dec,Mizoram,15,State,3.58,6.07,3.31,0.11,12.96,13.07,
2018-12-01,2018-19,2018,12,Dec,Nagaland,13,State,4.25,6.87,4.55,0.87,15.67,16.54,
2018-12-01,2018-19,2018,12,Dec,Odisha,21,State,443.58,572.38,823.6,507.03,1839.56,2346.59,
2018-12-01,2018-19,2018,12,Dec,Puducherry,34,Union Territory,17.88,29.22,104.65,0.15,151.75,151.9,
2018-12-01,2018-19,2018,12,Dec,Punjab,3,State,273.49,459.58,422.78,6.62,1155.85,1162.47,
2018-12-01,2018-19,2018,12,Dec,Rajasthan,8,State,668.7,924.61,752.85,110.26,2346.16,2456.42,
2018-12-01,2018-19,2018,12,Dec,Sikkim,11,State,7.3,11.49,130.66,0.28,149.45,149.73,
2018-12-01,2018-19,2018,12,Dec,Tamil Nadu,33,State,1383.79,1987.28,1536.21,507.8,4907.28,5415.08,
2018-12-01,2018-19,2018,12,Dec,Telangana,36,State,649.7,907.83,879.44,577.33,2436.97,3014.3,
2018-12-01,2018-19,2018,12,Dec,Tripura,16,State,17.29,25.65,4.89,0.14,47.83,47.97,
2018-12-01,2018-19,2018,12,Dec,Uttar Pradesh,9,State,1065.01,1622.84,1206.53,1062.4,3894.38,4956.78,
2018-12-01,2018-19,2018,12,Dec,Uttarakhand,5,State,154.25,292.68,591.46,16.84,1038.39,1055.23,
2018-12-01,2018-19,2018,12,Dec,West Bengal,19,State,937.4,1230.53,737.13,324.94,2905.06,3230.0,
2019-01-01,2018-19,2019,1,Jan,Andaman and Nicobar Islands,35,Union Territory,12.48,18.08,3.95,0.02,34.51,34.53,
2019-01-01,2018-19,2019,1,Jan,Andhra Pradesh,28,State,538.51,785.8,811.71,22.71,2136.02,2158.73,
2019-01-01,2018-19,2019,1,Jan,Arunachal Pradesh,12,State,14.39,19.44,4.37,0.04,38.2,38.24,
2019-01-01,2018-19,2019,1,Jan,Assam,18,State,206.59,318.59,214.71,47.01,739.89,786.9,
2019-01-01,2018-19,2019,1,Jan,Bihar,10,State,253.9,453.13,137.64,194.78,844.67,1039.45,
2019-01-01,2018-19,2019,1,Jan,Chandigarh,4,Union Territory,31.08,50.15,76.46,1.35,157.69,159.04,
2019-01-01,2018-19,2019,1,Jan,Chhattisgarh,22,State,347.93,453.89,702.93,559.34,1504.75,2064.09,
2019-01-01,2018-19,2019,1,Jan,Dadra and Nagar Haveli and Daman and Diu,38,Union Territory,27.79,44.22,201.29,0.41,273.3,273.71,
2019-01-01,2018-19,2019,1,Jan,Delhi,7,Union Territory,693.59,945.91,1782.94,102.72,3422.44,3525.16,
2019-01-01,2018-19,2019,1,Jan,Goa,30,State,99.47,150.8,140.79,2.75,391.06,393.81,
2019-01-01,2018-19,2019,1,Jan,Gujarat,24,State,1722.12,2227.25,1932.56,302.92,5881.93,6184.85,
2019-01-01,2018-19,2019,1,Jan,Haryana,6,State,728.94,1065.15,2679.34,341.3,4473.43,4814.73,
2019-01-01,2018-19,2019,1,Jan,Himachal Pradesh,2,State,88.48,145.29,410.31,2.67,644.08,646.75,
2019-01-01,2018-19,2019,1,Jan,Jammu and Kashmir,1,Union Territory,94.44,160.06,75.29,1.41,329.79,331.2,
2019-01-01,2018-19,2019,1,Jan,Jharkhand,20,State,319.85,447.26,755.72,441.95,1522.83,1964.78,
2019-01-01,2018-19,2019,1,Jan,Karnataka,29,State,1619.03,2193.54,2546.57,970.16,6359.14,7329.3,
2019-01-01,2018-19,2019,1,Jan,Kerala,32,State,474.91,821.39,275.22,12.83,1571.52,1584.35,
2019-01-01,2018-19,2019,1,Jan,Lakshadweep,31,Union Territory,0.44,0.6,0.04,0.0,1.08,1.08,
2019-01-01,2018-19,2019,1,Jan,Madhya Pradesh,23,State,548.05,756.42,656.76,452.89,1961.23,2414.12,
2019-01-01,2018-19,2019,1,Jan,Maharashtra,27,State,3850.33,4837.32,5491.97,971.06,14179.62,15150.68,
2019-01-01,2018-19,2019,1,Jan,Manipur,14,State,8.53,13.54,1.51,0.13,23.58,23.71,
2019-01-01,2018-19,2019,1,Jan,Meghalaya,17,State,16.61,23.74,62.76,0.81,103.11,103.92,
2019-01-01,2018-19,2019,1,Jan,Mizoram,15,State,7.1,11.91,7.26,0.14,26.27,26.41,
2019-01-01,2018-19,2019,1,Jan,Nagaland,13,State,4.86,6.93,4.74,0.9,16.53,17.43,
2019-01-01,2018-19,2019,1,Jan,Odisha,21,State,448.85,596.19,821.84,471.15,1866.88,2338.03,
2019-01-01,2018-19,2019,1,Jan,Puducherry,34,Union Territory,20.72,35.54,101.43,1.28,157.69,158.97,
2019-01-01,2018-19,2019,1,Jan,Punjab,3,State,296.89,529.1,374.68,15.36,1200.67,1216.03,
2019-01-01,2018-19,2019,1,Jan,Rajasthan,8,State,709.63,1036.73,898.3,131.28,2644.66,2775.94,
2019-01-01,2018-19,2019,1,Jan,Sikkim,11,State,8.59,14.55,151.94,0.44,175.08,175.52,
2019-01-01,2018-19,2019,1,Jan,Tamil Nadu,33,State,1479.07,2178.52,1917.79,625.92,5575.38,6201.3,
2019-01-01,2018-19,2019,1,Jan,Telangana,36,State,711.7,992.46,886.05,604.74,2590.21,3194.95,
2019-01-01,2018-19,2019,1,Jan,Tripura,16,State,18.73,26.75,6.45,0.23,51.93,52.16,
2019-01-01,2018-19,2019,1,Jan,Uttar Pradesh,9,State,1159.57,1864.76,1336.79,1123.98,4361.12,5485.1,
2019-01-01,2018-19,2019,1,Jan,Uttarakhand,5,State,175.9,303.33,652.76,13.63,1131.99,1145.62,
2019-01-01,2018-19,2019,1,Jan,West Bengal,19,State,996.6,1262.49,866.97,369.3,3126.06,3495.36,
2019-02-01,2018-19,2019,2,Feb,Andaman and Nicobar Islands,35,Union Territory,9.29,13.27,2.06,0.15,24.62,24.77,
2019-02-01,2018-19,2019,2,Feb,Andhra Pradesh,28,State,536.88,740.28,795.66,15.56,2072.82,2088.38,
2019-02-01,2018-19,2019,2,Feb,Arunachal Pradesh,12,State,11.85,15.83,4.09,0.19,31.77,31.96,
2019-02-01,2018-19,2019,2,Feb,Assam,18,State,221.52,311.03,170.13,33.63,702.68,736.31,
2019-02-01,2018-19,2019,2,Feb,Bihar,10,State,244.27,433.15,113.4,170.2,790.82,961.02,
2019-02-01,2018-19,2019,2,Feb,Chandigarh,4,Union Territory,27.91,41.39,76.98,0.32,146.28,146.6,
2019-02-01,2018-19,2019,2,Feb,Chhattisgarh,22,State,405.9,514.55,648.95,498.23,1569.4,2067.63,
2019-02-01,2018-19,2019,2,Feb,Dadra and Nagar Haveli and Daman and Diu,38,Union Territory,27.37,37.42,166.22,0.07,231.01,231.08,
2019-02-01,2018-19,2019,2,Feb,Delhi,7,Union Territory,712.48,918.21,1704.35,87.15,3335.04,3422.19,
2019-02-01,2018-19,2019,2,Feb,Goa,30,State,90.55,140.52,167.16,2.51,398.23,400.74,
2019-02-01,2018-19,2019,2,Feb,Gujarat,24,State,1729.6,2256.59,2108.14,412.69,6094.33,6507.02,
2019-02-01,2018-19,2019,2,Feb,Haryana,6,State,694.39,1063.15,2819.9,295.48,4577.44,4872.92,
2019-02-01,2018-19,2019,2,Feb,Himachal Pradesh,2,State,89.32,131.21,388.59,0.87,609.12,609.99,
2019-02-01,2018-19,2019,2,Feb,Jammu and Kashmir,1,Union Territory,97.02,139.24,67.29,1.95,303.55,305.5,
2019-02-01,2018-19,2019,2,Feb,Jharkhand,20,State,325.71,432.22,877.14,485.84,1635.07,2120.91,
2019-02-01,2018-19,2019,2,Feb,Karnataka,29,State,1513.0,2058.35,2133.29,748.64,5704.64,6453.28,
2019-02-01,2018-19,2019,2,Feb,Kerala,32,State,447.04,717.8,244.58,6.59,1409.42,1416.01,
2019-02-01,2018-19,2019,2,Feb,Lakshadweep,31,Union Territory,0.92,1.72,0.05,0.0,2.69,2.69,
2019-02-01,2018-19,2019,2,Feb,Madhya Pradesh,23,State,541.87,734.57,588.15,426.81,1864.59,2291.4,
2019-02-01,2018-19,2019,2,Feb,Maharashtra,27,State,3762.15,4750.96,4514.56,1064.1,13027.67,14091.77,
2019-02-01,2018-19,2019,2,Feb,Manipur,14,State,6.75,12.59,1.68,0.09,21.02,21.11,
2019-02-01,2018-19,2019,2,Feb,Meghalaya,17,State,18.3,23.92,85.71,0.95,127.93,128.88,
2019-02-01,2018-19,2019,2,Feb,Mizoram,15,State,6.22,10.45,5.46,0.0,22.13,22.13,
2019-02-01,2018-19,2019,2,Feb,Nagaland,13,State,5.1,8.18,4.21,2.16,17.49,19.65,
2019-02-01,2018-19,2019,2,Feb,Odisha,21,State,526.18,672.99,725.24,449.63,1924.41,2374.04,
2019-02-01,2018-19,2019,2,Feb,Puducherry,34,Union Territory,19.39,32.48,123.27,0.16,175.14,175.3,
2019-02-01,2018-19,2019,2,Feb,Punjab,3,State,267.7,453.2,370.14,9.01,1091.04,1100.05,
2019-02-01,2018-19,2019,2,Feb,Rajasthan,8,State,693.05,986.86,875.79,120.23,2555.7,2675.93,
2019-02-01,2018-19,2019,2,Feb,Sikkim,11,State,8.97,13.98,121.92,0.02,144.87,144.89,
2019-02-01,2018-19,2019,2,Feb,Tamil Nadu,33,State,1509.93,2115.93,1797.3,551.05,5423.16,5974.21,
2019-02-01,2018-19,2019,2,Feb,Telangana,36,State,786.13,1040.23,934.48,699.09,2760.84,3459.93,
2019-02-01,2018-19,2019,2,Feb,Tripura,16,State,16.67,23.58,5.65,0.21,45.9,46.11,
2019-02-01,2018-19,2019,2,Feb,Uttar Pradesh,9,State,1064.12,1672.16,1299.44,1076.61,4035.72,5112.33,
2019-02-01,2018-19,2019,2,Feb,Uttarakhand,5,State,187.99,333.92,691.58,23.87,1213.49,1237.36,
2019-02-01,2018-19,2019,2,Feb,West Bengal,19,State,1006.3,1320.63,781.03,381.73,3107.96,3489.69,
2019-03-01,2018-19,2019,3,Mar,Andaman and Nicobar Islands,35,Union Territory,9.65,15.33,2.58,0.08,27.56,27.64,
2019-03-01,2018-19,2019,3,Mar,Andhra Pradesh,28,State,671.84,912.22,987.55,17.72,2571.61,2589.33,
2019-03-01,2018-19,2019,3,Mar,Arunachal Pradesh,12,State,33.09,42.1,9.91,0.24,85.1,85.34,
2019-03-01,2018-19,2019,3,Mar,Assam,18,State,277.75,407.62,228.19,42.16,913.56,955.72,
2019-03-01,2018-19,2019,3,Mar,Bihar,10,State,325.71,551.15,125.81,174.32,1002.67,1176.99,
2019-03-01,2018-19,2019,3,Mar,Chandigarh,4,Union Territory,32.95,44.79,84.06,0.19,161.8,161.99,
2019-03-01,2018-19,2019,3,Mar,Chhattisgarh,22,State,416.76,526.23,563.09,636.92,1506.08,2143.0,
2019-03-01,2018-19,2019,3,Mar,Dadra and Nagar Haveli and Daman and Diu,38,Union Territory,30.53,43.64,202.76,0.18,276.93,277.11,
2019-03-01,2018-19,2019,3,Mar,Delhi,7,Union Territory,796.37,1020.89,1812.43,92.73,3629.69,3722.42,
2019-03-01,2018-19,2019,3,Mar,Goa,30,State,103.81,148.93,134.44,2.0,387.18,389.18,
2019-03-01,2018-19,2019,3,Mar,Gujarat,24,State,1824.12,2446.07,1972.83,278.09,6243.02,6521.11,
2019-03-01,2018-19,2019,3,Mar,Haryana,6,State,758.85,1130.39,2363.2,308.61,4252.44,4561.05,
2019-03-01,2018-19,2019,3,Mar,Himachal Pradesh,2,State,99.83,156.91,402.95,0.56,659.69,660.25,
2019-03-01,2018-19,2019,3,Mar,Jammu and Kashmir,1,Union Territory,125.1,180.28,77.31,4.93,382.69,387.62,
2019-03-01,2018-19,2019,3,Mar,Jharkhand,20,State,368.3,498.7,825.82,456.63,1692.82,2149.45,
2019-03-01,2018-19,2019,3,Mar,Karnataka,29,State,1709.03,2240.39,2302.19,731.03,6251.61,6982.64,
2019-03-01,2018-19,2019,3,Mar,Kerala,32,State,526.98,782.35,319.97,6.14,1629.3,1635.44,
2019-03-01,2018-19,2019,3,Mar,Lakshadweep,31,Union Territory,0.28,0.54,0.05,0.0,0.87,0.87,
2019-03-01,2018-19,2019,3,Mar,Madhya Pradesh,23,State,638.84,877.63,715.82,391.47,2232.29,2623.76,
2019-03-01,2018-19,2019,3,Mar,Maharashtra,27,State,4380.34,5473.85,4766.99,974.59,14621.18,15595.77,
2019-03-01,2018-19,2019,3,Mar,Manipur,14,State,18.2,26.0,1.88,0.03,46.08,46.11,
2019-03-01,2018-19,2019,3,Mar,Meghalaya,17,State,22.19,32.14,70.31,2.14,124.64,126.78,
2019-03-01,2018-19,2019,3,Mar,Mizoram,15,State,16.3,24.59,8.86,0.01,49.75,49.76,
2019-03-01,2018-19,2019,3,Mar,Nagaland,13,State,16.62,22.12,5.37,1.79,44.11,45.9,
2019-03-01,2018-19,2019,3,Mar,Odisha,21,State,605.71,782.99,766.85,470.36,2155.55,2625.91,
2019-03-01,2018-19,2019,3,Mar,Puducherry,34,Union Territory,22.81,33.6,127.18,0.4,183.59,183.99,
2019-03-01,2018-19,2019,3,Mar,Punjab,3,State,282.15,454.34,419.6,9.93,1156.09,1166.02,
2019-03-01,2018-19,2019,3,Mar,Rajasthan,8,State,868.36,1242.86,895.33,125.86,3006.55,3132.41,
2019-03-01,2018-19,2019,3,Mar,Sikkim,11,State,11.72,16.89,130.93,0.05,159.54,159.59,
2019-03-01,2018-19,2019,3,Mar,Tamil Nadu,33,State,1739.84,2335.17,2152.24,713.84,6227.25,6941.09,
2019-03-01,2018-19,2019,3,Mar,Telangana,36,State,970.65,1276.45,1088.54,560.99,3335.64,3896.63,
2019-03-01,2018-19,2019,3,Mar,Tripura,16,State,24.31,32.97,6.3,0.32,63.58,63.9,
2019-03-01,2018-19,2019,3,Mar,Uttar Pradesh,9,State,1239.86,1872.29,1391.67,1043.93,4503.82,5547.75,
2019-03-01,2018-19,2019,3,Mar,Uttarakhand,5,State,203.32,360.47,862.33,24.97,1426.12,1451.09,
2019-03-01,2018-19,2019,3,Mar,West Bengal,19,State,1160.83,1480.52,877.78,321.7,3519.13,3840.83,
2019-04-01,2019-20,2019,4,Apr,Andaman and Nicobar Islands,35,Union Territory,14.46,20.11,3.06,0.09,37.63,37.72,
2019-04-01,2019-20,2019,4,Apr,Andhra Pradesh,28,State,677.65,924.03,925.24,32.27,2526.92,2559.19,
2019-04-01,2019-20,2019,4,Apr,Arunachal Pradesh,12,State,23.28,29.15,4.22,0.05,56.65,56.7,
2019-04-01,2019-20,2019,4,Apr,Assam,18,State,276.69,406.66,193.47,55.54,876.82,932.36,
2019-04-01,2019-20,2019,4,Apr,Bihar,10,State,318.48,566.98,120.01,161.33,1005.47,1166.8,
2019-04-01,2019-20,2019,4,Apr,Chandigarh,4,Union Territory,34.63,48.24,116.66,0.43,199.53,199.96,
2019-04-01,2019-20,2019,4,Apr,Chhattisgarh,22,State,415.86,516.56,731.79,634.71,1664.21,2298.92,
2019-04-01,2019-20,2019,4,Apr,Dadra and Nagar Haveli and Daman and Diu,38,Union Territory,28.56,39.3,208.97,0.07,276.83,276.9,
2019-04-01,2019-20,2019,4,Apr,Delhi,7,Union Territory,912.34,1146.03,2204.46,78.43,4262.83,4341.26,
2019-04-01,2019-20,2019,4,Apr,Goa,30,State,107.64,157.34,146.9,3.34,411.88,415.22,
2019-04-01,2019-20,2019,4,Apr,Gujarat,24,State,1849.37,2393.15,2276.55,355.0,6519.07,6874.07,
2019-04-01,2019-20,2019,4,Apr,Haryana,6,State,743.37,1122.28,3168.69,337.54,5034.34,5371.88,
2019-04-01,2019-20,2019,4,Apr,Himachal Pradesh,2,State,111.09,169.26,418.78,0.99,699.13,700.12,
2019-04-01,2019-20,2019,4,Apr,Jammu and Kashmir,1,Union Territory,116.35,198.78,63.97,3.04,379.1,382.14,
2019-04-01,2019-20,2019,4,Apr,Jharkhand,20,State,460.7,620.0,1212.22,473.63,2292.92,2766.55,
2019-04-01,2019-20,2019,4,Apr,Karnataka,29,State,1913.58,2482.98,2651.14,957.2,7047.7,8004.9,
2019-04-01,2019-20,2019,4,Apr,Kerala,32,State,509.12,843.69,408.83,4.55,1761.64,1766.19,
2019-04-01,2019-20,2019,4,Apr,Lakshadweep,31,Union Territory,1.26,1.43,0.09,0.0,2.78,2.78,
2019-04-01,2019-20,2019,4,Apr,Madhya Pradesh,23,State,623.51,841.43,709.08,451.68,2174.02,2625.7,
2019-04-01,2019-20,2019,4,Apr,Maharashtra,27,State,4717.14,5860.1,6369.62,1176.18,16946.86,18123.04,
2019-04-01,2019-20,2019,4,Apr,Manipur,14,State,14.09,20.57,2.56,0.02,37.22,37.24,
2019-04-01,2019-20,2019,4,Apr,Meghalaya,17,State,30.78,41.57,95.17,0.87,167.52,168.39,
2019-04-01,2019-20,2019,4,Apr,Mizoram,15,State,9.87,13.68,11.52,0.0,35.07,35.07,
2019-04-01,2019-20,2019,4,Apr,Nagaland,13,State,8.03,12.78,6.22,1.89,27.03,28.92,
2019-04-01,2019-20,2019,4,Apr,Odisha,21,State,671.98,927.6,770.01,586.01,2369.59,2955.6,
2019-04-01,2019-20,2019,4,Apr,Puducherry,34,Union Territory,20.58,32.03,119.67,0.99,172.28,173.27,
2019-04-01,2019-20,2019,4,Apr,Punjab,3,State,365.44,553.87,438.87,16.1,1358.18,1374.28,
2019-04-01,2019-20,2019,4,Apr,Rajasthan,8,State,815.99,1073.25,878.1,128.7,2767.34,2896.04,
2019-04-01,2019-20,2019,4,Apr,Sikkim,11,State,16.77,27.5,121.13,0.19,165.4,165.59,
2019-04-01,2019-20,2019,4,Apr,Tamil Nadu,33,State,1678.87,2415.16,2122.18,554.93,6216.21,6771.14,
2019-04-01,2019-20,2019,4,Apr,Telangana,36,State,834.28,1144.78,997.16,533.7,2976.22,3509.92,
2019-04-01,2019-20,2019,4,Apr,Tripura,16,State,20.28,34.68,5.92,0.13,60.88,61.01,
2019-04-01,2019-20,2019,4,Apr,Uttar Pradesh,9,State,1395.59,2160.23,1650.51,1103.45,5206.33,6309.78,
2019-04-01,2019-20,2019,4,Apr,Uttarakhand,5,State,218.8,369.64,1004.96,23.89,1593.4,1617.29,
2019-04-01,2019-20,2019,4,Apr,West Bengal,19,State,1190.21,1549.62,1031.28,438.22,3771.11,4209.33,
2019-05-01,2019-20,2019,5,May,Andaman and Nicobar Islands,35,Union Territory,14.28,22.52,2.37,0.25,39.17,39.42,
2019-05-01,2019-20,2019,5,May,Andhra Pradesh,28,State,528.4,776.9,803.85,33.23,2109.15,2142.38,
2019-05-01,2019-20,2019,5,May,Arunachal Pradesh,12,State,12.87,17.0,6.18,0.49,36.05,36.54,
2019-05-01,2019-20,2019,5,May,Assam,18,State,225.32,326.59,192.1,25.6,744.01,769.61,
2019-05-01,2019-20,2019,5,May,Bihar,10,State,232.45,466.71,119.37,163.06,818.53,981.59,
2019-05-01,2019-20,2019,5,May,Chandigarh,4,Union Territory,28.63,41.79,75.65,0.6,146.07,146.67,
2019-05-01,2019-20,2019,5,May,Chhattisgarh,22,State,341.05,434.66,695.13,528.1,1470.84,1998.94,
2019-05-01,2019-20,2019,5,May,Dadra and Nagar Haveli and Daman and Diu,38,Union Territory,22.09,36.59,169.85,0.19,228.53,228.72,
2019-05-01,2019-20,2019,5,May,Delhi,7,Union Territory,765.43,966.69,1840.76,90.85,3572.88,3663.73,
2019-05-01,2019-20,2019,5,May,Goa,30,State,87.54,128.43,128.6,4.17,344.57,348.74,
2019-05-01,2019-20,2019,5,May,Gujarat,24,State,1815.07,2316.94,2145.97,330.84,6277.98,6608.82,
2019-05-01,2019-20,2019,5,May,Haryana,6,State,781.03,1125.4,2418.14,299.44,4324.57,4624.01,
2019-05-01,2019-20,2019,5,May,Himachal Pradesh,2,State,85.45,129.98,423.2,1.28,638.63,639.91,
2019-05-01,2019-20,2019,5,May,Jammu and Kashmir,1,Union Territory,80.04,147.32,78.16,5.77,305.52,311.29,
2019-05-01,2019-20,2019,5,May,Jharkhand,20,State,298.97,433.29,668.49,487.16,1400.75,1887.91,
2019-05-01,2019-20,2019,5,May,Karnataka,29,State,1490.5,2002.47,2223.46,692.27,5716.43,6408.7,
2019-05-01,2019-20,2019,5,May,Kerala,32,State,451.85,720.85,257.42,3.24,1430.12,1433.36,
2019-05-01,2019-20,2019,5,May,Lakshadweep,31,Union Territory,0.16,0.16,0.01,0.0,0.33,0.33,
2019-05-01,2019-20,2019,5,May,Madhya Pradesh,23,State,485.89,699.13,643.84,422.43,1828.86,2251.29,
2019-05-01,2019-20,2019,5,May,Maharashtra,27,State,3946.98,4885.89,4341.56,959.94,13174.43,14134.37,
2019-05-01,2019-20,2019,5,May,Manipur,14,State,10.68,16.95,1.69,0.06,29.32,29.38,
2019-05-01,2019-20,2019,5,May,Meghalaya,17,State,18.58,27.39,84.55,0.43,130.52,130.95,
2019-05-01,2019-20,2019,5,May,Mizoram,15,State,6.81,11.99,3.33,0.0,22.13,22.13,
2019-05-01,2019-20,2019,5,May,Nagaland,13,State,6.85,10.34,5.17,1.27,22.36,23.63,
2019-05-01,2019-20,2019,5,May,Odisha,21,State,434.77,589.3,591.62,524.68,1615.69,2140.37,
2019-05-01,2019-20,2019,5,May,Puducherry,34,Union Territory,17.76,27.81,98.45,0.18,144.02,144.2,
2019-05-01,2019-20,2019,5,May,Punjab,3,State,308.26,499.79,516.2,23.6,1324.25,1347.85,
2019-05-01,2019-20,2019,5,May,Rajasthan,8,State,712.74,988.26,913.26,133.71,2614.26,2747.97,
2019-05-01,2019-20,2019,5,May,Sikkim,11,State,13.74,20.35,158.94,0.05,193.03,193.08,
2019-05-01,2019-20,2019,5,May,Tamil Nadu,33,State,1515.14,2149.51,1664.18,489.12,5328.83,5817.95,
2019-05-01,2019-20,2019,5,May,Telangana,36,State,680.19,953.56,874.75,542.81,2508.5,3051.31,
2019-05-01,2019-20,2019,5,May,Tripura,16,State,17.13,26.09,6.89,0.17,50.11,50.28,
2019-05-01,2019-20,2019,5,May,Uttar Pradesh,9,State,1103.3,1709.38,1246.24,1037.27,4058.92,5096.19,
2019-05-01,2019-20,2019,5,May,Uttarakhand,5,State,192.42,345.22,694.98,15.09,1232.62,1247.71,
2019-05-01,2019-20,2019,5,May,West Bengal,19,State,1065.62,1389.58,767.23,354.48,3222.43,3576.91,
2019-06-01,2019-20,2019,6,Jun,Andaman and Nicobar Islands,35,Union Territory,6.74,10.15,3.8,0.14,20.69,20.83,
2019-06-01,2019-20,2019,6,Jun,Andhra Pradesh,28,State,538.82,760.43,898.66,33.64,2197.91,2231.55,
2019-06-01,2019-20,2019,6,Jun,Arunachal Pradesh,12,State,19.03,24.4,4.64,0.01,48.07,48.08,
2019-06-01,2019-20,2019,6,Jun,Assam,18,State,212.47,309.8,228.69,46.62,750.96,797.58,
2019-06-01,2019-20,2019,6,Jun,Bihar,10,State,227.22,487.81,114.06,174.24,829.09,1003.33,
2019-06-01,2019-20,2019,6,Jun,Chandigarh,4,Union Territory,30.05,43.29,84.18,0.45,157.52,157.97,
2019-06-01,2019-20,2019,6,Jun,Chhattisgarh,22,State,394.74,497.44,654.17,546.31,1546.35,2092.66,
2019-06-01,2019-20,2019,6,Jun,Dadra and Nagar Haveli and Daman and Diu,38,Union Territory,24.68,38.76,188.07,0.13,251.51,251.64,
2019-06-01,2019-20,2019,6,Jun,Delhi,7,Union Territory,728.97,938.35,1838.09,89.97,3505.41,3595.38,
2019-06-01,2019-20,2019,6,Jun,Goa,30,State,80.64,120.45,133.55,3.57,334.64,338.21,
2019-06-01,2019-20,2019,6,Jun,Gujarat,24,State,1783.61,2273.63,2020.84,346.26,6078.08,6424.34,
2019-06-01,2019-20,2019,6,Jun,Haryana,6,State,855.06,1182.2,2525.82,325.75,4563.08,4888.83,
2019-06-01,2019-20,2019,6,Jun,Himachal Pradesh,2,State,97.18,152.92,445.98,1.22,696.08,697.3,
2019-06-01,2019-20,2019,6,Jun,Jammu and Kashmir,1,Union Territory,85.25,148.83,82.84,5.47,316.92,322.39,
2019-06-01,2019-20,2019,6,Jun,Jharkhand,20,State,279.47,407.09,684.69,439.49,1371.25,1810.74,
2019-06-01,2019-20,2019,6,Jun,Karnataka,29,State,1514.8,2050.07,2236.47,857.89,5801.34,6659.23,
2019-06-01,2019-20,2019,6,Jun,Kerala,32,State,495.48,806.73,260.06,5.3,1562.27,1567.57,
2019-06-01,2019-20,2019,6,Jun,Lakshadweep,31,Union Territory,0.32,0.33,0.04,0.0,0.69,0.69,
2019-06-01,2019-20,2019,6,Jun,Madhya Pradesh,23,State,473.94,700.56,603.48,434.47,1777.98,2212.45,
2019-06-01,2019-20,2019,6,Jun,Maharashtra,27,State,4246.18,5208.05,4702.24,986.64,14156.47,15143.11,
2019-06-01,2019-20,2019,6,Jun,Manipur,14,State,8.34,15.36,1.64,0.11,25.34,25.45,
2019-06-01,2019-20,2019,6,Jun,Meghalaya,17,State,18.38,29.68,75.48,0.69,123.54,124.23,
2019-06-01,2019-20,2019,6,Jun,Mizoram,15,State,5.22,8.88,9.84,0.03,23.94,23.97,
2019-06-01,2019-20,2019,6,Jun,Nagaland,13,State,4.9,8.71,4.99,1.26,18.6,19.86,
2019-06-01,2019-20,2019,6,Jun,Odisha,21,State,603.39,804.49,970.69,544.9,2378.57,2923.47,
2019-06-01,2019-20,2019,6,Jun,Puducherry,34,Union Territory,17.55,29.16,88.45,0.1,135.16,135.26,
2019-06-01,2019-20,2019,6,Jun,Punjab,3,State,262.43,481.57,480.14,23.89,1224.14,1248.03,
2019-06-01,2019-20,2019,6,Jun,Rajasthan,8,State,698.94,984.4,859.72,139.94,2543.06,2683.0,
2019-06-01,2019-20,2019,6,Jun,Sikkim,11,State,11.02,15.85,166.32,0.11,193.19,193.3,
2019-06-01,2019-20,2019,6,Jun,Tamil Nadu,33,State,1522.35,2180.29,1648.53,529.78,5351.17,5880.95,
2019-06-01,2019-20,2019,6,Jun,Telangana,36,State,710.83,980.45,875.75,598.58,2567.03,3165.61,
2019-06-01,2019-20,2019,6,Jun,Tripura,16,State,17.52,33.64,6.64,0.13,57.8,57.93,
2019-06-01,2019-20,2019,6,Jun,Uttar Pradesh,9,State,1163.48,1861.6,1270.01,1071.33,4295.09,5366.42,
2019-06-01,2019-20,2019,6,Jun,Uttarakhand,5,State,191.21,350.15,669.5,20.75,1210.86,1231.61,
2019-06-01,2019-20,2019,6,Jun,West Bengal,19,State,1021.66,1371.96,767.27,352.65,3160.89,3513.54,
2019-07-01,2019-20,2019,7,Jul,Andaman and Nicobar Islands,35,Union Territory,7.94,11.91,2.42,0.13,22.27,22.4,
2019-07-01,2019-20,2019,7,Jul,Andhra Pradesh,28,State,514.29,746.63,847.83,29.65,2108.75,2138.4,
2019-07-01,2019-20,2019,7,Jul,Arunachal Pradesh,12,State,18.34,25.68,4.43,0.26,48.45,48.71,
2019-07-01,2019-20,2019,7,Jul,Assam,18,State,227.27,321.71,207.08,38.59,756.06,794.65,
2019-07-01,2019-20,2019,7,Jul,Bihar,10,State,260.33,529.73,146.36,224.02,936.42,1160.44,
2019-07-01,2019-20,2019,7,Jul,Chandigarh,4,Union Territory,31.09,49.17,74.53,1.17,154.79,155.96,
2019-07-01,2019-20,2019,7,Jul,Chhattisgarh,22,State,379.32,482.19,641.28,499.58,1502.79,2002.37,
2019-07-01,2019-20,2019,7,Jul,Dadra and Nagar Haveli and Daman and Diu,38,Union Territory,25.11,35.84,178.6,0.11,239.55,239.66,
2019-07-01,2019-20,2019,7,Jul,Delhi,7,Union Territory,717.24,948.19,1651.55,89.25,3316.98,3406.23,
2019-07-01,2019-20,2019,7,Jul,Goa,30,State,76.87,119.44,162.32,2.63,358.63,361.26,
2019-07-01,2019-20,2019,7,Jul,Gujarat,24,State,1691.37,2214.21,2143.84,361.95,6049.42,6411.37,
2019-07-01,2019-20,2019,7,Jul,Haryana,6,State,719.55,1070.46,2535.34,291.39,4325.35,4616.74,
2019-07-01,2019-20,2019,7,Jul,Himachal Pradesh,2,State,103.16,154.75,414.01,5.29,671.92,677.21,
2019-07-01,2019-20,2019,7,Jul,Jammu and Kashmir,1,Union Territory,90.81,164.29,102.02,5.52,357.12,362.64,
2019-07-01,2019-20,2019,7,Jul,Jharkhand,20,State,306.29,431.11,693.92,424.17,1431.32,1855.49,
2019-07-01,2019-20,2019,7,Jul,Karnataka,29,State,1609.44,2152.0,2354.19,972.87,6115.63,7088.5,
2019-07-01,2019-20,2019,7,Jul,Kerala,32,State,474.14,757.52,265.63,15.08,1497.29,1512.37,
2019-07-01,2019-20,2019,7,Jul,Lakshadweep,31,Union Territory,0.91,1.19,0.02,0.0,2.12,2.12,
2019-07-01,2019-20,2019,7,Jul,Madhya Pradesh,23,State,517.41,741.58,573.41,449.28,1832.4,2281.68,
2019-07-01,2019-20,2019,7,Jul,Maharashtra,27,State,3816.41,4802.5,5458.42,1024.49,14077.33,15101.82,
2019-07-01,2019-20,2019,7,Jul,Manipur,14,State,12.24,19.61,1.55,0.18,33.4,33.58,
2019-07-01,2019-20,2019,7,Jul,Meghalaya,17,State,17.21,26.5,60.3,0.37,104.01,104.38,
2019-07-01,2019-20,2019,7,Jul,Mizoram,15,State,3.73,7.2,8.05,0.05,18.98,19.03,
2019-07-01,2019-20,2019,7,Jul,Nagaland,13,State,7.01,9.48,5.66,0.72,22.15,22.87,
2019-07-01,2019-20,2019,7,Jul,Odisha,21,State,518.11,702.44,742.21,531.61,1962.76,2494.37,
2019-07-01,2019-20,2019,7,Jul,Puducherry,34,Union Territory,19.36,30.18,94.75,0.24,144.29,144.53,
2019-07-01,2019-20,2019,7,Jul,Punjab,3,State,293.59,498.6,456.23,22.97,1248.42,1271.39,
2019-07-01,2019-20,2019,7,Jul,Rajasthan,8,State,733.64,997.01,842.17,125.75,2572.82,2698.57,
2019-07-01,2019-20,2019,7,Jul,Sikkim,11,State,14.57,21.08,164.86,0.18,200.51,200.69,
2019-07-01,2019-20,2019,7,Jul,Tamil Nadu,33,State,1552.98,2270.62,1746.29,514.27,5569.89,6084.16,
2019-07-01,2019-20,2019,7,Jul,Telangana,36,State,696.92,1003.27,884.5,578.4,2584.69,3163.09,
2019-07-01,2019-20,2019,7,Jul,Tripura,16,State,17.07,25.66,5.82,0.11,48.55,48.66,
2019-07-01,2019-20,2019,7,Jul,Uttar Pradesh,9,State,1208.79,1899.73,1184.68,1128.75,4293.2,5421.95,
2019-07-01,2019-20,2019,7,Jul,Uttarakhand,5,State,194.08,339.75,736.23,18.84,1270.06,1288.9,
2019-07-01,2019-20,2019,7,Jul,West Bengal,19,State,1021.81,1371.31,796.16,396.41,3189.28,3585.69,
2019-08-01,2019-20,2019,8,Aug,Andaman and Nicobar Islands,35,Union Territory,9.97,17.11,3.26,0.14,30.34,30.48,
2019-08-01,2019-20,2019,8,Aug,Andhra Pradesh,28,State,499.97,700.28,892.84,22.04,2093.09,2115.13,
2019-08-01,2019-20,2019,8,Aug,Arunachal Pradesh,12,State,16.45,20.53,7.76,0.02,44.74,44.76,
2019-08-01,2019-20,2019,8,Aug,Assam,18,State,216.08,290.45,229.63,32.05,736.16,768.21,
2019-08-01,2019-20,2019,8,Aug,Bihar,10,State,255.93,453.33,115.14,156.95,824.4,981.35,
2019-08-01,2019-20,2019,8,Aug,Chandigarh,4,Union Territory,32.9,44.49,82.29,0.4,159.68,160.08,
2019-08-01,2019-20,2019,8,Aug,Chhattisgarh,22,State,344.14,430.56,604.33,493.71,1379.03,1872.74,
2019-08-01,2019-20,2019,8,Aug,Dadra and Nagar Haveli and Daman and Diu,38,Union Territory,26.51,38.25,197.25,0.13,262.01,262.14,
2019-08-01,2019-20,2019,8,Aug,Delhi,7,Union Territory,731.94,943.45,1736.99,104.81,3412.38,3517.19,
2019-08-01,2019-20,2019,8,Aug,Goa,30,State,74.47,106.23,142.58,1.25,323.28,324.53,
2019-08-01,2019-20,2019,8,Aug,Gujarat,24,State,1668.29,2100.58,2072.55,343.14,5841.42,6184.56,
2019-08-01,2019-20,2019,8,Aug,Haryana,6,State,785.37,1138.24,2269.82,280.51,4193.43,4473.94,
2019-08-01,2019-20,2019,8,Aug,Himachal Pradesh,2,State,97.09,145.62,431.75,1.47,674.46,675.93,
2019-08-01,2019-20,2019,8,Aug,Jammu and Kashmir,1,Union Territory,65.89,111.46,119.84,4.83,297.19,302.02,
2019-08-01,2019-20,2019,8,Aug,Jharkhand,20,State,320.7,435.54,608.37,405.67,1364.61,1770.28,
2019-08-01,2019-20,2019,8,Aug,Karnataka,29,State,1526.77,2096.53,1921.32,656.19,5544.62,6200.81,
2019-08-01,2019-20,2019,8,Aug,Kerala,32,State,496.8,764.03,308.1,12.96,1568.93,1581.89,
2019-08-01,2019-20,2019,8,Aug,Lakshadweep,31,Union Territory,0.37,1.04,0.03,0.0,1.44,1.44,
2019-08-01,2019-20,2019,8,Aug,Madhya Pradesh,23,State,507.87,690.58,609.21,447.2,1807.66,2254.86,
2019-08-01,2019-20,2019,8,Aug,Maharashtra,27,State,3716.21,4690.58,4181.44,819.09,12588.23,13407.32,
2019-08-01,2019-20,2019,8,Aug,Manipur,14,State,13.15,20.92,2.36,0.12,36.43,36.55,
2019-08-01,2019-20,2019,8,Aug,Meghalaya,17,State,19.71,26.67,70.2,0.32,116.58,116.9,
2019-08-01,2019-20,2019,8,Aug,Mizoram,15,State,6.18,12.96,8.61,0.06,27.75,27.81,
2019-08-01,2019-20,2019,8,Aug,Nagaland,13,State,9.37,11.84,4.63,1.01,25.84,26.85,
2019-08-01,2019-20,2019,8,Aug,Odisha,21,State,534.68,698.47,815.17,448.91,2048.32,2497.23,
2019-08-01,2019-20,2019,8,Aug,Puducherry,34,Union Territory,19.66,31.7,108.05,1.11,159.41,160.52,
2019-08-01,2019-20,2019,8,Aug,Punjab,3,State,294.92,494.53,450.65,15.26,1240.1,1255.36,
2019-08-01,2019-20,2019,8,Aug,Rajasthan,8,State,717.18,954.28,756.57,122.08,2428.03,2550.11,
2019-08-01,2019-20,2019,8,Aug,Sikkim,11,State,11.11,14.41,137.88,0.01,163.4,163.41,
2019-08-01,2019-20,2019,8,Aug,Tamil Nadu,33,State,1600.37,2318.38,1688.08,366.51,5606.83,5973.34,
2019-08-01,2019-20,2019,8,Aug,Telangana,36,State,734.68,993.63,853.87,476.47,2582.18,3058.65,
2019-08-01,2019-20,2019,8,Aug,Tripura,16,State,21.57,30.57,5.77,0.24,57.91,58.15,
2019-08-01,2019-20,2019,8,Aug,Uttar Pradesh,9,State,1131.84,1724.6,1206.34,912.67,4062.78,4975.45,
2019-08-01,2019-20,2019,8,Aug,Uttarakhand,5,State,187.71,316.23,423.05,14.1,926.99,941.09,
2019-08-01,2019-20,2019,8,Aug,West Bengal,19,State,1025.01,1356.46,831.64,290.12,3213.11,3503.23,
2019-09-01,2019-20,2019,9,Sep,Andaman and Nicobar Islands,35,Union Territory,6.58,10.02,2.15,0.0,18.75,18.75,
2019-09-01,2019-20,2019,9,Sep,Andhra Pradesh,28,State,473.74,660.46,746.16,104.61,1880.36,1984.97,
2019-09-01,2019-20,2019,9,Sep,Arunachal Pradesh,12,State,17.57,23.08,3.44,0.22,44.09,44.31,
2019-09-01,2019-20,2019,9,Sep,Assam,18,State,242.51,324.17,245.09,36.68,811.77,848.45,
2019-09-01,2019-20,2019,9,Sep,Bihar,10,State,246.12,447.66,107.12,184.8,800.9,985.7,
2019-09-01,2019-20,2019,9,Sep,Chandigarh,4,Union Territory,28.68,41.26,86.47,0.1,156.41,156.51,
2019-09-01,2019-20,2019,9,Sep,Chhattisgarh,22,State,295.31,375.2,438.94,380.14,1109.45,1489.59,
2019-09-01,2019-20,2019,9,Sep,Dadra and Nagar Haveli and Daman and Diu,38,Union Territory,24.95,33.83,155.26,0.04,214.04,214.08,
2019-09-01,2019-20,2019,9,Sep,Delhi,7,Union Territory,707.03,924.2,1667.67,86.97,3298.9,3385.87,
2019-09-01,2019-20,2019,9,Sep,Goa,30,State,71.63,109.5,127.58,2.76,308.71,311.47,
2019-09-01,2019-20,2019,9,Sep,Gujarat,24,State,1543.19,1932.12,1901.53,363.69,5376.84,5740.53,
2019-09-01,2019-20,2019,9,Sep,Haryana,6,State,720.31,1053.43,2053.93,281.99,3827.67,4109.66,
2019-09-01,2019-20,2019,9,Sep,Himachal Pradesh,2,State,89.32,135.04,383.62,0.91,607.98,608.89,
2019-09-01,2019-20,2019,9,Sep,Jammu and Kashmir,1,Union Territory,62.12,99.43,117.47,2.7,279.02,281.72,
2019-09-01,2019-20,2019,9,Sep,Jharkhand,20,State,279.61,374.93,462.73,391.67,1117.27,1508.94,
2019-09-01,2019-20,2019,9,Sep,Karnataka,29,State,1522.24,2061.76,1985.98,779.88,5569.98,6349.86,
2019-09-01,2019-20,2019,9,Sep,Kerala,32,State,441.28,687.19,258.97,5.72,1387.44,1393.16,
2019-09-01,2019-20,2019,9,Sep,Lakshadweep,31,Union Territory,0.74,0.84,0.09,0.0,1.67,1.67,
2019-09-01,2019-20,2019,9,Sep,Madhya Pradesh,23,State,445.86,613.71,585.57,441.96,1645.14,2087.1,
2019-09-01,2019-20,2019,9,Sep,Maharashtra,27,State,3609.68,4405.43,4647.06,916.78,12662.17,13578.95,
2019-09-01,2019-20,2019,9,Sep,Manipur,14,State,15.11,23.34,2.9,0.15,41.35,41.5,
2019-09-01,2019-20,2019,9,Sep,Meghalaya,17,State,15.07,20.82,68.23,1.77,104.12,105.89,
2019-09-01,2019-20,2019,9,Sep,Mizoram,15,State,6.32,10.04,12.8,0.1,29.16,29.26,
2019-09-01,2019-20,2019,9,Sep,Nagaland,13,State,6.42,9.28,4.51,0.42,20.21,20.63,
2019-09-01,2019-20,2019,9,Sep,Odisha,21,State,473.85,610.19,577.1,353.9,1661.14,2015.04,
2019-09-01,2019-20,2019,9,Sep,Puducherry,34,Union Territory,18.51,30.95,99.6,0.36,149.06,149.42,
2019-09-01,2019-20,2019,9,Sep,Punjab,3,State,275.28,473.05,370.67,14.36,1119.0,1133.36,
2019-09-01,2019-20,2019,9,Sep,Rajasthan,8,State,621.8,839.73,660.62,131.16,2122.15,2253.31,
2019-09-01,2019-20,2019,9,Sep,Sikkim,11,State,11.26,16.23,181.41,0.1,208.9,209.0,
2019-09-01,2019-20,2019,9,Sep,Tamil Nadu,33,State,1475.53,2135.15,1541.56,463.37,5152.24,5615.61,
2019-09-01,2019-20,2019,9,Sep,Telangana,36,State,655.52,916.21,781.15,501.2,2352.88,2854.08,
2019-09-01,2019-20,2019,9,Sep,Tripura,16,State,18.37,26.58,6.52,0.23,51.47,51.7,
2019-09-01,2019-20,2019,9,Sep,Uttar Pradesh,9,State,1056.04,1616.07,1253.91,1147.41,3926.02,5073.43,
2019-09-01,2019-20,2019,9,Sep,Uttarakhand,5,State,185.89,286.29,533.98,10.48,1006.16,1016.64,
2019-09-01,2019-20,2019,9,Sep,West Bengal,19,State,961.51,1263.37,745.38,285.23,2970.26,3255.49,
2019-10-01,2019-20,2019,10,Oct,Andaman and Nicobar Islands,35,Union Territory,12.73,16.09,2.91,0.01,31.73,31.74,
2019-10-01,2019-20,2019,10,Oct,Andhra Pradesh,28,State,470.07,656.57,716.4,131.85,1843.04,1974.89,
2019-10-01,2019-20,2019,10,Oct,Arunachal Pradesh,12,State,15.7,20.74,4.2,0.34,40.64,40.98,
2019-10-01,2019-20,2019,10,Oct,Assam,18,State,262.51,357.34,221.86,46.42,841.71,888.13,
2019-10-01,2019-20,2019,10,Oct,Bihar,10,State,248.99,402.7,107.15,181.22,758.84,940.06,
2019-10-01,2019-20,2019,10,Oct,Chandigarh,4,Union Territory,27.89,40.42,88.35,0.36,156.66,157.02,
2019-10-01,2019-20,2019,10,Oct,Chhattisgarh,22,State,312.64,395.21,496.85,364.94,1204.7,1569.64,
2019-10-01,2019-20,2019,10,Oct,Dadra and Nagar Haveli and Daman and Diu,38,Union Territory,23.88,32.1,156.88,0.1,212.86,212.96,
2019-10-01,2019-20,2019,10,Oct,Delhi,7,Union Territory,717.56,959.76,1720.77,86.07,3398.09,3484.16,
2019-10-01,2019-20,2019,10,Oct,Goa,30,State,76.16,107.51,126.48,1.0,310.15,311.15,
2019-10-01,2019-20,2019,10,Oct,Gujarat,24,State,1634.86,2016.4,1850.61,385.66,5501.87,5887.53,
2019-10-01,2019-20,2019,10,Oct,Haryana,6,State,752.47,1088.38,2437.39,299.81,4278.24,4578.05,
2019-10-01,2019-20,2019,10,Oct,Himachal Pradesh,2,State,96.95,143.43,427.68,1.04,668.06,669.1,
2019-10-01,2019-20,2019,10,Oct,Jammu and Kashmir,1,Union Territory,77.09,122.63,109.58,3.22,309.3,312.52,
2019-10-01,2019-20,2019,10,Oct,Jharkhand,20,State,289.19,400.17,412.68,334.69,1102.04,1436.73,
2019-10-01,2019-20,2019,10,Oct,Karnataka,29,State,1613.99,2142.73,2089.67,828.63,5846.39,6675.02,
2019-10-01,2019-20,2019,10,Oct,Kerala,32,State,490.3,765.85,281.07,11.97,1537.22,1549.19,
2019-10-01,2019-20,2019,10,Oct,Lakshadweep,31,Union Territory,1.05,1.38,0.04,0.0,2.47,2.47,
2019-10-01,2019-20,2019,10,Oct,Madhya Pradesh,23,State,464.13,639.02,559.53,389.93,1662.68,2052.61,
2019-10-01,2019-20,2019,10,Oct,Maharashtra,27,State,3947.74,4818.42,5484.49,858.82,14250.65,15109.47,
2019-10-01,2019-20,2019,10,Oct,Manipur,14,State,16.25,24.59,2.13,0.1,42.97,43.07,
2019-10-01,2019-20,2019,10,Oct,Meghalaya,17,State,18.38,27.13,67.37,0.01,112.88,112.89,
2019-10-01,2019-20,2019,10,Oct,Mizoram,15,State,5.24,9.93,3.04,0.17,18.21,18.38,
2019-10-01,2019-20,2019,10,Oct,Nagaland,13,State,7.9,10.4,6.11,0.09,24.41,24.5,
2019-10-01,2019-20,2019,10,Oct,Odisha,21,State,486.86,627.73,559.47,319.78,1674.06,1993.84,
2019-10-01,2019-20,2019,10,Oct,Puducherry,34,Union Territory,19.57,30.73,94.56,0.87,144.86,145.73,
2019-10-01,2019-20,2019,10,Oct,Punjab,3,State,281.52,480.1,412.49,15.24,1174.11,1189.35,
2019-10-01,2019-20,2019,10,Oct,Rajasthan,8,State,654.87,909.57,750.12,110.47,2314.56,2425.03,
2019-10-01,2019-20,2019,10,Oct,Sikkim,11,State,9.74,13.14,163.18,0.06,186.06,186.12,
2019-10-01,2019-20,2019,10,Oct,Tamil Nadu,33,State,1526.61,2128.55,1876.37,577.1,5531.53,6108.63,
2019-10-01,2019-20,2019,10,Oct,Telangana,36,State,765.32,1010.33,980.65,474.13,2756.3,3230.43,
2019-10-01,2019-20,2019,10,Oct,Tripura,16,State,20.41,29.09,4.87,0.05,54.37,54.42,
2019-10-01,2019-20,2019,10,Oct,Uttar Pradesh,9,State,1080.61,1655.63,1309.48,1056.86,4045.72,5102.58,
2019-10-01,2019-20,2019,10,Oct,Uttarakhand,5,State,204.31,316.07,620.92,12.03,1141.3,1153.33,
2019-10-01,2019-20,2019,10,Oct,West Bengal,19,State,940.17,1264.25,718.87,339.75,2923.29,3263.04,
2019-11-01,2019-20,2019,11,Nov,Andaman and Nicobar Islands,35,Union Territory,8.36,13.52,2.99,0.04,24.87,24.91,
2019-11-01,2019-20,2019,11,Nov,Andhra Pradesh,28,State,496.73,767.3,746.75,218.82,2010.78,2229.6,
2019-11-01,2019-20,2019,11,Nov,Arunachal Pradesh,12,State,13.09,17.07,5.28,0.17,35.44,35.61,
2019-11-01,2019-20,2019,11,Nov,Assam,18,State,268.96,375.17,272.68,40.76,916.81,957.57,
2019-11-01,2019-20,2019,11,Nov,Bihar,10,State,278.04,509.6,136.64,182.29,924.28,1106.57,
2019-11-01,2019-20,2019,11,Nov,Chandigarh,4,Union Territory,32.92,50.6,80.44,1.21,163.96,165.17,
2019-11-01,2019-20,2019,11,Nov,Chhattisgarh,22,State,356.7,484.53,871.38,463.5,1712.61,2176.11,
2019-11-01,2019-20,2019,11,Nov,Dadra and Nagar Haveli and Daman and Diu,38,Union Territory,28.11,39.91,177.32,0.07,245.34,245.41,
2019-11-01,2019-20,2019,11,Nov,Delhi,7,Union Territory,872.56,1145.27,1888.71,88.72,3906.54,3995.26,
2019-11-01,2019-20,2019,11,Nov,Goa,30,State,85.37,122.41,132.1,1.64,339.88,341.52,
2019-11-01,2019-20,2019,11,Nov,Gujarat,24,State,1800.38,2318.23,2271.03,415.29,6389.64,6804.93,
2019-11-01,2019-20,2019,11,Nov,Haryana,6,State,876.98,1262.38,3442.08,323.02,5581.44,5904.46,
2019-11-01,2019-20,2019,11,Nov,Himachal Pradesh,2,State,109.88,173.09,416.58,1.52,699.55,701.07,
2019-11-01,2019-20,2019,11,Nov,Jammu and Kashmir,1,Union Territory,105.86,166.03,89.01,2.54,360.9,363.44,
2019-11-01,2019-20,2019,11,Nov,Jharkhand,20,State,327.69,468.65,560.12,363.33,1356.46,1719.79,
2019-11-01,2019-20,2019,11,Nov,Karnataka,29,State,1612.74,2262.25,2387.6,709.75,6262.59,6972.34,
2019-11-01,2019-20,2019,11,Nov,Kerala,32,State,567.32,817.62,299.21,7.26,1684.15,1691.41,
2019-11-01,2019-20,2019,11,Nov,Lakshadweep,31,Union Territory,0.81,1.05,0.08,0.0,1.94,1.94,
2019-11-01,2019-20,2019,11,Nov,Madhya Pradesh,23,State,568.92,777.07,640.92,465.63,1986.91,2452.54,
2019-11-01,2019-20,2019,11,Nov,Maharashtra,27,State,4446.55,5507.82,5122.94,890.54,15077.31,15967.85,
2019-11-01,2019-20,2019,11,Nov,Manipur,14,State,11.92,20.31,2.85,0.2,35.08,35.28,
2019-11-01,2019-20,2019,11,Nov,Meghalaya,17,State,17.93,25.5,73.7,0.27,117.13,117.4,
2019-11-01,2019-20,2019,11,Nov,Mizoram,15,State,5.44,8.71,2.55,0.14,16.7,16.84,
2019-11-01,2019-20,2019,11,Nov,Nagaland,13,State,7.46,10.76,3.86,0.48,22.08,22.56,
2019-11-01,2019-20,2019,11,Nov,Odisha,21,State,514.52,700.96,786.53,345.02,2002.01,2347.03,
2019-11-01,2019-20,2019,11,Nov,Puducherry,34,Union Territory,21.54,35.5,99.98,0.15,157.02,157.17,
2019-11-01,2019-20,2019,11,Nov,Punjab,3,State,329.79,581.36,448.84,15.1,1359.99,1375.09,
2019-11-01,2019-20,2019,11,Nov,Rajasthan,8,State,848.59,1196.75,895.24,130.88,2940.58,3071.46,
2019-11-01,2019-20,2019,11,Nov,Sikkim,11,State,10.44,16.74,129.76,0.23,156.94,157.17,
2019-11-01,2019-20,2019,11,Nov,Tamil Nadu,33,State,1703.86,2368.05,1961.07,416.29,6032.98,6449.27,
2019-11-01,2019-20,2019,11,Nov,Telangana,36,State,774.95,1173.02,905.84,495.59,2853.81,3349.4,
2019-11-01,2019-20,2019,11,Nov,Tripura,16,State,17.64,26.58,6.87,0.27,51.09,51.36,
2019-11-01,2019-20,2019,11,Nov,Uttar Pradesh,9,State,1228.64,2003.13,1421.59,1024.31,4653.36,5677.67,
2019-11-01,2019-20,2019,11,Nov,Uttarakhand,5,State,228.97,356.18,680.44,14.61,1265.59,1280.2,
2019-11-01,2019-20,2019,11,Nov,West Bengal,19,State,1005.41,1332.06,883.73,238.74,3221.2,3459.94,
2019-12-01,2019-20,2019,12,Dec,Andaman and Nicobar Islands,35,Union Territory,10.26,17.05,2.28,0.19,29.59,29.78,
2019-12-01,2019-20,2019,12,Dec,Andhra Pradesh,28,State,540.13,768.81,719.76,236.23,2028.7,2264.93,
2019-12-01,2019-20,2019,12,Dec,Arunachal Pradesh,12,State,22.71,29.53,5.78,0.2,58.02,58.22,
2019-12-01,2019-20,2019,12,Dec,Assam,18,State,296.42,386.54,267.32,40.4,950.28,990.68,
2019-12-01,2019-20,2019,12,Dec,Bihar,10,State,266.06,476.79,121.28,151.5,864.13,1015.63,
2019-12-01,2019-20,2019,12,Dec,Chandigarh,4,Union Territory,33.74,47.19,86.51,0.52,167.44,167.96,
2019-12-01,2019-20,2019,12,Dec,Chhattisgarh,22,State,385.57,472.0,784.3,494.25,1641.87,2136.12,
2019-12-01,2019-20,2019,12,Dec,Dadra and Nagar Haveli and Daman and Diu,38,Union Territory,26.98,36.78,184.32,0.06,248.08,248.14,
2019-12-01,2019-20,2019,12,Dec,Delhi,7,Union Territory,800.07,1030.19,1780.31,86.95,3610.57,3697.52,
2019-12-01,2019-20,2019,12,Dec,Goa,30,State,93.77,134.74,132.66,2.2,361.17,363.37,
2019-12-01,2019-20,2019,12,Dec,Gujarat,24,State,1831.51,2335.85,2047.13,406.96,6214.49,6621.45,
2019-12-01,2019-20,2019,12,Dec,Haryana,6,State,814.05,1205.87,3045.72,299.26,5065.64,5364.9,
2019-12-01,2019-20,2019,12,Dec,Himachal Pradesh,2,State,109.53,168.12,420.5,0.81,698.15,698.96,
2019-12-01,2019-20,2019,12,Dec,Jammu and Kashmir,1,Union Territory,109.24,198.77,99.5,1.64,407.51,409.15,
2019-12-01,2019-20,2019,12,Dec,Jharkhand,20,State,342.41,470.34,684.36,445.74,1497.11,1942.85,
2019-12-01,2019-20,2019,12,Dec,Karnataka,29,State,1688.89,2220.84,2239.29,736.77,6149.02,6885.79,
2019-12-01,2019-20,2019,12,Dec,Kerala,32,State,527.05,801.83,311.54,10.27,1640.42,1650.69,
2019-12-01,2019-20,2019,12,Dec,Lakshadweep,31,Union Territory,0.35,0.4,0.03,0.0,0.78,0.78,
2019-12-01,2019-20,2019,12,Dec,Madhya Pradesh,23,State,552.41,742.4,629.95,509.44,1924.76,2434.2,
2019-12-01,2019-20,2019,12,Dec,Maharashtra,27,State,4768.78,5738.44,5106.85,915.44,15614.07,16529.51,
2019-12-01,2019-20,2019,12,Dec,Manipur,14,State,16.27,25.85,2.28,0.01,44.4,44.41,
2019-12-01,2019-20,2019,12,Dec,Meghalaya,17,State,18.19,27.04,77.67,0.08,122.9,122.98,
2019-12-01,2019-20,2019,12,Dec,Mizoram,15,State,6.53,11.22,3.12,0.05,20.87,20.92,
2019-12-01,2019-20,2019,12,Dec,Nagaland,13,State,9.92,15.49,4.33,1.41,29.74,31.15,
2019-12-01,2019-20,2019,12,Dec,Odisha,21,State,529.78,726.29,696.04,431.18,1952.11,2383.29,
2019-12-01,2019-20,2019,12,Dec,Puducherry,34,Union Territory,22.56,34.19,108.58,0.12,165.33,165.45,
2019-12-01,2019-20,2019,12,Dec,Punjab,3,State,309.73,512.24,455.18,13.08,1277.15,1290.23,
2019-12-01,2019-20,2019,12,Dec,Rajasthan,8,State,768.0,1049.64,781.85,113.8,2599.49,2713.29,
2019-12-01,2019-20,2019,12,Dec,Sikkim,11,State,10.7,15.37,187.72,0.12,213.79,213.91,
2019-12-01,2019-20,2019,12,Dec,Tamil Nadu,33,State,1632.19,2302.4,1928.96,558.27,5863.55,6421.82,
2019-12-01,2019-20,2019,12,Dec,Telangana,36,State,844.09,1135.82,877.37,563.19,2857.28,3420.47,
2019-12-01,2019-20,2019,12,Dec,Tripura,16,State,21.56,31.55,5.98,0.15,59.09,59.24,
2019-12-01,2019-20,2019,12,Dec,Uttar Pradesh,9,State,1223.64,1809.33,1319.96,1136.55,4352.93,5489.48,
2019-12-01,2019-20,2019,12,Dec,Uttarakhand,5,State,230.01,330.15,638.86,14.09,1199.02,1213.11,
2019-12-01,2019-20,2019,12,Dec,West Bengal,19,State,1091.77,1473.38,869.74,313.35,3434.89,3748.24,
2020-01-01,2019-20,2020,1,Jan,Andaman and Nicobar Islands,35,Union Territory,10.5,16.05,3.34,0.11,29.89,30.0,
2020-01-01,2019-20,2020,1,Jan,Andhra Pradesh,28,State,609.78,860.74,776.19,108.83,2246.71,2355.54,
2020-01-01,2019-20,2020,1,Jan,Arunachal Pradesh,12,State,18.35,24.5,9.1,0.2,51.95,52.15,
2020-01-01,2019-20,2020,1,Jan,Assam,18,State,252.49,343.31,197.58,27.09,793.38,820.47,
2020-01-01,2019-20,2020,1,Jan,Bihar,10,State,306.43,505.55,140.42,169.73,952.4,1122.13,
2020-01-01,2019-20,2020,1,Jan,Chandigarh,4,Union Territory,40.0,59.25,91.82,3.56,191.07,194.63,
2020-01-01,2019-20,2020,1,Jan,Chhattisgarh,22,State,400.26,495.05,672.36,587.58,1567.67,2155.25,
2020-01-01,2019-20,2020,1,Jan,Dadra and Nagar Haveli and Daman and Diu,38,Union Territory,29.4,43.19,208.7,0.15,281.29,281.44,
2020-01-01,2019-20,2020,1,Jan,Delhi,7,Union Territory,832.83,1110.76,1919.53,103.55,3863.12,3966.67,
2020-01-01,2019-20,2020,1,Jan,Goa,30,State,111.53,163.17,157.51,4.84,432.21,437.05,
2020-01-01,2019-20,2020,1,Jan,Gujarat,24,State,2012.05,2476.08,2408.58,433.02,6896.71,7329.73,
2020-01-01,2019-20,2020,1,Jan,Haryana,6,State,892.27,1329.74,2963.13,301.67,5185.14,5486.81,
2020-01-01,2019-20,2020,1,Jan,Himachal Pradesh,2,State,114.36,165.74,392.26,2.41,672.36,674.77,
2020-01-01,2019-20,2020,1,Jan,Jammu and Kashmir,1,Union Territory,103.92,176.53,87.96,2.32,368.41,370.73,
2020-01-01,2019-20,2020,1,Jan,Jharkhand,20,State,344.13,472.23,730.18,480.78,1546.54,2027.32,
2020-01-01,2019-20,2020,1,Jan,Karnataka,29,State,1787.49,2388.76,2673.76,755.18,6850.01,7605.19,
2020-01-01,2019-20,2020,1,Jan,Kerala,32,State,576.61,931.32,327.44,23.51,1835.37,1858.88,
2020-01-01,2019-20,2020,1,Jan,Lakshadweep,31,Union Territory,1.1,1.54,0.06,0.0,2.7,2.7,
2020-01-01,2019-20,2020,1,Jan,Madhya Pradesh,23,State,611.56,828.18,707.23,526.64,2146.97,2673.61,
2020-01-01,2019-20,2020,1,Jan,Maharashtra,27,State,4797.02,5787.61,6423.32,1077.15,17007.95,18085.1,
2020-01-01,2019-20,2020,1,Jan,Manipur,14,State,11.74,20.79,2.17,0.34,34.7,35.04,
2020-01-01,2019-20,2020,1,Jan,Meghalaya,17,State,18.85,29.33,79.92,0.26,128.1,128.36,
2020-01-01,2019-20,2020,1,Jan,Mizoram,15,State,7.4,10.67,6.26,0.04,24.33,24.37,
2020-01-01,2019-20,2020,1,Jan,Nagaland,13,State,9.8,15.98,5.92,0.4,31.7,32.1,
2020-01-01,2019-20,2020,1,Jan,Odisha,21,State,563.85,744.33,674.18,521.61,1982.36,2503.97,
2020-01-01,2019-20,2020,1,Jan,Puducherry,34,Union Territory,24.77,39.76,121.33,1.7,185.86,187.56,
2020-01-01,2019-20,2020,1,Jan,Punjab,3,State,343.21,569.36,409.72,18.02,1322.29,1340.31,
2020-01-01,2019-20,2020,1,Jan,Rajasthan,8,State,843.7,1149.97,923.23,113.15,2916.9,3030.05,
2020-01-01,2019-20,2020,1,Jan,Sikkim,11,State,14.01,19.4,160.22,0.53,193.63,194.16,
2020-01-01,2019-20,2020,1,Jan,Tamil Nadu,33,State,1694.05,2318.12,2103.93,586.77,6116.1,6702.87,
2020-01-01,2019-20,2020,1,Jan,Telangana,36,State,930.73,1317.66,974.94,563.64,3223.33,3786.97,
2020-01-01,2019-20,2020,1,Jan,Tripura,16,State,19.96,30.54,5.81,0.09,56.31,56.4,
2020-01-01,2019-20,2020,1,Jan,Uttar Pradesh,9,State,1253.55,1939.59,1443.6,1061.74,4636.74,5698.48,
2020-01-01,2019-20,2020,1,Jan,Uttarakhand,5,State,234.39,326.37,677.86,18.03,1238.62,1256.65,
2020-01-01,2019-20,2020,1,Jan,West Bengal,19,State,1113.53,1501.6,812.89,318.84,3428.02,3746.86,
2020-02-01,2019-20,2020,2,Feb,Andaman and Nicobar Islands,35,Union Territory,13.62,18.88,3.45,0.06,35.95,36.01,
2020-02-01,2019-20,2020,2,Feb,Andhra Pradesh,28,State,623.51,854.02,801.81,283.99,2279.34,2563.33,
2020-02-01,2019-20,2020,2,Feb,Arunachal Pradesh,12,State,18.63,24.75,4.56,0.42,47.94,48.36,
2020-02-01,2019-20,2020,2,Feb,Assam,18,State,280.49,381.43,213.22,48.73,875.14,923.87,
2020-02-01,2019-20,2020,2,Feb,Bihar,10,State,309.21,498.48,134.29,178.52,941.98,1120.5,
2020-02-01,2019-20,2020,2,Feb,Chandigarh,4,Union Territory,36.32,49.4,85.2,1.45,170.92,172.37,
2020-02-01,2019-20,2020,2,Feb,Chhattisgarh,22,State,402.09,497.24,775.67,599.41,1675.0,2274.41,
2020-02-01,2019-20,2020,2,Feb,Dadra and Nagar Haveli and Daman and Diu,38,Union Territory,27.39,39.07,173.35,0.08,239.81,239.89,
2020-02-01,2019-20,2020,2,Feb,Delhi,7,Union Territory,782.09,993.45,1965.09,94.12,3740.63,3834.75,
2020-02-01,2019-20,2020,2,Feb,Goa,30,State,107.93,148.28,151.18,3.22,407.39,410.61,
2020-02-01,2019-20,2020,2,Feb,Gujarat,24,State,1983.73,2534.41,2208.14,489.26,6726.28,7215.54,
2020-02-01,2019-20,2020,2,Feb,Haryana,6,State,883.07,1269.36,2868.45,245.55,5020.88,5266.43,
2020-02-01,2019-20,2020,2,Feb,Himachal Pradesh,2,State,102.18,140.37,376.8,1.34,619.35,620.69,
2020-02-01,2019-20,2020,2,Feb,Jammu and Kashmir,1,Union Territory,93.82,144.4,76.08,1.87,314.3,316.17,
2020-02-01,2019-20,2020,2,Feb,Jharkhand,20,State,367.84,476.85,755.25,470.93,1599.94,2070.87,
2020-02-01,2019-20,2020,2,Feb,Karnataka,29,State,1826.93,2380.61,2516.95,689.34,6724.49,7413.83,
2020-02-01,2019-20,2020,2,Feb,Kerala,32,State,574.63,845.43,320.53,13.53,1740.59,1754.12,
2020-02-01,2019-20,2020,2,Feb,Ladakh,37,Union Territory,0.71,0.71,0.09,2.96,1.51,4.47,
2020-02-01,2019-20,2020,2,Feb,Lakshadweep,31,Union Territory,0.99,1.11,0.04,0.0,2.14,2.14,
2020-02-01,2019-20,2020,2,Feb,Madhya Pradesh,23,State,620.12,820.25,667.92,512.74,2108.29,2621.03,
2020-02-01,2019-20,2020,2,Feb,Maharashtra,27,State,4437.56,5443.23,4853.54,1000.33,14734.33,15734.66,
2020-02-01,2019-20,2020,2,Feb,Manipur,14,State,13.97,20.44,2.79,0.16,37.2,37.36,
2020-02-01,2019-20,2020,2,Feb,Meghalaya,17,State,19.98,29.18,107.18,0.23,156.34,156.57,
2020-02-01,2019-20,2020,2,Feb,Mizoram,15,State,7.42,12.99,4.3,0.13,24.71,24.84,
2020-02-01,2019-20,2020,2,Feb,Nagaland,13,State,8.26,11.31,4.36,1.0,23.93,24.93,
2020-02-01,2019-20,2020,2,Feb,Odisha,21,State,618.78,804.85,792.59,573.94,2216.22,2790.16,
2020-02-01,2019-20,2020,2,Feb,Puducherry,34,Union Territory,22.56,34.37,100.99,0.94,157.92,158.86,
2020-02-01,2019-20,2020,2,Feb,Punjab,3,State,308.58,503.82,403.5,13.04,1215.9,1228.94,
2020-02-01,2019-20,2020,2,Feb,Rajasthan,8,State,801.02,1046.69,968.05,116.33,2815.76,2932.09,
2020-02-01,2019-20,2020,2,Feb,Sikkim,11,State,9.76,15.98,156.85,0.06,182.59,182.65,
2020-02-01,2019-20,2020,2,Feb,Tamil Nadu,33,State,1702.54,2332.04,1988.5,403.41,6023.08,6426.49,
2020-02-01,2019-20,2020,2,Feb,Telangana,36,State,932.54,1208.6,933.38,592.61,3074.52,3667.13,
2020-02-01,2019-20,2020,2,Feb,Tripura,16,State,22.55,33.57,6.92,0.22,63.04,63.26,
2020-02-01,2019-20,2020,2,Feb,Uttar Pradesh,9,State,1229.3,1869.38,1478.92,1198.31,4577.6,5775.91,
2020-02-01,2019-20,2020,2,Feb,Uttarakhand,5,State,229.59,310.31,723.23,17.8,1263.13,1280.93,
2020-02-01,2019-20,2020,2,Feb,West Bengal,19,State,1140.54,1539.89,910.58,350.53,3591.01,3941.54,
2020-03-01,2019-20,2020,3,Mar,Andaman and Nicobar Islands,35,Union Territory,15.87,19.61,3.04,0.06,38.52,38.58,
2020-03-01,2019-20,2020,3,Mar,Andhra Pradesh,28,State,561.24,789.01,896.06,301.83,2246.31,2548.14,
2020-03-01,2019-20,2020,3,Mar,Arunachal Pradesh,12,State,27.5,33.23,5.96,0.01,66.69,66.7,
2020-03-01,2019-20,2020,3,Mar,Assam,18,State,288.87,389.2,213.26,40.39,891.33,931.72,
2020-03-01,2019-20,2020,3,Mar,Bihar,10,State,305.76,496.81,118.13,135.25,920.7,1055.95,
2020-03-01,2019-20,2020,3,Mar,Chandigarh,4,Union Territory,30.03,41.32,79.41,2.5,150.76,153.26,
2020-03-01,2019-20,2020,3,Mar,Chhattisgarh,22,State,418.63,500.24,595.26,579.03,1514.13,2093.16,
2020-03-01,2019-20,2020,3,Mar,Dadra and Nagar Haveli and Daman and Diu,38,Union Territory,29.41,40.26,193.93,0.2,263.6,263.8,
2020-03-01,2019-20,2020,3,Mar,Delhi,7,Union Territory,680.88,881.72,1617.06,93.33,3179.66,3272.99,
2020-03-01,2019-20,2020,3,Mar,Goa,30,State,77.18,111.96,125.14,2.2,314.28,316.48,
2020-03-01,2019-20,2020,3,Mar,Gujarat,24,State,1886.25,2359.55,2218.04,356.62,6463.84,6820.46,
2020-03-01,2019-20,2020,3,Mar,Haryana,6,State,736.47,1074.14,2678.42,385.26,4489.03,4874.29,
2020-03-01,2019-20,2020,3,Mar,Himachal Pradesh,2,State,91.2,135.87,367.61,1.21,594.68,595.89,
2020-03-01,2019-20,2020,3,Mar,Jammu and Kashmir,1,Union Territory,69.89,126.0,77.12,3.16,273.01,276.17,
2020-03-01,2019-20,2020,3,Mar,Jharkhand,20,State,388.64,499.95,666.91,493.93,1555.5,2049.43,
2020-03-01,2019-20,2020,3,Mar,Karnataka,29,State,1716.85,2230.64,2386.8,810.01,6334.29,7144.3,
2020-03-01,2019-20,2020,3,Mar,Kerala,32,State,476.03,714.6,277.68,6.95,1468.31,1475.26,
2020-03-01,2019-20,2020,3,Mar,Ladakh,37,Union Territory,0.22,0.22,0.15,0.25,0.59,0.84,
2020-03-01,2019-20,2020,3,Mar,Lakshadweep,31,Union Territory,0.13,1.18,0.03,0.0,1.34,1.34,
2020-03-01,2019-20,2020,3,Mar,Madhya Pradesh,23,State,541.53,746.66,645.04,474.16,1933.23,2407.39,
2020-03-01,2019-20,2020,3,Mar,Maharashtra,27,State,4232.4,5126.62,4755.47,887.61,14114.49,15002.1,
2020-03-01,2019-20,2020,3,Mar,Manipur,14,State,13.67,20.35,1.73,0.14,35.75,35.89,
2020-03-01,2019-20,2020,3,Mar,Meghalaya,17,State,18.44,23.82,90.4,0.07,132.66,132.73,
2020-03-01,2019-20,2020,3,Mar,Mizoram,15,State,11.65,17.0,4.51,0.02,33.16,33.18,
2020-03-01,2019-20,2020,3,Mar,Nagaland,13,State,14.1,18.32,5.9,0.44,38.32,38.76,
2020-03-01,2019-20,2020,3,Mar,Odisha,21,State,583.79,776.28,731.77,541.04,2091.84,2632.88,
2020-03-01,2019-20,2020,3,Mar,Puducherry,34,Union Territory,20.53,30.34,98.08,0.37,148.95,149.32,
2020-03-01,2019-20,2020,3,Mar,Punjab,3,State,301.44,484.36,374.6,20.41,1160.4,1180.81,
2020-03-01,2019-20,2020,3,Mar,Rajasthan,8,State,729.83,1007.84,978.25,104.51,2715.92,2820.43,
2020-03-01,2019-20,2020,3,Mar,Sikkim,11,State,12.23,16.15,160.88,0.07,189.26,189.33,
2020-03-01,2019-20,2020,3,Mar,Tamil Nadu,33,State,1580.73,2223.19,1939.88,434.02,5743.8,6177.82,
2020-03-01,2019-20,2020,3,Mar,Telangana,36,State,846.3,1139.9,996.38,579.99,2982.58,3562.57,
2020-03-01,2019-20,2020,3,Mar,Tripura,16,State,23.46,36.67,6.74,0.25,66.87,67.12,
2020-03-01,2019-20,2020,3,Mar,Uttar Pradesh,9,State,1182.98,1794.76,1432.72,883.26,4410.46,5293.72,
2020-03-01,2019-20,2020,3,Mar,Uttarakhand,5,State,221.45,277.36,686.08,9.84,1184.89,1194.73,
2020-03-01,2019-20,2020,3,Mar,West Bengal,19,State,1035.42,1401.37,829.19,316.27,3265.98,3582.25,
2020-04-01,2020-21,2020,4,Apr,Andaman and Nicobar Islands,35,Union Territory,4.02,4.56,2.59,0.01,11.17,11.18,
2020-04-01,2020-21,2020,4,Apr,Andhra Pradesh,28,State,181.93,211.97,145.57,9.3,539.47,548.77,
2020-04-01,2020-21,2020,4,Apr,Arunachal Pradesh,12,State,18.4,21.3,2.47,0.5,42.17,42.67,
2020-04-01,2020-21,2020,4,Apr,Assam,18,State,80.2,100.64,78.54,5.1,259.38,264.48,
2020-04-01,2020-21,2020,4,Apr,Bihar,10,State,112.93,137.57,32.05,0.03,282.55,282.58,
2020-04-01,2020-21,2020,4,Apr,Chandigarh,4,Union Territory,8.35,9.34,22.64,0.01,40.33,40.34,
2020-04-01,2020-21,2020,4,Apr,Chhattisgarh,22,State,82.62,93.38,171.36,3.49,347.36,350.85,
2020-04-01,2020-21,2020,4,Apr,Dadra and Nagar Haveli and Daman and Diu,38,Union Territory,5.52,5.94,27.27,0.02,38.73,38.75,
2020-04-01,2020-21,2020,4,Apr,Delhi,7,Union Territory,216.38,240.7,526.28,6.55,983.36,989.91,
2020-04-01,2020-21,2020,4,Apr,Goa,30,State,19.08,24.33,23.82,0.01,67.23,67.24,
2020-04-01,2020-21,2020,4,Apr,Gujarat,24,State,411.21,464.24,325.7,94.95,1201.15,1296.1,
2020-04-01,2020-21,2020,4,Apr,Haryana,6,State,211.73,253.81,1088.94,152.17,1554.48,1706.65,
2020-04-01,2020-21,2020,4,Apr,Himachal Pradesh,2,State,26.47,31.59,68.84,0.01,126.9,126.91,
2020-04-01,2020-21,2020,4,Apr,Jammu and Kashmir,1,Union Territory,31.54,37.12,22.4,0.07,91.06,91.13,
2020-04-01,2020-21,2020,4,Apr,Jharkhand,20,State,74.64,89.09,44.95,35.04,208.68,243.72,
2020-04-01,2020-21,2020,4,Apr,Karnataka,29,State,484.21,576.9,930.72,36.71,1991.83,2028.54,
2020-04-01,2020-21,2020,4,Apr,Kerala,32,State,93.56,127.46,57.98,1.18,279.0,280.18,
2020-04-01,2020-21,2020,4,Apr,Ladakh,37,Union Territory,1.24,1.29,0.52,0.78,3.05,3.83,
2020-04-01,2020-21,2020,4,Apr,Lakshadweep,31,Union Territory,0.21,0.21,0.07,0.0,0.49,0.49,
2020-04-01,2020-21,2020,4,Apr,Madhya Pradesh,23,State,149.04,176.19,104.08,33.62,429.31,462.93,
2020-04-01,2020-21,2020,4,Apr,Maharashtra,27,State,1059.94,1231.44,2256.87,38.48,4548.25,4586.73,
2020-04-01,2020-21,2020,4,Apr,Manipur,14,State,8.59,11.47,1.44,0.0,21.5,21.5,
2020-04-01,2020-21,2020,4,Apr,Meghalaya,17,State,8.2,9.09,3.4,0.01,20.69,20.7,
2020-04-01,2020-21,2020,4,Apr,Mizoram,15,State,3.35,4.16,1.73,0.0,9.24,9.24,
2020-04-01,2020-21,2020,4,Apr,Nagaland,13,State,6.29,7.47,0.59,0.02,14.35,14.37,
2020-04-01,2020-21,2020,4,Apr,Odisha,21,State,310.12,360.36,101.36,2.45,771.84,774.29,
2020-04-01,2020-21,2020,4,Apr,Puducherry,34,Union Territory,4.25,5.33,21.94,0.01,31.52,31.53,
2020-04-01,2020-21,2020,4,Apr,Punjab,3,State,85.14,101.94,86.29,0.19,273.37,273.56,
2020-04-01,2020-21,2020,4,Apr,Rajasthan,8,State,177.78,183.86,92.62,42.59,454.26,496.85,
2020-04-01,2020-21,2020,4,Apr,Sikkim,11,State,4.53,5.53,70.98,0.0,81.04,81.04,
2020-04-01,2020-21,2020,4,Apr,Tamil Nadu,33,State,371.71,451.05,594.51,2.78,1417.27,1420.05,
2020-04-01,2020-21,2020,4,Apr,Telangana,36,State,214.09,252.67,318.55,142.83,785.31,928.14,
2020-04-01,2020-21,2020,4,Apr,Tripura,16,State,7.99,9.71,1.95,0.01,19.65,19.66,
2020-04-01,2020-21,2020,4,Apr,Uttar Pradesh,9,State,312.66,376.17,284.2,17.04,973.03,990.07,
2020-04-01,2020-21,2020,4,Apr,Uttarakhand,5,State,49.79,61.95,141.63,3.26,253.37,256.63,
2020-04-01,2020-21,2020,4,Apr,West Bengal,19,State,220.64,260.61,149.1,3.11,630.35,633.46,
2020-05-01,2020-21,2020,5,May,Andaman and Nicobar Islands,35,Union Territory,2.86,3.91,1.05,0.01,7.82,7.83,
2020-05-01,2020-21,2020,5,May,Andhra Pradesh,28,State,294.75,379.5,373.5,180.25,1047.75,1228.0,
2020-05-01,2020-21,2020,5,May,Arunachal Pradesh,12,State,16.06,19.86,2.73,0.05,38.65,38.7,
2020-05-01,2020-21,2020,5,May,Assam,18,State,166.97,190.7,105.87,44.46,463.54,508.0,
2020-05-01,2020-21,2020,5,May,Bihar,10,State,167.53,248.01,68.95,123.61,484.49,608.1,
2020-05-01,2020-21,2020,5,May,Chandigarh,4,Union Territory,16.16,22.06,63.58,1.64,101.8,103.44,
2020-05-01,2020-21,2020,5,May,Chhattisgarh,22,State,278.02,314.73,665.48,564.68,1258.23,1822.91,
2020-05-01,2020-21,2020,5,May,Dadra and Nagar Haveli and Daman and Diu,38,Union Territory,13.11,16.69,68.36,0.04,98.16,98.2,
2020-05-01,2020-21,2020,5,May,Delhi,7,Union Territory,415.34,494.26,1191.83,57.35,2101.43,2158.78,
2020-05-01,2020-21,2020,5,May,Goa,30,State,39.25,52.64,58.11,0.85,150.0,150.85,
2020-05-01,2020-21,2020,5,May,Gujarat,24,State,855.01,1022.56,1015.66,184.5,2893.23,3077.73,
2020-05-01,2020-21,2020,5,May,Haryana,6,State,424.52,546.11,1556.35,81.59,2526.98,2608.57,
2020-05-01,2020-21,2020,5,May,Himachal Pradesh,2,State,53.06,72.24,146.39,0.35,271.69,272.04,
2020-05-01,2020-21,2020,5,May,Jammu and Kashmir,1,Union Territory,40.13,62.74,24.51,1.74,127.38,129.12,
2020-05-01,2020-21,2020,5,May,Jharkhand,20,State,202.92,241.15,359.03,438.84,803.1,1241.94,
2020-05-01,2020-21,2020,5,May,Karnataka,29,State,1058.82,1296.28,1532.32,621.32,3887.42,4508.74,
2020-05-01,2020-21,2020,5,May,Kerala,32,State,277.8,365.75,216.68,1.97,860.23,862.2,
2020-05-01,2020-21,2020,5,May,Ladakh,37,Union Territory,4.77,5.35,1.64,0.4,11.76,12.16,
2020-05-01,2020-21,2020,5,May,Lakshadweep,31,Union Territory,1.21,1.24,0.03,0.0,2.48,2.48,
2020-05-01,2020-21,2020,5,May,Madhya Pradesh,23,State,301.48,368.55,298.52,370.57,968.55,1339.12,
2020-05-01,2020-21,2020,5,May,Maharashtra,27,State,2060.79,2483.04,3374.13,552.93,7917.96,8470.89,
2020-05-01,2020-21,2020,5,May,Manipur,14,State,7.93,9.59,1.0,0.0,18.52,18.52,
2020-05-01,2020-21,2020,5,May,Meghalaya,17,State,13.98,16.7,62.43,0.21,93.11,93.32,
2020-05-01,2020-21,2020,5,May,Mizoram,15,State,3.74,5.47,1.43,0.0,10.64,10.64,
2020-05-01,2020-21,2020,5,May,Nagaland,13,State,12.06,18.38,1.45,0.85,31.89,32.74,
2020-05-01,2020-21,2020,5,May,Odisha,21,State,349.83,440.67,381.15,552.61,1171.65,1724.26,
2020-05-01,2020-21,2020,5,May,Puducherry,34,Union Territory,14.74,17.2,67.03,0.02,98.97,98.99,
2020-05-01,2020-21,2020,5,May,Punjab,3,State,171.36,240.67,236.13,8.79,648.16,656.95,
2020-05-01,2020-21,2020,5,May,Rajasthan,8,State,379.21,463.22,525.83,47.75,1368.26,1416.01,
2020-05-01,2020-21,2020,5,May,Sikkim,11,State,8.91,10.96,74.32,0.31,94.19,94.5,
2020-05-01,2020-21,2020,5,May,Tamil Nadu,33,State,793.88,1064.65,1217.97,446.28,3076.5,3522.78,
2020-05-01,2020-21,2020,5,May,Telangana,36,State,432.73,543.23,685.39,227.07,1661.35,1888.42,
2020-05-01,2020-21,2020,5,May,Tripura,16,State,36.4,42.11,16.34,0.19,94.85,95.04,
2020-05-01,2020-21,2020,5,May,Uttar Pradesh,9,State,710.21,945.92,758.01,768.52,2414.14,3182.66,
2020-05-01,2020-21,2020,5,May,Uttarakhand,5,State,144.84,170.0,299.19,0.56,614.03,614.59,
2020-05-01,2020-21,2020,5,May,West Bengal,19,State,549.45,702.23,405.94,298.82,1657.62,1956.44,
2020-06-01,2020-21,2020,6,Jun,Andaman and Nicobar Islands,35,Union Territory,23.65,26.73,3.74,0.07,54.12,54.19,
2020-06-01,2020-21,2020,6,Jun,Andhra Pradesh,28,State,627.43,846.94,805.05,87.66,2279.42,2367.08,
2020-06-01,2020-21,2020,6,Jun,Arunachal Pradesh,12,State,19.42,25.43,4.07,0.47,48.92,49.39,
2020-06-01,2020-21,2020,6,Jun,Assam,18,State,279.85,359.88,298.87,27.87,938.6,966.47,
2020-06-01,2020-21,2020,6,Jun,Bihar,10,State,341.6,569.77,119.18,131.83,1030.55,1162.38,
2020-06-01,2020-21,2020,6,Jun,Chandigarh,4,Union Territory,26.85,35.2,94.76,1.88,156.81,158.69,
2020-06-01,2020-21,2020,6,Jun,Chhattisgarh,22,State,472.28,546.34,744.26,785.71,1762.88,2548.59,
2020-06-01,2020-21,2020,6,Jun,Dadra and Nagar Haveli and Daman and Diu,38,Union Territory,20.6,27.52,144.08,0.11,192.2,192.31,
2020-06-01,2020-21,2020,6,Jun,Delhi,7,Union Territory,651.99,762.25,1790.27,44.72,3204.51,3249.23,
2020-06-01,2020-21,2020,6,Jun,Goa,30,State,75.83,102.63,141.36,4.13,319.82,323.95,
2020-06-01,2020-21,2020,6,Jun,Gujarat,24,State,1747.47,2068.35,1973.11,235.71,5788.93,6024.64,
2020-06-01,2020-21,2020,6,Jun,Haryana,6,State,712.4,878.41,1998.32,108.01,3589.13,3697.14,
2020-06-01,2020-21,2020,6,Jun,Himachal Pradesh,2,State,106.72,152.68,357.99,1.11,617.39,618.5,
2020-06-01,2020-21,2020,6,Jun,Jammu and Kashmir,1,Union Territory,81.16,136.31,82.44,24.85,299.91,324.76,
2020-06-01,2020-21,2020,6,Jun,Jharkhand,20,State,328.95,398.96,371.62,543.75,1099.53,1643.28,
2020-06-01,2020-21,2020,6,Jun,Karnataka,29,State,1795.6,2221.71,2033.28,659.18,6050.59,6709.77,
2020-06-01,2020-21,2020,6,Jun,Kerala,32,State,506.93,746.15,246.57,30.29,1499.65,1529.94,
2020-06-01,2020-21,2020,6,Jun,Ladakh,37,Union Territory,2.67,3.29,0.71,0.79,6.67,7.46,
2020-06-01,2020-21,2020,6,Jun,Lakshadweep,31,Union Territory,0.36,0.63,0.03,0.0,1.02,1.02,
2020-06-01,2020-21,2020,6,Jun,Madhya Pradesh,23,State,596.53,762.02,617.27,765.81,1975.82,2741.63,
2020-06-01,2020-21,2020,6,Jun,Maharashtra,27,State,4269.64,4924.05,5250.02,543.19,14443.71,14986.9,
2020-06-01,2020-21,2020,6,Jun,Manipur,14,State,10.45,16.13,2.22,0.08,28.8,28.88,
2020-06-01,2020-21,2020,6,Jun,Meghalaya,17,State,15.57,20.84,79.23,0.31,115.64,115.95,
2020-06-01,2020-21,2020,6,Jun,Mizoram,15,State,7.42,11.85,4.82,0.11,24.09,24.2,
2020-06-01,2020-21,2020,6,Jun,Nagaland,13,State,11.12,16.92,4.1,0.27,32.14,32.41,
2020-06-01,2020-21,2020,6,Jun,Odisha,21,State,574.01,759.17,452.09,908.48,1785.27,2693.75,
2020-06-01,2020-21,2020,6,Jun,Puducherry,34,Union Territory,18.1,28.51,93.72,0.25,140.33,140.58,
2020-06-01,2020-21,2020,6,Jun,Punjab,3,State,358.69,508.07,429.31,27.32,1296.07,1323.39,
2020-06-01,2020-21,2020,6,Jun,Rajasthan,8,State,798.07,1037.01,826.39,112.64,2661.47,2774.11,
2020-06-01,2020-21,2020,6,Jun,Sikkim,11,State,11.98,17.37,316.19,0.01,345.54,345.55,
2020-06-01,2020-21,2020,6,Jun,Tamil Nadu,33,State,1347.16,1723.18,1607.53,297.64,4677.87,4975.51,
2020-06-01,2020-21,2020,6,Jun,Telangana,36,State,813.51,1073.58,899.09,489.99,2786.18,3276.17,
2020-06-01,2020-21,2020,6,Jun,Tripura,16,State,22.52,35.85,5.47,0.7,63.84,64.54,
2020-06-01,2020-21,2020,6,Jun,Uttar Pradesh,9,State,1251.9,1775.87,1277.69,888.12,4305.46,5193.58,
2020-06-01,2020-21,2020,6,Jun,Uttarakhand,5,State,184.09,238.62,469.81,2.42,892.52,894.94,
2020-06-01,2020-21,2020,6,Jun,West Bengal,19,State,858.86,1102.15,834.58,332.79,2795.59,3128.38,
2020-07-01,2020-21,2020,7,Jul,Andaman and Nicobar Islands,35,Union Territory,6.42,8.82,2.27,0.02,17.51,17.53,
2020-07-01,2020-21,2020,7,Jul,Andhra Pradesh,28,State,546.47,755.24,701.47,135.03,2003.18,2138.21,
2020-07-01,2020-21,2020,7,Jul,Arunachal Pradesh,12,State,12.32,17.12,3.36,0.07,32.8,32.87,
2020-07-01,2020-21,2020,7,Jul,Assam,18,State,200.86,270.63,231.3,20.03,702.79,722.82,
2020-07-01,2020-21,2020,7,Jul,Bihar,10,State,297.0,467.13,107.17,189.51,871.3,1060.81,
2020-07-01,2020-21,2020,7,Jul,Chandigarh,4,Union Territory,25.66,36.67,73.99,1.01,136.32,137.33,
2020-07-01,2020-21,2020,7,Jul,Chhattisgarh,22,State,375.37,456.29,561.93,438.73,1393.59,1832.32,
2020-07-01,2020-21,2020,7,Jul,Dadra and Nagar Haveli and Daman and Diu,38,Union Territory,20.92,29.1,156.7,0.23,206.72,206.95,
2020-07-01,2020-21,2020,7,Jul,Delhi,7,Union Territory,521.96,653.17,1375.09,78.56,2550.22,2628.78,
2020-07-01,2020-21,2020,7,Jul,Goa,30,State,60.14,80.71,114.89,1.04,255.74,256.78,
2020-07-01,2020-21,2020,7,Jul,Gujarat,24,State,1560.85,1888.71,1689.87,481.27,5139.43,5620.7,
2020-07-01,2020-21,2020,7,Jul,Haryana,6,State,610.65,804.29,1854.43,213.67,3269.37,3483.04,
2020-07-01,2020-21,2020,7,Jul,Himachal Pradesh,2,State,101.82,147.45,354.21,1.59,603.48,605.07,
2020-07-01,2020-21,2020,7,Jul,Jammu and Kashmir,1,Union Territory,75.31,130.38,85.74,6.41,291.43,297.84,
2020-07-01,2020-21,2020,7,Jul,Jharkhand,20,State,274.12,361.54,360.85,343.07,996.51,1339.58,
2020-07-01,2020-21,2020,7,Jul,Karnataka,29,State,1412.94,1841.27,2055.78,703.8,5309.99,6013.79,
2020-07-01,2020-21,2020,7,Jul,Kerala,32,State,417.07,662.03,234.77,4.41,1313.87,1318.28,
2020-07-01,2020-21,2020,7,Jul,Ladakh,37,Union Territory,2.61,3.04,0.96,0.03,6.61,6.64,
2020-07-01,2020-21,2020,7,Jul,Lakshadweep,31,Union Territory,0.78,0.86,0.02,0.0,1.66,1.66,
2020-07-01,2020-21,2020,7,Jul,Madhya Pradesh,23,State,523.76,713.93,584.35,466.81,1822.04,2288.85,
2020-07-01,2020-21,2020,7,Jul,Maharashtra,27,State,3235.22,3831.92,4811.57,628.82,11878.71,12507.53,
2020-07-01,2020-21,2020,7,Jul,Manipur,14,State,9.3,14.84,1.16,0.02,25.3,25.32,
2020-07-01,2020-21,2020,7,Jul,Meghalaya,17,State,18.25,23.54,78.63,0.01,120.42,120.43,
2020-07-01,2020-21,2020,7,Jul,Mizoram,15,State,5.34,9.03,1.64,0.0,16.01,16.01,
2020-07-01,2020-21,2020,7,Jul,Nagaland,13,State,9.34,11.98,3.6,0.41,24.92,25.33,
2020-07-01,2020-21,2020,7,Jul,Odisha,21,State,641.76,794.02,444.01,468.62,1879.79,2348.41,
2020-07-01,2020-21,2020,7,Jul,Puducherry,34,Union Territory,17.55,26.91,91.45,0.42,135.91,136.33,
2020-07-01,2020-21,2020,7,Jul,Punjab,3,State,308.75,489.57,364.63,24.8,1162.95,1187.75,
2020-07-01,2020-21,2020,7,Jul,Rajasthan,8,State,754.19,1032.2,856.31,153.98,2642.7,2796.68,
2020-07-01,2020-21,2020,7,Jul,Sikkim,11,State,13.99,17.0,155.42,0.02,186.41,186.43,
2020-07-01,2020-21,2020,7,Jul,Tamil Nadu,33,State,1262.3,1687.56,1379.63,305.27,4329.49,4634.76,
2020-07-01,2020-21,2020,7,Jul,Telangana,36,State,633.31,923.49,882.42,436.79,2439.22,2876.01,
2020-07-01,2020-21,2020,7,Jul,Tripura,16,State,18.77,25.23,3.94,0.05,47.94,47.99,
2020-07-01,2020-21,2020,7,Jul,Uttar Pradesh,9,State,1115.5,1785.56,1131.2,1066.67,4032.26,5098.93,
2020-07-01,2020-21,2020,7,Jul,Uttarakhand,5,State,190.62,247.03,543.15,7.01,980.8,987.81,
2020-07-01,2020-21,2020,7,Jul,West Bengal,19,State,850.43,1151.54,727.54,280.04,2729.51,3009.55,
2020-08-01,2020-21,2020,8,Aug,Andaman and Nicobar Islands,35,Union Territory,4.44,6.96,1.16,0.02,12.56,12.58,
2020-08-01,2020-21,2020,8,Aug,Andhra Pradesh,28,State,501.87,675.12,636.28,141.75,1813.27,1955.02,
2020-08-01,2020-21,2020,8,Aug,Arunachal Pradesh,12,State,13.15,17.33,4.54,0.02,35.02,35.04,
2020-08-01,2020-21,2020,8,Aug,Assam,18,State,201.16,270.35,232.11,5.35,703.62,708.97,
2020-08-01,2020-21,2020,8,Aug,Bihar,10,State,249.0,437.0,121.21,159.63,807.21,966.84,
2020-08-01,2020-21,2020,8,Aug,Chandigarh,4,Union Territory,26.34,36.61,74.88,0.69,137.83,138.52,
2020-08-01,2020-21,2020,8,Aug,Chhattisgarh,22,State,378.44,443.94,697.35,474.7,1519.73,1994.43,
2020-08-01,2020-21,2020,8,Aug,Dadra and Nagar Haveli and Daman and Diu,38,Union Territory,21.73,27.74,166.27,0.03,215.74,215.77,
2020-08-01,2020-21,2020,8,Aug,Delhi,7,Union Territory,565.26,697.42,1535.15,82.5,2797.83,2880.33,
2020-08-01,2020-21,2020,8,Aug,Goa,30,State,41.92,60.52,110.19,0.61,212.63,213.24,
2020-08-01,2020-21,2020,8,Aug,Gujarat,24,State,1591.56,1902.64,2079.76,455.73,5573.96,6029.69,
2020-08-01,2020-21,2020,8,Aug,Haryana,6,State,678.45,942.07,2379.38,373.29,3999.9,4373.19,
2020-08-01,2020-21,2020,8,Aug,Himachal Pradesh,2,State,99.84,140.79,354.85,1.19,595.48,596.67,
2020-08-01,2020-21,2020,8,Aug,Jammu and Kashmir,1,Union Territory,69.61,121.56,130.32,4.34,321.49,325.83,
2020-08-01,2020-21,2020,8,Aug,Jharkhand,20,State,278.98,360.14,514.76,344.16,1153.88,1498.04,
2020-08-01,2020-21,2020,8,Aug,Karnataka,29,State,1440.66,1848.19,1717.39,495.75,5006.24,5501.99,
2020-08-01,2020-21,2020,8,Aug,Kerala,32,State,407.98,598.63,219.71,2.93,1226.32,1229.25,
2020-08-01,2020-21,2020,8,Aug,Ladakh,37,Union Territory,1.53,1.99,0.82,0.24,4.34,4.58,
2020-08-01,2020-21,2020,8,Aug,Lakshadweep,31,Union Territory,0.16,0.17,0.07,0.0,0.4,0.4,
2020-08-01,2020-21,2020,8,Aug,Madhya Pradesh,23,State,520.69,698.85,560.57,428.73,1780.11,2208.84,
2020-08-01,2020-21,2020,8,Aug,Maharashtra,27,State,2993.0,3690.06,4197.79,720.92,10880.85,11601.77,
2020-08-01,2020-21,2020,8,Aug,Manipur,14,State,9.75,14.21,2.14,0.0,26.1,26.1,
2020-08-01,2020-21,2020,8,Aug,Meghalaya,17,State,16.46,21.38,70.21,0.13,108.05,108.18,
2020-08-01,2020-21,2020,8,Aug,Mizoram,15,State,3.94,6.74,1.44,0.02,12.12,12.14,
2020-08-01,2020-21,2020,8,Aug,Nagaland,13,State,12.14,15.66,3.24,0.32,31.04,31.36,
2020-08-01,2020-21,2020,8,Aug,Odisha,21,State,538.91,686.15,630.14,493.08,1855.2,2348.28,
2020-08-01,2020-21,2020,8,Aug,Puducherry,34,Union Territory,15.9,24.73,95.98,0.18,136.61,136.79,
2020-08-01,2020-21,2020,8,Aug,Punjab,3,State,277.24,457.08,385.9,18.28,1120.22,1138.5,
2020-08-01,2020-21,2020,8,Aug,Rajasthan,8,State,693.36,951.07,836.95,100.6,2481.38,2581.98,
2020-08-01,2020-21,2020,8,Aug,Sikkim,11,State,11.0,12.96,123.23,0.01,147.19,147.2,
2020-08-01,2020-21,2020,8,Aug,Tamil Nadu,33,State,1381.18,1868.69,1534.78,458.82,4784.65,5243.47,
2020-08-01,2020-21,2020,8,Aug,Telangana,36,State,660.91,904.44,792.54,435.01,2357.89,2792.9,
2020-08-01,2020-21,2020,8,Aug,Tripura,16,State,15.8,22.07,5.16,0.11,43.03,43.14,
2020-08-01,2020-21,2020,8,Aug,Uttar Pradesh,9,State,1076.44,1659.68,1265.02,1096.41,4001.14,5097.55,
2020-08-01,2020-21,2020,8,Aug,Uttarakhand,5,State,184.6,249.44,564.19,7.52,998.23,1005.75,
2020-08-01,2020-21,2020,8,Aug,West Bengal,19,State,896.77,1162.76,754.09,239.32,2813.62,3052.94,
2020-09-01,2020-21,2020,9,Sep,Andaman and Nicobar Islands,35,Union Territory,6.86,9.27,2.91,0.02,19.04,19.06,
2020-09-01,2020-21,2020,9,Sep,Andhra Pradesh,28,State,533.13,724.76,700.35,182.41,1958.24,2140.65,
2020-09-01,2020-21,2020,9,Sep,Arunachal Pradesh,12,State,12.68,17.47,5.26,0.01,35.41,35.42,
2020-09-01,2020-21,2020,9,Sep,Assam,18,State,275.37,362.1,257.69,17.26,895.16,912.42,
2020-09-01,2020-21,2020,9,Sep,Bihar,10,State,263.48,458.23,114.14,159.91,835.85,995.76,
2020-09-01,2020-21,2020,9,Sep,Chandigarh,4,Union Territory,25.99,33.18,81.77,0.54,140.94,141.48,
2020-09-01,2020-21,2020,9,Sep,Chhattisgarh,22,State,341.1,413.23,640.09,447.05,1394.42,1841.47,
2020-09-01,2020-21,2020,9,Sep,Dadra and Nagar Haveli and Daman and Diu,38,Union Territory,26.7,34.44,178.53,0.22,239.67,239.89,
2020-09-01,2020-21,2020,9,Sep,Delhi,7,Union Territory,615.34,760.64,1703.69,65.83,3079.67,3145.5,
2020-09-01,2020-21,2020,9,Sep,Goa,30,State,55.66,75.35,107.92,1.34,238.93,240.27,
2020-09-01,2020-21,2020,9,Sep,Gujarat,24,State,1646.57,2003.99,2048.03,391.68,5698.59,6090.27,
2020-09-01,2020-21,2020,9,Sep,Haryana,6,State,740.4,1048.13,2562.79,360.59,4351.32,4711.91,
2020-09-01,2020-21,2020,9,Sep,Himachal Pradesh,2,State,104.81,151.8,396.03,0.72,652.64,653.36,
2020-09-01,2020-21,2020,9,Sep,Jammu and Kashmir,1,Union Territory,82.69,143.84,135.3,5.73,361.83,367.56,
2020-09-01,2020-21,2020,9,Sep,Jharkhand,20,State,286.36,366.89,624.67,377.64,1277.92,1655.56,
2020-09-01,2020-21,2020,9,Sep,Karnataka,29,State,1548.22,1989.73,1974.56,537.92,5512.51,6050.43,
2020-09-01,2020-21,2020,9,Sep,Kerala,32,State,520.45,778.08,249.44,4.1,1547.97,1552.07,
2020-09-01,2020-21,2020,9,Sep,Ladakh,37,Union Territory,3.14,4.29,1.99,0.03,9.42,9.45,
2020-09-01,2020-21,2020,9,Sep,Lakshadweep,31,Union Territory,0.19,0.42,0.1,0.0,0.71,0.71,
2020-09-01,2020-21,2020,9,Sep,Madhya Pradesh,23,State,484.64,639.25,598.19,454.36,1722.08,2176.44,
2020-09-01,2020-21,2020,9,Sep,Maharashtra,27,State,3786.63,4463.92,4699.53,596.06,12950.08,13546.14,
2020-09-01,2020-21,2020,9,Sep,Manipur,14,State,13.0,17.97,2.21,0.35,33.18,33.53,
2020-09-01,2020-21,2020,9,Sep,Meghalaya,17,State,15.47,20.49,63.65,0.04,99.61,99.65,
2020-09-01,2020-21,2020,9,Sep,Mizoram,15,State,5.51,8.23,3.07,0.08,16.81,16.89,
2020-09-01,2020-21,2020,9,Sep,Nagaland,13,State,11.43,13.82,4.01,0.19,29.26,29.45,
2020-09-01,2020-21,2020,9,Sep,Odisha,21,State,497.18,631.08,763.24,492.49,1891.5,2383.99,
2020-09-01,2020-21,2020,9,Sep,Puducherry,34,Union Territory,20.81,33.92,93.49,0.07,148.22,148.29,
2020-09-01,2020-21,2020,9,Sep,Punjab,3,State,287.83,483.73,408.81,14.12,1180.37,1194.49,
2020-09-01,2020-21,2020,9,Sep,Rajasthan,8,State,702.76,934.71,900.08,109.26,2537.55,2646.81,
2020-09-01,2020-21,2020,9,Sep,Sikkim,11,State,10.83,14.53,81.02,0.01,106.38,106.39,
2020-09-01,2020-21,2020,9,Sep,Tamil Nadu,33,State,1709.96,2230.39,2004.02,509.65,5944.37,6454.02,
2020-09-01,2020-21,2020,9,Sep,Telangana,36,State,678.14,919.81,801.48,397.06,2399.43,2796.49,
2020-09-01,2020-21,2020,9,Sep,Tripura,16,State,18.56,26.33,5.37,0.12,50.26,50.38,
2020-09-01,2020-21,2020,9,Sep,Uttar Pradesh,9,State,1143.83,1700.43,1284.27,946.32,4128.53,5074.85,
2020-09-01,2020-21,2020,9,Sep,Uttarakhand,5,State,205.63,276.95,572.43,9.73,1055.01,1064.74,
2020-09-01,2020-21,2020,9,Sep,West Bengal,19,State,1046.0,1325.71,768.96,252.6,3140.67,3393.27,
2020-10-01,2020-21,2020,10,Oct,Andaman and Nicobar Islands,35,Union Territory,6.16,10.28,1.96,0.14,18.4,18.54,
2020-10-01,2020-21,2020,10,Oct,Andhra Pradesh,28,State,573.54,805.42,832.63,268.78,2211.59,2480.37,
2020-10-01,2020-21,2020,10,Oct,Arunachal Pradesh,12,State,39.35,50.35,7.42,0.46,97.12,97.58,
2020-10-01,2020-21,2020,10,Oct,Assam,18,State,302.64,410.39,290.72,12.9,1003.75,1016.65,
2020-10-01,2020-21,2020,10,Oct,Bihar,10,State,277.08,478.33,119.12,135.93,874.53,1010.46,
2020-10-01,2020-21,2020,10,Oct,Chandigarh,4,Union Territory,26.27,34.38,90.63,0.7,151.28,151.98,
2020-10-01,2020-21,2020,10,Oct,Chhattisgarh,22,State,383.31,450.12,698.7,441.84,1532.13,1973.97,
2020-10-01,2020-21,2020,10,Oct,Dadra and Nagar Haveli and Daman and Diu,38,Union Territory,31.5,38.54,220.09,0.23,290.13,290.36,
2020-10-01,2020-21,2020,10,Oct,Delhi,7,Union Territory,637.64,813.35,1682.96,76.8,3133.95,3210.75,
2020-10-01,2020-21,2020,10,Oct,Goa,30,State,59.7,84.46,164.53,0.97,308.69,309.66,
2020-10-01,2020-21,2020,10,Oct,Gujarat,24,State,1752.86,2230.71,2403.16,399.8,6386.73,6786.53,
2020-10-01,2020-21,2020,10,Oct,Haryana,6,State,866.43,1195.94,2974.29,396.6,5036.66,5433.26,
2020-10-01,2020-21,2020,10,Oct,Himachal Pradesh,2,State,113.59,163.03,413.51,0.85,690.13,690.98,
2020-10-01,2020-21,2020,10,Oct,Jammu and Kashmir,1,Union Territory,98.23,163.62,111.29,4.0,373.14,377.14,
2020-10-01,2020-21,2020,10,Oct,Jharkhand,20,State,312.71,415.86,646.37,396.23,1374.94,1771.17,
2020-10-01,2020-21,2020,10,Oct,Karnataka,29,State,1597.37,2087.02,2549.53,764.16,6233.92,6998.08,
2020-10-01,2020-21,2020,10,Oct,Kerala,32,State,541.87,798.87,319.97,3.82,1660.71,1664.53,
2020-10-01,2020-21,2020,10,Oct,Ladakh,37,Union Territory,5.64,6.91,1.96,0.0,14.51,14.51,
2020-10-01,2020-21,2020,10,Oct,Lakshadweep,31,Union Territory,0.36,0.66,0.1,0.0,1.12,1.12,
2020-10-01,2020-21,2020,10,Oct,Madhya Pradesh,23,State,547.0,754.35,642.06,459.89,1943.41,2403.3,
2020-10-01,2020-21,2020,10,Oct,Maharashtra,27,State,4188.94,4975.66,5808.3,825.98,14972.9,15798.88,
2020-10-01,2020-21,2020,10,Oct,Manipur,14,State,15.98,25.18,1.92,0.1,43.08,43.18,
2020-10-01,2020-21,2020,10,Oct,Meghalaya,17,State,21.22,28.61,67.18,0.38,117.01,117.39,
2020-10-01,2020-21,2020,10,Oct,Mizoram,15,State,10.56,17.7,3.19,0.2,31.45,31.65,
2020-10-01,2020-21,2020,10,Oct,Nagaland,13,State,10.58,13.16,5.58,0.18,29.32,29.5,
2020-10-01,2020-21,2020,10,Oct,Odisha,21,State,523.72,660.09,731.65,503.81,1915.46,2419.27,
2020-10-01,2020-21,2020,10,Oct,Puducherry,34,Union Territory,20.12,30.96,109.66,0.21,160.74,160.95,
2020-10-01,2020-21,2020,10,Oct,Punjab,3,State,331.48,538.0,492.67,14.07,1362.15,1376.22,
2020-10-01,2020-21,2020,10,Oct,Rajasthan,8,State,739.3,1018.58,1072.14,135.5,2830.02,2965.52,
2020-10-01,2020-21,2020,10,Oct,Sikkim,11,State,13.06,17.91,145.89,0.01,176.86,176.87,
2020-10-01,2020-21,2020,10,Oct,Tamil Nadu,33,State,1745.08,2402.55,2284.79,468.45,6432.42,6900.87,
2020-10-01,2020-21,2020,10,Oct,Telangana,36,State,835.94,1122.5,1001.24,423.76,2959.68,3383.44,
2020-10-01,2020-21,2020,10,Oct,Tripura,16,State,22.09,29.44,5.6,0.06,57.13,57.19,
2020-10-01,2020-21,2020,10,Oct,Uttar Pradesh,9,State,1207.87,1768.77,1467.0,1027.8,4443.64,5471.44,
2020-10-01,2020-21,2020,10,Oct,Uttarakhand,5,State,228.93,335.97,696.33,11.01,1261.23,1272.24,
2020-10-01,2020-21,2020,10,Oct,West Bengal,19,State,1100.15,1427.98,906.28,303.26,3434.41,3737.67,
2020-11-01,2020-21,2020,11,Nov,Andaman and Nicobar Islands,35,Union Territory,9.48,11.67,1.92,0.04,23.07,23.11,
2020-11-01,2020-21,2020,11,Nov,Andhra Pradesh,28,State,605.38,823.12,828.67,249.42,2257.17,2506.59,
2020-11-01,2020-21,2020,11,Nov,Arunachal Pradesh,12,State,25.02,28.82,6.14,0.01,59.98,59.99,
2020-11-01,2020-21,2020,11,Nov,Assam,18,State,275.86,355.91,280.18,33.98,911.95,945.93,
2020-11-01,2020-21,2020,11,Nov,Bihar,10,State,252.57,463.04,122.69,131.57,838.3,969.87,
2020-11-01,2020-21,2020,11,Nov,Chandigarh,4,Union Territory,27.12,35.26,78.34,0.64,140.72,141.36,
2020-11-01,2020-21,2020,11,Nov,Chhattisgarh,22,State,398.49,469.54,799.3,513.75,1667.33,2181.08,
2020-11-01,2020-21,2020,11,Nov,Dadra and Nagar Haveli and Daman and Diu,38,Union Territory,30.36,42.93,224.94,0.04,298.23,298.27,
2020-11-01,2020-21,2020,11,Nov,Delhi,7,Union Territory,653.51,832.92,1838.82,87.88,3325.25,3413.13,
2020-11-01,2020-21,2020,11,Nov,Goa,30,State,58.66,85.28,154.38,1.8,298.32,300.12,
2020-11-01,2020-21,2020,11,Nov,Gujarat,24,State,1950.51,2448.07,2692.95,474.84,7091.53,7566.37,
2020-11-01,2020-21,2020,11,Nov,Haryana,6,State,894.96,1264.21,3321.52,447.56,5480.69,5928.25,
2020-11-01,2020-21,2020,11,Nov,Himachal Pradesh,2,State,113.18,161.59,482.7,0.89,757.47,758.36,
2020-11-01,2020-21,2020,11,Nov,Jammu and Kashmir,1,Union Territory,91.07,147.5,118.25,2.96,356.82,359.78,
2020-11-01,2020-21,2020,11,Nov,Jharkhand,20,State,317.02,422.37,753.16,414.66,1492.55,1907.21,
2020-11-01,2020-21,2020,11,Nov,Karnataka,29,State,1656.86,2146.59,2440.06,671.74,6243.51,6915.25,
2020-11-01,2020-21,2020,11,Nov,Kerala,32,State,512.26,745.81,307.51,2.65,1565.58,1568.23,
2020-11-01,2020-21,2020,11,Nov,Ladakh,37,Union Territory,2.86,4.47,1.86,0.0,9.19,9.19,
2020-11-01,2020-21,2020,11,Nov,Lakshadweep,31,Union Territory,0.16,0.29,0.03,0.0,0.48,0.48,
2020-11-01,2020-21,2020,11,Nov,Madhya Pradesh,23,State,569.72,744.96,696.93,481.45,2011.61,2493.06,
2020-11-01,2020-21,2020,11,Nov,Maharashtra,27,State,3992.81,4875.36,5144.67,988.01,14012.84,15000.85,
2020-11-01,2020-21,2020,11,Nov,Manipur,14,State,11.67,17.6,2.67,0.03,31.94,31.97,
2020-11-01,2020-21,2020,11,Nov,Meghalaya,17,State,20.27,25.61,73.74,0.41,119.62,120.03,
2020-11-01,2020-21,2020,11,Nov,Mizoram,15,State,5.68,8.72,2.35,0.01,16.75,16.76,
2020-11-01,2020-21,2020,11,Nov,Nagaland,13,State,10.53,12.4,4.87,1.81,27.8,29.61,
2020-11-01,2020-21,2020,11,Nov,Odisha,21,State,533.57,681.96,787.63,524.85,2003.16,2528.01,
2020-11-01,2020-21,2020,11,Nov,Puducherry,34,Union Territory,19.18,29.6,109.27,0.17,158.05,158.22,
2020-11-01,2020-21,2020,11,Nov,Punjab,3,State,322.96,548.85,511.68,12.79,1383.49,1396.28,
2020-11-01,2020-21,2020,11,Nov,Rajasthan,8,State,781.21,1061.62,1121.62,165.94,2964.45,3130.39,
2020-11-01,2020-21,2020,11,Nov,Sikkim,11,State,15.72,25.02,182.62,0.01,223.36,223.37,
2020-11-01,2020-21,2020,11,Nov,Tamil Nadu,33,State,1735.11,2397.58,2383.83,567.55,6516.52,7084.07,
2020-11-01,2020-21,2020,11,Nov,Telangana,36,State,766.82,1077.39,914.83,415.48,2759.04,3174.52,
2020-11-01,2020-21,2020,11,Nov,Tripura,16,State,20.69,29.97,7.21,0.23,57.87,58.1,
2020-11-01,2020-21,2020,11,Nov,Uttar Pradesh,9,State,1171.76,1768.28,1636.13,951.79,4576.17,5527.96,
2020-11-01,2020-21,2020,11,Nov,Uttarakhand,5,State,204.48,323.76,748.02,9.24,1276.26,1285.5,
2020-11-01,2020-21,2020,11,Nov,West Bengal,19,State,1127.51,1416.23,925.16,278.07,3468.9,3746.97,
2020-12-01,2020-21,2020,12,Dec,Andaman and Nicobar Islands,35,Union Territory,6.98,10.61,4.29,0.02,21.88,21.9,
2020-12-01,2020-21,2020,12,Dec,Andhra Pradesh,28,State,607.07,817.35,925.12,231.36,2349.54,2580.9,
2020-12-01,2020-21,2020,12,Dec,Arunachal Pradesh,12,State,16.68,23.67,5.17,0.04,45.52,45.56,
2020-12-01,2020-21,2020,12,Dec,Assam,18,State,286.9,393.95,271.43,31.54,952.28,983.82,
2020-12-01,2020-21,2020,12,Dec,Bihar,10,State,280.57,484.72,129.86,172.28,895.15,1067.43,
2020-12-01,2020-21,2020,12,Dec,Chandigarh,4,Union Territory,29.46,40.69,87.61,0.58,157.76,158.34,
2020-12-01,2020-21,2020,12,Dec,Chhattisgarh,22,State,466.66,551.63,795.42,535.69,1813.71,2349.4,
2020-12-01,2020-21,2020,12,Dec,Dadra and Nagar Haveli and Daman and Diu,38,Union Territory,36.23,46.84,179.58,0.09,262.65,262.74,
2020-12-01,2020-21,2020,12,Dec,Delhi,7,Union Territory,701.05,876.45,1784.95,88.83,3362.45,3451.28,
2020-12-01,2020-21,2020,12,Dec,Goa,30,State,80.28,114.33,145.04,2.05,339.65,341.7,
2020-12-01,2020-21,2020,12,Dec,Gujarat,24,State,1997.66,2464.57,2491.79,514.78,6954.02,7468.8,
2020-12-01,2020-21,2020,12,Dec,Haryana,6,State,938.85,1280.9,3101.55,425.7,5321.3,5747.0,
2020-12-01,2020-21,2020,12,Dec,Himachal Pradesh,2,State,114.45,165.7,389.03,0.6,669.18,669.78,
2020-12-01,2020-21,2020,12,Dec,Jammu and Kashmir,1,Union Territory,79.38,132.41,104.73,1.93,316.52,318.45,
2020-12-01,2020-21,2020,12,Dec,Jharkhand,20,State,350.66,493.0,871.09,435.43,1714.75,2150.18,
2020-12-01,2020-21,2020,12,Dec,Karnataka,29,State,1752.76,2274.89,2785.21,646.43,6812.86,7459.29,
2020-12-01,2020-21,2020,12,Dec,Kerala,32,State,585.04,847.83,339.72,3.8,1772.59,1776.39,
2020-12-01,2020-21,2020,12,Dec,Ladakh,37,Union Territory,2.59,3.98,1.72,0.02,8.29,8.31,
2020-12-01,2020-21,2020,12,Dec,Lakshadweep,31,Union Territory,0.19,0.25,0.09,0.0,0.53,0.53,
2020-12-01,2020-21,2020,12,Dec,Madhya Pradesh,23,State,628.48,823.38,651.59,511.15,2103.45,2614.6,
2020-12-01,2020-21,2020,12,Dec,Maharashtra,27,State,5098.39,5916.56,5760.9,923.06,16775.85,17698.91,
2020-12-01,2020-21,2020,12,Dec,Manipur,14,State,15.09,20.29,5.18,0.13,40.56,40.69,
2020-12-01,2020-21,2020,12,Dec,Meghalaya,17,State,19.31,27.79,58.45,0.33,105.55,105.88,
2020-12-01,2020-21,2020,12,Dec,Mizoram,15,State,7.61,11.55,6.22,0.01,25.38,25.39,
2020-12-01,2020-21,2020,12,Dec,Nagaland,13,State,15.62,17.74,4.52,0.34,37.88,38.22,
2020-12-01,2020-21,2020,12,Dec,Odisha,21,State,589.41,765.26,965.75,539.78,2320.42,2860.2,
2020-12-01,2020-21,2020,12,Dec,Puducherry,34,Union Territory,19.46,30.18,109.13,0.23,158.77,159.0,
2020-12-01,2020-21,2020,12,Dec,Punjab,3,State,341.87,531.68,469.66,9.55,1343.21,1352.76,
2020-12-01,2020-21,2020,12,Dec,Rajasthan,8,State,790.71,1095.77,1078.97,170.0,2965.45,3135.45,
2020-12-01,2020-21,2020,12,Dec,Sikkim,11,State,13.06,18.78,193.18,0.11,225.02,225.13,
2020-12-01,2020-21,2020,12,Dec,Tamil Nadu,33,State,1814.91,2427.43,2148.97,513.6,6391.31,6904.91,
2020-12-01,2020-21,2020,12,Dec,Telangana,36,State,869.85,1154.53,1032.49,486.5,3056.87,3543.37,
2020-12-01,2020-21,2020,12,Dec,Tripura,16,State,27.68,39.97,6.48,0.15,74.13,74.28,
2020-12-01,2020-21,2020,12,Dec,Uttar Pradesh,9,State,1342.98,1997.9,1537.24,1058.8,4878.12,5936.92,
2020-12-01,2020-21,2020,12,Dec,Uttarakhand,5,State,209.08,337.54,690.11,9.07,1236.73,1245.8,
2020-12-01,2020-21,2020,12,Dec,West Bengal,19,State,1221.66,1555.14,1043.05,294.5,3819.85,4114.35,
2021-01-01,2020-21,2021,1,Jan,Andaman and Nicobar Islands,35,Union Territory,7.67,10.94,1.88,0.03,20.49,20.52,
2021-01-01,2020-21,2021,1,Jan,Andhra Pradesh,28,State,673.6,922.79,1102.74,180.77,2699.13,2879.9,
2021-01-01,2020-21,2021,1,Jan,Arunachal Pradesh,12,State,23.48,29.35,7.1,0.07,59.93,60.0,
2021-01-01,2020-21,2021,1,Jan,Assam,18,State,309.06,406.6,290.97,43.6,1006.63,1050.23,
2021-01-01,2020-21,2021,1,Jan,Bihar,10,State,316.82,576.72,128.4,168.14,1021.94,1190.08,
2021-01-01,2020-21,2021,1,Jan,Chandigarh,4,Union Territory,29.08,47.61,85.97,2.75,162.66,165.41,
2021-01-01,2020-21,2021,1,Jan,Chhattisgarh,22,State,475.6,558.04,923.28,570.18,1956.92,2527.1,
2021-01-01,2020-21,2021,1,Jan,Dadra and Nagar Haveli and Daman and Diu,38,Union Territory,34.29,44.03,203.43,0.34,281.75,282.09,
2021-01-01,2020-21,2021,1,Jan,Delhi,7,Union Territory,713.35,922.79,2039.99,111.07,3676.13,3787.2,
2021-01-01,2020-21,2021,1,Jan,Goa,30,State,95.64,135.23,144.55,2.34,375.42,377.76,
2021-01-01,2020-21,2021,1,Jan,Gujarat,24,State,2175.58,2664.01,2612.96,514.35,7452.55,7966.9,
2021-01-01,2020-21,2021,1,Jan,Haryana,6,State,926.71,1286.91,3258.17,430.19,5471.79,5901.98,
2021-01-01,2020-21,2021,1,Jan,Himachal Pradesh,2,State,117.58,173.84,420.2,1.66,711.62,713.28,
2021-01-01,2020-21,2021,1,Jan,Jammu and Kashmir,1,Union Territory,105.16,173.06,93.79,2.39,372.01,374.4,
2021-01-01,2020-21,2021,1,Jan,Jharkhand,20,State,383.54,522.58,975.91,412.2,1882.03,2294.23,
2021-01-01,2020-21,2021,1,Jan,Karnataka,29,State,1813.82,2346.21,3101.01,716.34,7261.04,7977.38,
2021-01-01,2020-21,2021,1,Jan,Kerala,32,State,628.46,946.46,345.32,13.38,1920.24,1933.62,
2021-01-01,2020-21,2021,1,Jan,Ladakh,37,Union Territory,4.94,8.03,1.99,0.13,14.96,15.09,
2021-01-01,2020-21,2021,1,Jan,Lakshadweep,31,Union Territory,1.22,1.32,0.02,0.0,2.56,2.56,
2021-01-01,2020-21,2021,1,Jan,Madhya Pradesh,23,State,660.78,863.64,719.97,511.92,2244.39,2756.31,
2021-01-01,2020-21,2021,1,Jan,Maharashtra,27,State,4858.35,5856.33,6320.26,932.49,17034.94,17967.43,
2021-01-01,2020-21,2021,1,Jan,Manipur,14,State,13.83,22.51,2.8,0.53,39.14,39.67,
2021-01-01,2020-21,2021,1,Jan,Meghalaya,17,State,24.91,36.61,75.38,0.12,136.9,137.02,
2021-01-01,2020-21,2021,1,Jan,Mizoram,15,State,9.69,14.62,13.27,0.03,37.58,37.61,
2021-01-01,2020-21,2021,1,Jan,Nagaland,13,State,17.16,22.17,5.74,0.28,45.07,45.35,
2021-01-01,2020-21,2021,1,Jan,Odisha,21,State,609.93,777.71,1158.77,591.04,2546.41,3137.45,
2021-01-01,2020-21,2021,1,Jan,Puducherry,34,Union Territory,19.92,34.28,100.46,1.78,154.66,156.44,
2021-01-01,2020-21,2021,1,Jan,Punjab,3,State,324.76,566.74,444.35,16.11,1335.85,1351.96,
2021-01-01,2020-21,2021,1,Jan,Rajasthan,8,State,835.13,1129.36,1160.17,152.94,3124.66,3277.6,
2021-01-01,2020-21,2021,1,Jan,Sikkim,11,State,12.24,15.71,215.75,0.17,243.7,243.87,
2021-01-01,2020-21,2021,1,Jan,Tamil Nadu,33,State,1865.72,2589.41,2370.99,567.1,6826.12,7393.22,
2021-01-01,2020-21,2021,1,Jan,Telangana,36,State,958.19,1307.47,1109.53,508.3,3375.19,3883.49,
2021-01-01,2020-21,2021,1,Jan,Tripura,16,State,25.15,35.35,9.53,0.44,70.03,70.47,
2021-01-01,2020-21,2021,1,Jan,Uttar Pradesh,9,State,1358.1,2037.09,1526.81,963.7,4922.0,5885.7,
2021-01-01,2020-21,2021,1,Jan,Uttarakhand,5,State,218.53,327.66,669.94,9.92,1216.13,1226.05,
2021-01-01,2020-21,2021,1,Jan,West Bengal,19,State,1278.23,1604.54,1003.56,312.53,3886.33,4198.86,
2021-02-01,2020-21,2021,2,Feb,Andaman and Nicobar Islands,35,Union Territory,7.44,12.77,2.97,0.08,23.18,23.26,
2021-02-01,2020-21,2021,2,Feb,Andhra Pradesh,28,State,592.55,814.07,1016.49,229.47,2423.11,2652.58,
2021-02-01,2020-21,2021,2,Feb,Arunachal Pradesh,12,State,23.18,30.55,7.6,0.04,61.33,61.37,
2021-02-01,2020-21,2021,2,Feb,Assam,18,State,288.4,374.3,244.37,38.77,907.07,945.84,
2021-02-01,2020-21,2021,2,Feb,Bihar,10,State,302.68,468.16,168.6,188.55,939.44,1127.99,
2021-02-01,2020-21,2021,2,Feb,Chandigarh,4,Union Territory,28.96,37.94,81.17,0.43,148.07,148.5,
2021-02-01,2020-21,2021,2,Feb,Chhattisgarh,22,State,456.04,524.01,868.97,604.07,1849.02,2453.09,
2021-02-01,2020-21,2021,2,Feb,Dadra and Nagar Haveli and Daman and Diu,38,Union Territory,32.82,42.21,162.45,0.22,237.48,237.7,
2021-02-01,2020-21,2021,2,Feb,Delhi,7,Union Territory,720.27,892.96,2026.94,87.29,3640.17,3727.46,
2021-02-01,2020-21,2021,2,Feb,Goa,30,State,97.41,128.38,116.41,1.59,342.2,343.79,
2021-02-01,2020-21,2021,2,Feb,Gujarat,24,State,2217.59,2727.93,2645.02,630.69,7590.54,8221.23,
2021-02-01,2020-21,2021,2,Feb,Haryana,6,State,859.97,1198.15,3118.85,412.84,5176.97,5589.81,
2021-02-01,2020-21,2021,2,Feb,Himachal Pradesh,2,State,108.92,146.62,406.83,0.75,662.37,663.12,
2021-02-01,2020-21,2021,2,Feb,Jammu and Kashmir,1,Union Territory,97.22,141.12,89.88,1.67,328.22,329.89,
2021-02-01,2020-21,2021,2,Feb,Jharkhand,20,State,427.79,552.95,941.19,399.09,1921.93,2321.02,
2021-02-01,2020-21,2021,2,Feb,Karnataka,29,State,1747.06,2230.65,2759.87,843.86,6737.58,7581.44,
2021-02-01,2020-21,2021,2,Feb,Kerala,32,State,599.27,856.89,344.42,5.52,1800.58,1806.1,
2021-02-01,2020-21,2021,2,Feb,Ladakh,37,Union Territory,3.48,4.32,1.25,0.02,9.05,9.07,
2021-02-01,2020-21,2021,2,Feb,Lakshadweep,31,Union Territory,0.21,0.22,0.02,0.0,0.45,0.45,
2021-02-01,2020-21,2021,2,Feb,Madhya Pradesh,23,State,657.2,832.56,712.09,589.72,2201.85,2791.57,
2021-02-01,2020-21,2021,2,Feb,Maharashtra,27,State,4469.9,5426.54,5095.79,1111.27,14992.23,16103.5,
2021-02-01,2020-21,2021,2,Feb,Manipur,14,State,10.56,15.03,6.59,0.17,32.18,32.35,
2021-02-01,2020-21,2021,2,Feb,Meghalaya,17,State,25.55,30.54,88.22,2.2,144.31,146.51,
2021-02-01,2020-21,2021,2,Feb,Mizoram,15,State,6.05,9.8,5.18,0.03,21.03,21.06,
2021-02-01,2020-21,2021,2,Feb,Nagaland,13,State,12.01,16.54,5.91,0.37,34.46,34.83,
2021-02-01,2020-21,2021,2,Feb,Odisha,21,State,624.16,781.06,1345.79,589.55,2751.01,3340.56,
2021-02-01,2020-21,2021,2,Feb,Puducherry,34,Union Territory,19.22,29.09,109.61,0.14,157.92,158.06,
2021-02-01,2020-21,2021,2,Feb,Punjab,3,State,330.06,510.88,447.67,10.77,1288.61,1299.38,
2021-02-01,2020-21,2021,2,Feb,Rajasthan,8,State,814.0,1068.46,1154.85,186.39,3037.31,3223.7,
2021-02-01,2020-21,2021,2,Feb,Sikkim,11,State,12.97,18.48,190.84,0.05,222.29,222.34,
2021-02-01,2020-21,2021,2,Feb,Tamil Nadu,33,State,1770.87,2459.52,2109.49,668.33,6339.88,7008.21,
2021-02-01,2020-21,2021,2,Feb,Telangana,36,State,900.57,1173.41,986.92,575.54,3060.9,3636.44,
2021-02-01,2020-21,2021,2,Feb,Tripura,16,State,22.75,30.76,9.12,0.62,62.63,63.25,
2021-02-01,2020-21,2021,2,Feb,Uttar Pradesh,9,State,1281.2,1790.55,1626.48,1298.4,4698.23,5996.63,
2021-02-01,2020-21,2021,2,Feb,Uttarakhand,5,State,212.69,308.44,647.44,12.56,1168.57,1181.13,
2021-02-01,2020-21,2021,2,Feb,West Bengal,19,State,1291.89,1563.0,1105.93,374.17,3960.82,4334.99,
2021-03-01,2020-21,2021,3,Mar,Andaman and Nicobar Islands,35,Union Territory,9.72,12.93,2.9,0.11,25.55,25.66,
2021-03-01,2020-21,2021,3,Mar,Andhra Pradesh,28,State,590.25,803.23,1075.06,216.54,2468.54,2685.08,
2021-03-01,2020-21,2021,3,Mar,Arunachal Pradesh,12,State,38.59,44.79,8.63,0.02,92.01,92.03,
2021-03-01,2020-21,2021,3,Mar,Assam,18,State,319.07,399.89,257.79,27.89,976.75,1004.64,
2021-03-01,2020-21,2021,3,Mar,Bihar,10,State,347.2,581.77,150.9,115.88,1079.87,1195.75,
2021-03-01,2020-21,2021,3,Mar,Chandigarh,4,Union Territory,31.81,41.05,91.94,0.47,164.8,165.27,
2021-03-01,2020-21,2021,3,Mar,Chhattisgarh,22,State,542.2,622.47,890.17,489.29,2054.84,2544.13,
2021-03-01,2020-21,2021,3,Mar,Dadra and Nagar Haveli and Daman and Diu,38,Union Territory,38.55,50.88,202.28,0.07,291.71,291.78,
2021-03-01,2020-21,2021,3,Mar,Delhi,7,Union Territory,783.41,951.94,2090.31,100.31,3825.66,3925.97,
2021-03-01,2020-21,2021,3,Mar,Goa,30,State,98.18,136.06,108.26,1.78,342.5,344.28,
2021-03-01,2020-21,2021,3,Mar,Gujarat,24,State,2310.43,2815.06,2629.04,442.51,7754.53,8197.04,
2021-03-01,2020-21,2021,3,Mar,Haryana,6,State,930.02,1260.76,3104.72,414.11,5295.5,5709.61,
2021-03-01,2020-21,2021,3,Mar,Himachal Pradesh,2,State,117.59,157.05,411.72,0.52,686.36,686.88,
2021-03-01,2020-21,2021,3,Mar,Jammu and Kashmir,1,Union Territory,99.41,163.18,85.98,3.05,348.57,351.62,
2021-03-01,2020-21,2021,3,Mar,Jharkhand,20,State,498.21,640.27,846.43,431.22,1984.91,2416.13,
2021-03-01,2020-21,2021,3,Mar,Karnataka,29,State,1878.91,2377.71,2834.15,824.2,7090.77,7914.97,
2021-03-01,2020-21,2021,3,Mar,Kerala,32,State,637.29,863.89,322.1,4.66,1823.28,1827.94,
2021-03-01,2020-21,2021,3,Mar,Ladakh,37,Union Territory,5.67,6.37,1.59,0.04,13.63,13.67,
2021-03-01,2020-21,2021,3,Mar,Lakshadweep,31,Union Territory,0.64,0.82,0.08,0.0,1.54,1.54,
2021-03-01,2020-21,2021,3,Mar,Madhya Pradesh,23,State,669.54,847.35,755.99,455.61,2272.88,2728.49,
2021-03-01,2020-21,2021,3,Mar,Maharashtra,27,State,4833.74,5669.22,5444.22,1091.31,15947.18,17038.49,
2021-03-01,2020-21,2021,3,Mar,Manipur,14,State,20.69,24.92,4.59,0.16,50.2,50.36,
2021-03-01,2020-21,2021,3,Mar,Meghalaya,17,State,23.27,34.13,94.28,0.28,151.68,151.96,
2021-03-01,2020-21,2021,3,Mar,Mizoram,15,State,10.84,14.7,9.28,0.1,34.82,34.92,
2021-03-01,2020-21,2021,3,Mar,Nagaland,13,State,17.23,21.64,6.04,0.57,44.91,45.48,
2021-03-01,2020-21,2021,3,Mar,Odisha,21,State,762.99,954.62,1036.59,531.09,2754.2,3285.29,
2021-03-01,2020-21,2021,3,Mar,Puducherry,34,Union Territory,21.33,31.68,107.9,0.13,160.91,161.04,
2021-03-01,2020-21,2021,3,Mar,Punjab,3,State,349.54,544.35,450.88,17.08,1344.77,1361.85,
2021-03-01,2020-21,2021,3,Mar,Rajasthan,8,State,852.35,1132.52,1236.91,130.0,3221.78,3351.78,
2021-03-01,2020-21,2021,3,Mar,Sikkim,11,State,13.66,19.95,179.82,0.23,213.43,213.66,
2021-03-01,2020-21,2021,3,Mar,Tamil Nadu,33,State,1914.53,2568.17,2315.88,780.59,6798.58,7579.17,
2021-03-01,2020-21,2021,3,Mar,Telangana,36,State,1057.65,1343.76,1142.66,622.35,3544.07,4166.42,
2021-03-01,2020-21,2021,3,Mar,Tripura,16,State,35.34,44.48,7.9,0.18,87.72,87.9,
2021-03-01,2020-21,2021,3,Mar,Uttar Pradesh,9,State,1533.88,2119.04,1785.63,826.45,5438.55,6265.0,
2021-03-01,2020-21,2021,3,Mar,Uttarakhand,5,State,230.19,354.39,711.04,7.95,1295.62,1303.57,
2021-03-01,2020-21,2021,3,Mar,West Bengal,19,State,1342.61,1665.1,1093.86,285.22,4101.57,4386.79,
2021-04-01,2021-22,2021,4,Apr,Andaman and Nicobar Islands,35,Union Territory,23.94,32.09,4.56,0.01,60.59,60.6,
2021-04-01,2021-22,2021,4,Apr,Andhra Pradesh,28,State,804.04,1079.07,1192.56,269.62,3075.67,3345.29,
2021-04-01,2021-22,2021,4,Apr,Arunachal Pradesh,12,State,43.65,51.05,8.32,0.22,103.02,103.24,
2021-04-01,2021-22,2021,4,Apr,Assam,18,State,376.46,457.33,269.04,47.76,1102.83,1150.59,
2021-04-01,2021-22,2021,4,Apr,Bihar,10,State,440.54,675.73,227.95,164.0,1344.22,1508.22,
2021-04-01,2021-22,2021,4,Apr,Chandigarh,4,Union Territory,35.28,48.97,118.23,0.81,202.48,203.29,
2021-04-01,2021-22,2021,4,Apr,Chhattisgarh,22,State,514.13,586.18,869.88,702.39,1970.19,2672.58,
2021-04-01,2021-22,2021,4,Apr,Dadra and Nagar Haveli and Daman and Diu,38,Union Territory,35.94,45.8,211.06,0.06,292.8,292.86,
2021-04-01,2021-22,2021,4,Apr,Delhi,7,Union Territory,1146.1,1375.87,2449.03,82.29,4971.0,5053.29,
2021-04-01,2021-22,2021,4,Apr,Goa,30,State,107.41,146.84,143.85,2.62,398.1,400.72,
2021-04-01,2021-22,2021,4,Apr,Gujarat,24,State,2769.85,3323.04,2967.19,572.28,9060.08,9632.36,
2021-04-01,2021-22,2021,4,Apr,Haryana,6,State,1038.46,1450.92,3677.26,491.67,6166.64,6658.31,
2021-04-01,2021-22,2021,4,Apr,Himachal Pradesh,2,State,142.41,196.7,423.87,0.87,762.98,763.85,
2021-04-01,2021-22,2021,4,Apr,Jammu and Kashmir,1,Union Territory,150.8,244.63,109.02,4.42,504.45,508.87,
2021-04-01,2021-22,2021,4,Apr,Jharkhand,20,State,574.44,734.3,1103.59,543.93,2412.33,2956.26,
2021-04-01,2021-22,2021,4,Apr,Karnataka,29,State,2438.17,3064.05,3570.32,882.87,9072.54,9955.41,
2021-04-01,2021-22,2021,4,Apr,Kerala,32,State,796.31,1075.88,582.3,11.83,2454.49,2466.32,
2021-04-01,2021-22,2021,4,Apr,Ladakh,37,Union Territory,12.02,15.33,3.44,0.02,30.79,30.81,
2021-04-01,2021-22,2021,4,Apr,Lakshadweep,31,Union Territory,1.62,1.76,0.34,0.0,3.72,3.72,
2021-04-01,2021-22,2021,4,Apr,Madhya Pradesh,23,State,745.02,970.14,796.31,538.56,2511.47,3050.03,
2021-04-01,2021-22,2021,4,Apr,Maharashtra,27,State,5900.29,7029.04,8012.67,1070.62,20942.0,22012.62,
2021-04-01,2021-22,2021,4,Apr,Manipur,14,State,43.43,55.39,3.61,0.25,102.43,102.68,
2021-04-01,2021-22,2021,4,Apr,Meghalaya,17,State,39.67,46.35,119.67,0.43,205.69,206.12,
2021-04-01,2021-22,2021,4,Apr,Mizoram,15,State,22.14,30.1,5.09,0.01,57.33,57.34,
2021-04-01,2021-22,2021,4,Apr,Nagaland,13,State,19.13,24.38,7.62,0.47,51.13,51.6,
2021-04-01,2021-22,2021,4,Apr,Odisha,21,State,952.43,1126.67,1157.05,613.33,3236.15,3849.48,
2021-04-01,2021-22,2021,4,Apr,Puducherry,34,Union Territory,22.03,34.98,112.2,0.28,169.21,169.49,
2021-04-01,2021-22,2021,4,Apr,Punjab,3,State,466.4,728.68,708.49,20.53,1903.57,1924.1,
2021-04-01,2021-22,2021,4,Apr,Rajasthan,8,State,1044.75,1368.78,1276.01,130.79,3689.54,3820.33,
2021-04-01,2021-22,2021,4,Apr,Sikkim,11,State,25.02,34.94,197.75,0.15,257.71,257.86,
2021-04-01,2021-22,2021,4,Apr,Tamil Nadu,33,State,2294.03,3121.79,3022.38,411.17,8438.2,8849.37,
2021-04-01,2021-22,2021,4,Apr,Telangana,36,State,1121.66,1460.28,1251.08,429.13,3833.02,4262.15,
2021-04-01,2021-22,2021,4,Apr,Tripura,16,State,43.53,56.93,9.45,0.16,109.91,110.07,
2021-04-01,2021-22,2021,4,Apr,Uttar Pradesh,9,State,1746.12,2493.75,2031.18,1083.95,6271.05,7355.0,
2021-04-01,2021-22,2021,4,Apr,Uttarakhand,5,State,256.16,389.9,761.4,14.47,1407.46,1421.93,
2021-04-01,2021-22,2021,4,Apr,West Bengal,19,State,1624.73,2019.54,1219.83,371.75,4864.1,5235.85,
2021-05-01,2021-22,2021,5,May,Andaman and Nicobar Islands,35,Union Territory,19.42,25.84,3.04,0.0,48.3,48.3,
2021-05-01,2021-22,2021,5,May,Andhra Pradesh,28,State,431.5,611.37,856.47,174.56,1899.34,2073.9,
2021-05-01,2021-22,2021,5,May,Arunachal Pradesh,12,State,13.7,17.65,5.13,0.01,36.48,36.49,
2021-05-01,2021-22,2021,5,May,Assam,18,State,218.68,294.68,234.72,21.53,748.08,769.61,
2021-05-01,2021-22,2021,5,May,Bihar,10,State,198.92,366.65,110.92,172.55,676.49,849.04,
2021-05-01,2021-22,2021,5,May,Chandigarh,4,Union Territory,21.68,25.5,81.57,1.21,128.75,129.96,
2021-05-01,2021-22,2021,5,May,Chhattisgarh,22,State,337.88,389.15,774.06,524.88,1501.09,2025.97,
2021-05-01,2021-22,2021,5,May,Dadra and Nagar Haveli and Daman and Diu,38,Union Territory,28.1,34.8,165.61,0.09,228.51,228.6,
2021-05-01,2021-22,2021,5,May,Delhi,7,Union Territory,538.04,624.07,1533.24,75.48,2695.35,2770.83,
2021-05-01,2021-22,2021,5,May,Goa,30,State,52.01,74.46,101.52,0.97,227.99,228.96,
2021-05-01,2021-22,2021,5,May,Gujarat,24,State,1655.66,2042.77,2074.08,609.29,5772.51,6381.8,
2021-05-01,2021-22,2021,5,May,Haryana,6,State,722.18,921.83,2591.74,427.23,4235.75,4662.98,
2021-05-01,2021-22,2021,5,May,Himachal Pradesh,2,State,75.16,109.61,354.68,0.63,539.45,540.08,
2021-05-01,2021-22,2021,5,May,Jammu and Kashmir,1,Union Territory,60.74,93.22,74.39,3.68,228.35,232.03,
2021-05-01,2021-22,2021,5,May,Jharkhand,20,State,300.81,382.32,841.35,488.51,1524.48,2012.99,
2021-05-01,2021-22,2021,5,May,Karnataka,29,State,1229.73,1538.5,2156.76,828.88,4924.99,5753.87,
2021-05-01,2021-22,2021,5,May,Kerala,32,State,319.92,477.18,346.99,2.43,1144.09,1146.52,
2021-05-01,2021-22,2021,5,May,Ladakh,37,Union Territory,1.81,3.05,0.45,0.0,5.31,5.31,
2021-05-01,2021-22,2021,5,May,Lakshadweep,31,Union Territory,0.09,0.15,0.03,0.0,0.27,0.27,
2021-05-01,2021-22,2021,5,May,Madhya Pradesh,23,State,382.9,491.04,578.98,475.48,1452.92,1928.4,
2021-05-01,2021-22,2021,5,May,Maharashtra,27,State,3760.78,4433.19,4360.53,1010.93,12554.5,13565.43,
2021-05-01,2021-22,2021,5,May,Manipur,14,State,7.71,10.53,3.37,0.0,21.61,21.61,
2021-05-01,2021-22,2021,5,May,Meghalaya,17,State,14.23,16.75,93.14,0.21,124.12,124.33,
2021-05-01,2021-22,2021,5,May,Mizoram,15,State,4.94,6.89,2.89,0.01,14.72,14.73,
2021-05-01,2021-22,2021,5,May,Nagaland,13,State,11.27,14.63,3.46,0.05,29.36,29.41,
2021-05-01,2021-22,2021,5,May,Odisha,21,State,690.32,827.43,1094.7,584.3,2612.45,3196.75,
2021-05-01,2021-22,2021,5,May,Puducherry,34,Union Territory,11.67,17.3,93.75,0.4,122.72,123.12,
2021-05-01,2021-22,2021,5,May,Punjab,3,State,288.27,462.95,493.13,21.43,1244.35,1265.78,
2021-05-01,2021-22,2021,5,May,Rajasthan,8,State,579.26,782.08,913.53,189.01,2274.87,2463.88,
2021-05-01,2021-22,2021,5,May,Sikkim,11,State,10.3,11.87,227.6,0.03,249.77,249.8,
2021-05-01,2021-22,2021,5,May,Tamil Nadu,33,State,1325.49,1764.11,1834.61,667.52,4924.21,5591.73,
2021-05-01,2021-22,2021,5,May,Telangana,36,State,622.63,856.3,904.67,600.76,2383.6,2984.36,
2021-05-01,2021-22,2021,5,May,Tripura,16,State,13.9,19.22,5.98,0.05,39.1,39.15,
2021-05-01,2021-22,2021,5,May,Uttar Pradesh,9,State,1002.21,1436.93,1223.24,1047.18,3662.38,4709.56,
2021-05-01,2021-22,2021,5,May,Uttarakhand,5,State,156.33,224.74,503.27,9.07,884.34,893.41,
2021-05-01,2021-22,2021,5,May,West Bengal,19,State,1007.05,1322.1,842.2,418.86,3171.35,3590.21,
2021-06-01,2021-22,2021,6,Jun,Andaman and Nicobar Islands,35,Union Territory,4.25,5.62,1.66,0.01,11.53,11.54,
2021-06-01,2021-22,2021,6,Jun,Andhra Pradesh,28,State,512.11,653.82,784.26,100.57,1950.19,2050.76,
2021-06-01,2021-22,2021,6,Jun,Arunachal Pradesh,12,State,13.18,15.91,3.87,0.13,32.96,33.09,
2021-06-01,2021-22,2021,6,Jun,Assam,18,State,187.91,235.16,208.82,29.93,631.89,661.82,
2021-06-01,2021-22,2021,6,Jun,Bihar,10,State,242.46,368.62,119.86,158.01,730.94,888.95,
2021-06-01,2021-22,2021,6,Jun,Chandigarh,4,Union Territory,21.01,28.42,69.64,1.38,119.07,120.45,
2021-06-01,2021-22,2021,6,Jun,Chhattisgarh,22,State,439.57,488.1,744.44,557.51,1672.11,2229.62,
2021-06-01,2021-22,2021,6,Jun,Dadra and Nagar Haveli and Daman and Diu,38,Union Territory,38.82,46.86,157.35,0.08,243.03,243.11,
2021-06-01,2021-22,2021,6,Jun,Delhi,7,Union Territory,497.13,601.89,1494.28,62.32,2593.3,2655.62,
2021-06-01,2021-22,2021,6,Jun,Goa,30,State,65.5,84.45,105.09,1.29,255.04,256.33,
2021-06-01,2021-22,2021,6,Jun,Gujarat,24,State,1739.55,2081.72,1952.49,353.97,5773.76,6127.73,
2021-06-01,2021-22,2021,6,Jun,Haryana,6,State,678.7,870.28,2096.92,155.09,3645.9,3800.99,
2021-06-01,2021-22,2021,6,Jun,Himachal Pradesh,2,State,87.31,119.87,311.13,0.78,518.31,519.09,
2021-06-01,2021-22,2021,6,Jun,Jammu and Kashmir,1,Union Territory,75.58,123.78,95.25,5.13,294.61,299.74,
2021-06-01,2021-22,2021,6,Jun,Jharkhand,20,State,316.16,391.82,843.62,479.94,1551.6,2031.54,
2021-06-01,2021-22,2021,6,Jun,Karnataka,29,State,1237.19,1501.72,2119.16,245.02,4858.07,5103.09,
2021-06-01,2021-22,2021,6,Jun,Kerala,32,State,313.19,438.46,244.61,2.12,996.26,998.38,
2021-06-01,2021-22,2021,6,Jun,Ladakh,37,Union Territory,2.13,2.94,0.99,0.0,6.06,6.06,
2021-06-01,2021-22,2021,6,Jun,Lakshadweep,31,Union Territory,0.18,0.18,0.11,0.0,0.47,0.47,
2021-06-01,2021-22,2021,6,Jun,Madhya Pradesh,23,State,437.98,556.08,545.76,558.62,1539.82,2098.44,
2021-06-01,2021-22,2021,6,Jun,Maharashtra,27,State,3814.76,4411.37,4553.3,942.43,12779.43,13721.86,
2021-06-01,2021-22,2021,6,Jun,Manipur,14,State,8.64,11.06,2.11,0.04,21.81,21.85,
2021-06-01,2021-22,2021,6,Jun,Meghalaya,17,State,13.98,17.26,73.46,0.15,104.7,104.85,
2021-06-01,2021-22,2021,6,Jun,Mizoram,15,State,5.79,7.92,3.64,0.02,17.35,17.37,
2021-06-01,2021-22,2021,6,Jun,Nagaland,13,State,11.3,15.55,2.89,0.39,29.74,30.13,
2021-06-01,2021-22,2021,6,Jun,Odisha,21,State,743.16,858.83,842.65,555.27,2444.64,2999.91,
2021-06-01,2021-22,2021,6,Jun,Puducherry,34,Union Territory,12.84,20.48,70.55,0.22,103.87,104.09,
2021-06-01,2021-22,2021,6,Jun,Punjab,3,State,274.91,410.85,407.81,17.56,1093.57,1111.13,
2021-06-01,2021-22,2021,6,Jun,Rajasthan,8,State,621.09,781.45,683.54,89.88,2086.08,2175.96,
2021-06-01,2021-22,2021,6,Jun,Sikkim,11,State,11.04,17.75,182.92,0.01,211.71,211.72,
2021-06-01,2021-22,2021,6,Jun,Tamil Nadu,33,State,1152.64,1499.14,1395.94,331.89,4047.72,4379.61,
2021-06-01,2021-22,2021,6,Jun,Telangana,36,State,662.31,872.76,850.31,459.8,2385.38,2845.18,
2021-06-01,2021-22,2021,6,Jun,Tripura,16,State,16.19,21.85,4.58,0.09,42.62,42.71,
2021-06-01,2021-22,2021,6,Jun,Uttar Pradesh,9,State,1091.48,1540.3,1175.67,780.91,3807.45,4588.36,
2021-06-01,2021-22,2021,6,Jun,Uttarakhand,5,State,154.89,209.14,332.49,5.77,696.52,702.29,
2021-06-01,2021-22,2021,6,Jun,West Bengal,19,State,820.11,1020.95,659.21,243.68,2500.27,2743.95,
2021-07-01,2021-22,2021,7,Jul,Andaman and Nicobar Islands,35,Union Territory,5.93,10.09,2.49,0.06,18.51,18.57,
2021-07-01,2021-22,2021,7,Jul,Andhra Pradesh,28,State,669.41,927.77,956.19,176.97,2553.37,2730.34,
2021-07-01,2021-22,2021,7,Jul,Arunachal Pradesh,12,State,21.25,26.15,8.06,0.03,55.46,55.49,
2021-07-01,2021-22,2021,7,Jul,Assam,18,State,281.4,355.61,225.69,19.26,862.7,881.96,
2021-07-01,2021-22,2021,7,Jul,Bihar,10,State,357.19,603.26,149.34,171.21,1109.79,1281.0,
2021-07-01,2021-22,2021,7,Jul,Chandigarh,4,Union Territory,30.58,42.03,95.92,0.38,168.53,168.91,
2021-07-01,2021-22,2021,7,Jul,Chhattisgarh,22,State,536.46,618.74,772.13,505.12,1927.33,2432.45,
2021-07-01,2021-22,2021,7,Jul,Dadra and Nagar Haveli and Daman and Diu,38,Union Territory,33.22,42.52,151.57,0.04,227.31,227.35,
2021-07-01,2021-22,2021,7,Jul,Delhi,7,Union Territory,773.76,947.34,2040.37,53.59,3761.47,3815.06,
2021-07-01,2021-22,2021,7,Jul,Goa,30,State,76.57,104.99,120.7,1.09,302.26,303.35,
2021-07-01,2021-22,2021,7,Jul,Gujarat,24,State,2183.06,2703.74,2310.17,431.68,7196.97,7628.65,
2021-07-01,2021-22,2021,7,Jul,Haryana,6,State,944.68,1259.8,2700.66,424.5,4905.14,5329.64,
2021-07-01,2021-22,2021,7,Jul,Himachal Pradesh,2,State,120.78,184.6,360.38,0.89,665.76,666.65,
2021-07-01,2021-22,2021,7,Jul,Jammu and Kashmir,1,Union Territory,112.07,182.95,129.4,7.36,424.42,431.78,
2021-07-01,2021-22,2021,7,Jul,Jharkhand,20,State,365.12,482.49,792.87,415.92,1640.48,2056.4,
2021-07-01,2021-22,2021,7,Jul,Karnataka,29,State,1797.44,2263.53,2393.74,281.8,6454.71,6736.51,
2021-07-01,2021-22,2021,7,Jul,Kerala,32,State,522.62,750.57,399.1,2.86,1672.29,1675.15,
2021-07-01,2021-22,2021,7,Jul,Ladakh,37,Union Territory,4.44,6.08,2.43,0.0,12.95,12.95,
2021-07-01,2021-22,2021,7,Jul,Lakshadweep,31,Union Territory,0.45,0.48,0.03,0.0,0.96,0.96,
2021-07-01,2021-22,2021,7,Jul,Madhya Pradesh,23,State,644.39,855.94,672.68,484.03,2173.01,2657.04,
2021-07-01,2021-22,2021,7,Jul,Maharashtra,27,State,5133.11,6092.96,6605.47,1067.73,17831.54,18899.27,
2021-07-01,2021-22,2021,7,Jul,Manipur,14,State,14.09,19.84,3.19,0.27,37.12,37.39,
2021-07-01,2021-22,2021,7,Jul,Meghalaya,17,State,21.9,28.98,70.1,0.12,120.98,121.1,
2021-07-01,2021-22,2021,7,Jul,Mizoram,15,State,6.94,11.38,2.64,0.03,20.96,20.99,
2021-07-01,2021-22,2021,7,Jul,Nagaland,13,State,8.89,12.5,6.2,0.59,27.59,28.18,
2021-07-01,2021-22,2021,7,Jul,Odisha,21,State,927.52,1067.35,1028.16,592.2,3023.03,3615.23,
2021-07-01,2021-22,2021,7,Jul,Puducherry,34,Union Territory,18.97,32.89,76.67,0.08,128.53,128.61,
2021-07-01,2021-22,2021,7,Jul,Punjab,3,State,398.27,597.68,516.73,20.35,1512.68,1533.03,
2021-07-01,2021-22,2021,7,Jul,Rajasthan,8,State,858.43,1144.63,1006.67,119.06,3009.73,3128.79,
2021-07-01,2021-22,2021,7,Jul,Sikkim,11,State,15.64,23.67,158.0,0.02,197.31,197.33,
2021-07-01,2021-22,2021,7,Jul,Tamil Nadu,33,State,1722.26,2257.01,1764.38,558.47,5743.65,6302.12,
2021-07-01,2021-22,2021,7,Jul,Telangana,36,State,855.69,1151.57,1101.58,500.72,3108.84,3609.56,
2021-07-01,2021-22,2021,7,Jul,Tripura,16,State,24.54,32.68,7.58,0.43,64.8,65.23,
2021-07-01,2021-22,2021,7,Jul,Uttar Pradesh,9,State,1414.22,2030.79,1565.3,1000.33,5010.31,6010.64,
2021-07-01,2021-22,2021,7,Jul,Uttarakhand,5,State,226.84,313.22,558.27,7.3,1098.33,1105.63,
2021-07-01,2021-22,2021,7,Jul,West Bengal,19,State,1061.18,1346.36,924.37,130.77,3331.91,3462.68,
2021-08-01,2021-22,2021,8,Aug,Andaman and Nicobar Islands,35,Union Territory,7.7,10.52,1.57,0.04,19.79,19.83,
2021-08-01,2021-22,2021,8,Aug,Andhra Pradesh,28,State,626.61,867.83,956.48,140.57,2450.92,2591.49,
2021-08-01,2021-22,2021,8,Aug,Arunachal Pradesh,12,State,19.6,23.72,9.81,0.22,53.13,53.35,
2021-08-01,2021-22,2021,8,Aug,Assam,18,State,273.32,338.02,315.81,31.63,927.15,958.78,
2021-08-01,2021-22,2021,8,Aug,Bihar,10,State,287.83,478.67,144.73,125.72,911.23,1036.95,
2021-08-01,2021-22,2021,8,Aug,Chandigarh,4,Union Territory,27.83,38.4,77.52,0.41,143.75,144.16,
2021-08-01,2021-22,2021,8,Aug,Chhattisgarh,22,State,455.56,536.63,812.9,585.41,1805.09,2390.5,
2021-08-01,2021-22,2021,8,Aug,Dadra and Nagar Haveli and Daman and Diu,38,Union Territory,29.39,40.36,184.69,0.1,254.44,254.54,
2021-08-01,2021-22,2021,8,Aug,Delhi,7,Union Territory,721.39,876.01,1926.19,81.89,3523.59,3605.48,
2021-08-01,2021-22,2021,8,Aug,Goa,30,State,63.28,92.37,128.26,1.11,283.91,285.02,
2021-08-01,2021-22,2021,8,Aug,Gujarat,24,State,2000.89,2499.95,2507.44,547.96,7008.28,7556.24,
2021-08-01,2021-22,2021,8,Aug,Haryana,6,State,941.23,1287.06,2902.08,487.29,5130.37,5617.66,
2021-08-01,2021-22,2021,8,Aug,Himachal Pradesh,2,State,115.23,173.99,414.16,0.79,703.38,704.17,
2021-08-01,2021-22,2021,8,Aug,Jammu and Kashmir,1,Union Territory,102.62,154.29,126.34,8.57,383.25,391.82,
2021-08-01,2021-22,2021,8,Aug,Jharkhand,20,State,377.7,492.92,911.71,384.14,1782.33,2166.47,
2021-08-01,2021-22,2021,8,Aug,Karnataka,29,State,1789.71,2284.47,2551.26,804.02,6625.44,7429.46,
2021-08-01,2021-22,2021,8,Aug,Kerala,32,State,494.29,710.69,404.19,2.76,1609.17,1611.93,
2021-08-01,2021-22,2021,8,Aug,Ladakh,37,Union Territory,4.73,6.05,3.57,0.0,14.35,14.35,
2021-08-01,2021-22,2021,8,Aug,Lakshadweep,31,Union Territory,0.6,0.65,0.06,0.0,1.31,1.31,
2021-08-01,2021-22,2021,8,Aug,Madhya Pradesh,23,State,578.87,767.31,630.01,461.87,1976.19,2438.06,
2021-08-01,2021-22,2021,8,Aug,Maharashtra,27,State,4114.79,5068.31,4974.45,1017.09,14157.55,15174.64,
2021-08-01,2021-22,2021,8,Aug,Manipur,14,State,15.84,23.2,5.43,0.04,44.47,44.51,
2021-08-01,2021-22,2021,8,Aug,Meghalaya,17,State,22.64,27.6,66.95,2.17,117.19,119.36,
2021-08-01,2021-22,2021,8,Aug,Mizoram,15,State,5.89,8.05,1.97,0.03,15.91,15.94,
2021-08-01,2021-22,2021,8,Aug,Nagaland,13,State,11.31,14.71,5.39,0.43,31.41,31.84,
2021-08-01,2021-22,2021,8,Aug,Odisha,21,State,792.93,956.47,948.21,618.94,2697.61,3316.55,
2021-08-01,2021-22,2021,8,Aug,Puducherry,34,Union Territory,17.49,30.93,107.5,0.45,155.92,156.37,
2021-08-01,2021-22,2021,8,Aug,Punjab,3,State,363.17,529.76,502.94,18.27,1395.87,1414.14,
2021-08-01,2021-22,2021,8,Aug,Rajasthan,8,State,797.71,1029.31,1057.05,164.45,2884.07,3048.52,
2021-08-01,2021-22,2021,8,Aug,Sikkim,11,State,12.57,16.23,190.26,0.03,219.06,219.09,
2021-08-01,2021-22,2021,8,Aug,Tamil Nadu,33,State,1857.14,2460.3,2048.17,694.32,6365.61,7059.93,
2021-08-01,2021-22,2021,8,Aug,Telangana,36,State,855.52,1123.09,1041.72,505.2,3020.33,3525.53,
2021-08-01,2021-22,2021,8,Aug,Tripura,16,State,21.14,27.65,6.96,0.16,55.75,55.91,
2021-08-01,2021-22,2021,8,Aug,Uttar Pradesh,9,State,1377.19,1903.54,1621.48,1043.91,4902.21,5946.12,
2021-08-01,2021-22,2021,8,Aug,Uttarakhand,5,State,213.29,303.17,566.18,6.84,1082.64,1089.48,
2021-08-01,2021-22,2021,8,Aug,West Bengal,19,State,1118.61,1396.35,900.12,263.38,3415.08,3678.46,
2021-09-01,2021-22,2021,9,Sep,Andaman and Nicobar Islands,35,Union Territory,6.56,10.91,2.11,0.02,19.58,19.6,
2021-09-01,2021-22,2021,9,Sep,Andhra Pradesh,28,State,619.09,849.06,943.15,183.22,2411.3,2594.52,
2021-09-01,2021-22,2021,9,Sep,Arunachal Pradesh,12,State,18.71,25.35,11.15,0.06,55.21,55.27,
2021-09-01,2021-22,2021,9,Sep,Assam,18,State,267.6,346.91,321.57,31.84,936.08,967.92,
2021-09-01,2021-22,2021,9,Sep,Bihar,10,State,222.85,365.45,126.89,160.36,715.19,875.55,
2021-09-01,2021-22,2021,9,Sep,Chandigarh,4,Union Territory,28.35,39.18,84.08,0.72,151.61,152.33,
2021-09-01,2021-22,2021,9,Sep,Chhattisgarh,22,State,464.56,550.16,756.63,461.58,1771.35,2232.93,
2021-09-01,2021-22,2021,9,Sep,Dadra and Nagar Haveli and Daman and Diu,38,Union Territory,35.69,46.31,221.76,0.15,303.76,303.91,
2021-09-01,2021-22,2021,9,Sep,Delhi,7,Union Territory,695.21,849.5,1972.24,87.77,3516.95,3604.72,
2021-09-01,2021-22,2021,9,Sep,Goa,30,State,71.35,100.25,145.64,1.36,317.24,318.6,
2021-09-01,2021-22,2021,9,Sep,Gujarat,24,State,2044.98,2491.3,2732.34,511.33,7268.62,7779.95,
2021-09-01,2021-22,2021,9,Sep,Haryana,6,State,896.25,1197.52,3078.68,404.64,5172.45,5577.09,
2021-09-01,2021-22,2021,9,Sep,Himachal Pradesh,2,State,108.43,157.13,413.32,1.04,678.88,679.92,
2021-09-01,2021-22,2021,9,Sep,Jammu and Kashmir,1,Union Territory,106.98,162.33,101.08,6.79,370.39,377.18,
2021-09-01,2021-22,2021,9,Sep,Jharkhand,20,State,349.19,434.86,1009.52,404.67,1793.57,2198.24,
2021-09-01,2021-22,2021,9,Sep,Karnataka,29,State,1798.44,2312.33,2712.04,959.89,6822.81,7782.7,
2021-09-01,2021-22,2021,9,Sep,Kerala,32,State,574.56,846.11,339.65,3.65,1760.32,1763.97,
2021-09-01,2021-22,2021,9,Sep,Ladakh,37,Union Territory,5.2,6.81,3.21,0.01,15.22,15.23,
2021-09-01,2021-22,2021,9,Sep,Lakshadweep,31,Union Territory,0.16,0.16,0.02,0.0,0.34,0.34,
2021-09-01,2021-22,2021,9,Sep,Madhya Pradesh,23,State,508.41,682.6,678.57,459.53,1869.58,2329.11,
2021-09-01,2021-22,2021,9,Sep,Maharashtra,27,State,4382.97,5397.04,5690.15,1114.04,15470.16,16584.2,
2021-09-01,2021-22,2021,9,Sep,Manipur,14,State,11.86,17.52,3.32,0.12,32.7,32.82,
2021-09-01,2021-22,2021,9,Sep,Meghalaya,17,State,22.62,29.24,67.53,0.14,119.39,119.53,
2021-09-01,2021-22,2021,9,Sep,Mizoram,15,State,7.5,10.91,1.11,0.05,19.52,19.57,
2021-09-01,2021-22,2021,9,Sep,Nagaland,13,State,9.98,13.37,6.65,0.48,30.0,30.48,
2021-09-01,2021-22,2021,9,Sep,Odisha,21,State,772.93,929.68,996.48,626.85,2699.09,3325.94,
2021-09-01,2021-22,2021,9,Sep,Puducherry,34,Union Territory,18.68,31.37,109.62,0.45,159.67,160.12,
2021-09-01,2021-22,2021,9,Sep,Punjab,3,State,338.76,518.5,526.24,18.66,1383.5,1402.16,
2021-09-01,2021-22,2021,9,Sep,Rajasthan,8,State,739.56,987.22,1070.89,161.09,2797.67,2958.76,
2021-09-01,2021-22,2021,9,Sep,Sikkim,11,State,14.99,20.07,224.97,0.01,260.03,260.04,
2021-09-01,2021-22,2021,9,Sep,Tamil Nadu,33,State,1903.14,2604.47,2568.17,765.85,7075.78,7841.63,
2021-09-01,2021-22,2021,9,Sep,Telangana,36,State,876.99,1170.34,967.76,478.48,3015.09,3493.57,
2021-09-01,2021-22,2021,9,Sep,Tripura,16,State,18.44,25.89,5.64,0.16,49.97,50.13,
2021-09-01,2021-22,2021,9,Sep,Uttar Pradesh,9,State,1290.71,1826.51,1524.47,1050.09,4641.69,5691.78,
2021-09-01,2021-22,2021,9,Sep,Uttarakhand,5,State,211.78,288.42,626.13,4.33,1126.33,1130.66,
2021-09-01,2021-22,2021,9,Sep,West Bengal,19,State,1126.13,1412.85,1007.64,231.67,3546.62,3778.29,
2021-10-01,2021-22,2021,10,Oct,Andaman and Nicobar Islands,35,Union Territory,6.87,11.69,7.31,0.0,25.87,25.87,
2021-10-01,2021-22,2021,10,Oct,Andhra Pradesh,28,State,742.39,983.57,957.26,195.78,2683.22,2879.0,
2021-10-01,2021-22,2021,10,Oct,Arunachal Pradesh,12,State,16.12,23.25,6.95,0.21,46.32,46.53,
2021-10-01,2021-22,2021,10,Oct,Assam,18,State,496.23,590.72,304.34,33.98,1391.29,1425.27,
2021-10-01,2021-22,2021,10,Oct,Bihar,10,State,444.22,620.4,138.59,147.89,1203.21,1351.1,
2021-10-01,2021-22,2021,10,Oct,Chandigarh,4,Union Territory,28.46,38.62,89.38,1.34,156.46,157.8,
2021-10-01,2021-22,2021,10,Oct,Chhattisgarh,22,State,519.05,600.91,808.93,463.56,1928.89,2392.45,
2021-10-01,2021-22,2021,10,Oct,Dadra and Nagar Haveli and Daman and Diu,38,Union Territory,33.54,48.49,186.57,0.07,268.6,268.67,
2021-10-01,2021-22,2021,10,Oct,Delhi,7,Union Territory,835.68,1012.64,2106.29,90.17,3954.61,4044.78,
2021-10-01,2021-22,2021,10,Oct,Goa,30,State,80.46,109.14,125.53,2.31,315.13,317.44,
2021-10-01,2021-22,2021,10,Oct,Gujarat,24,State,2265.19,2773.34,2951.96,506.39,7990.49,8496.88,
2021-10-01,2021-22,2021,10,Oct,Haryana,6,State,954.53,1229.02,3102.35,319.61,5285.9,5605.51,
2021-10-01,2021-22,2021,10,Oct,Himachal Pradesh,2,State,110.72,159.76,417.79,1.16,688.27,689.43,
2021-10-01,2021-22,2021,10,Oct,Jammu and Kashmir,1,Union Territory,240.44,298.35,104.66,4.89,643.45,648.34,
2021-10-01,2021-22,2021,10,Oct,Jharkhand,20,State,450.28,511.68,998.42,409.18,1960.38,2369.56,
2021-10-01,2021-22,2021,10,Oct,Karnataka,29,State,1890.91,2449.91,3041.36,876.67,7382.18,8258.85,
2021-10-01,2021-22,2021,10,Oct,Kerala,32,State,631.31,916.14,375.35,8.91,1922.8,1931.71,
2021-10-01,2021-22,2021,10,Oct,Ladakh,37,Union Territory,6.55,9.15,3.5,0.0,19.2,19.2,
2021-10-01,2021-22,2021,10,Oct,Lakshadweep,31,Union Territory,0.98,1.0,0.09,0.0,2.07,2.07,
2021-10-01,2021-22,2021,10,Oct,Madhya Pradesh,23,State,654.01,817.46,714.88,479.27,2186.35,2665.62,
2021-10-01,2021-22,2021,10,Oct,Maharashtra,27,State,4981.68,6058.63,7298.97,1015.63,18339.28,19354.91,
2021-10-01,2021-22,2021,10,Oct,Manipur,14,State,27.23,32.93,4.02,0.06,64.18,64.24,
2021-10-01,2021-22,2021,10,Oct,Meghalaya,17,State,23.58,27.08,89.3,0.24,139.96,140.2,
2021-10-01,2021-22,2021,10,Oct,Mizoram,15,State,12.52,15.97,3.31,0.04,31.8,31.84,
2021-10-01,2021-22,2021,10,Oct,Nagaland,13,State,13.55,17.09,6.23,1.47,36.87,38.34,
2021-10-01,2021-22,2021,10,Oct,Odisha,21,State,907.29,1053.48,1005.5,627.07,2966.27,3593.34,
2021-10-01,2021-22,2021,10,Oct,Puducherry,34,Union Territory,19.34,33.95,98.06,0.46,151.35,151.81,
2021-10-01,2021-22,2021,10,Oct,Punjab,3,State,410.27,606.44,560.87,17.86,1577.58,1595.44,
2021-10-01,2021-22,2021,10,Oct,Rajasthan,8,State,925.53,1212.64,1128.78,155.94,3266.95,3422.89,
2021-10-01,2021-22,2021,10,Oct,Sikkim,11,State,15.81,24.3,217.19,0.04,257.3,257.34,
2021-10-01,2021-22,2021,10,Oct,Tamil Nadu,33,State,2011.24,2690.51,2376.95,563.68,7078.7,7642.38,
2021-10-01,2021-22,2021,10,Oct,Telangana,36,State,928.02,1277.77,1141.98,506.35,3347.77,3854.12,
2021-10-01,2021-22,2021,10,Oct,Tripura,16,State,25.77,33.54,7.49,0.11,66.8,66.91,
2021-10-01,2021-22,2021,10,Oct,Uttar Pradesh,9,State,1574.74,2114.9,2000.73,1084.31,5690.37,6774.68,
2021-10-01,2021-22,2021,10,Oct,Uttarakhand,5,State,222.92,355.77,678.11,2.53,1256.8,1259.33,
2021-10-01,2021-22,2021,10,Oct,West Bengal,19,State,1344.22,1650.42,997.07,267.69,3991.71,4259.4,
2021-11-01,2021-22,2021,11,Nov,Andaman and Nicobar Islands,35,Union Territory,7.41,9.79,6.97,0.02,24.17,24.19,
2021-11-01,2021-22,2021,11,Nov,Andhra Pradesh,28,State,639.46,899.5,999.74,210.93,2538.7,2749.63,
2021-11-01,2021-22,2021,11,Nov,Arunachal Pradesh,12,State,13.12,17.59,9.53,0.04,40.24,40.28,
2021-11-01,2021-22,2021,11,Nov,Assam,18,State,283.65,373.69,300.15,34.04,957.49,991.53,
2021-11-01,2021-22,2021,11,Nov,Bihar,10,State,284.03,481.25,113.19,151.47,878.47,1029.94,
2021-11-01,2021-22,2021,11,Nov,Chandigarh,4,Union Territory,35.87,48.94,92.55,2.3,177.36,179.66,
2021-11-01,2021-22,2021,11,Nov,Chhattisgarh,22,State,503.34,595.44,790.14,565.23,1888.92,2454.15,
2021-11-01,2021-22,2021,11,Nov,Dadra and Nagar Haveli and Daman and Diu,38,Union Territory,33.57,47.17,189.22,0.33,269.96,270.29,
2021-11-01,2021-22,2021,11,Nov,Delhi,7,Union Territory,877.51,1087.95,2323.12,98.33,4288.58,4386.91,
2021-11-01,2021-22,2021,11,Nov,Goa,30,State,99.03,138.31,278.54,2.14,515.88,518.02,
2021-11-01,2021-22,2021,11,Nov,Gujarat,24,State,2657.94,3207.78,3078.37,624.89,8944.09,9568.98,
2021-11-01,2021-22,2021,11,Nov,Haryana,6,State,999.8,1377.16,3197.72,440.86,5574.68,6015.54,
2021-11-01,2021-22,2021,11,Nov,Himachal Pradesh,2,State,123.57,188.6,446.86,2.91,759.03,761.94,
2021-11-01,2021-22,2021,11,Nov,Jammu and Kashmir,1,Union Territory,110.59,161.09,107.35,3.79,379.03,382.82,
2021-11-01,2021-22,2021,11,Nov,Jharkhand,20,State,395.37,520.59,996.77,424.19,1912.73,2336.92,
2021-11-01,2021-22,2021,11,Nov,Karnataka,29,State,2044.08,2632.66,3400.37,970.97,8077.11,9048.08,
2021-11-01,2021-22,2021,11,Nov,Kerala,32,State,651.16,894.51,573.13,9.92,2118.8,2128.72,
2021-11-01,2021-22,2021,11,Nov,Ladakh,37,Union Territory,4.63,5.9,2.83,0.05,13.36,13.41,
2021-11-01,2021-22,2021,11,Nov,Lakshadweep,31,Union Territory,1.04,1.08,0.14,0.0,2.26,2.26,
2021-11-01,2021-22,2021,11,Nov,Madhya Pradesh,23,State,638.56,852.95,753.4,562.89,2244.91,2807.8,
2021-11-01,2021-22,2021,11,Nov,Maharashtra,27,State,5089.14,6157.54,6108.24,1301.34,17354.92,18656.26,
2021-11-01,2021-22,2021,11,Nov,Manipur,14,State,12.13,17.94,5.33,0.1,35.4,35.5,
2021-11-01,2021-22,2021,11,Nov,Meghalaya,17,State,27.05,35.63,89.21,0.31,151.89,152.2,
2021-11-01,2021-22,2021,11,Nov,Mizoram,15,State,8.9,12.03,2.05,0.02,22.98,23.0,
2021-11-01,2021-22,2021,11,Nov,Nagaland,13,State,10.01,13.25,6.4,0.58,29.66,30.24,
2021-11-01,2021-22,2021,11,Nov,Odisha,21,State,1001.08,1157.69,1223.24,753.77,3382.01,4135.78,
2021-11-01,2021-22,2021,11,Nov,Puducherry,34,Union Territory,18.43,30.2,123.11,0.51,171.74,172.25,
2021-11-01,2021-22,2021,11,Nov,Punjab,3,State,463.04,704.95,655.52,21.71,1823.51,1845.22,
2021-11-01,2021-22,2021,11,Nov,Rajasthan,8,State,992.4,1312.62,1208.9,184.51,3513.92,3698.43,
2021-11-01,2021-22,2021,11,Nov,Sikkim,11,State,13.36,18.65,175.21,0.1,207.22,207.32,
2021-11-01,2021-22,2021,11,Nov,Tamil Nadu,33,State,1958.49,2708.36,2573.63,554.48,7240.48,7794.96,
2021-11-01,2021-22,2021,11,Nov,Telangana,36,State,952.04,1310.37,1119.0,549.73,3381.41,3931.14,
2021-11-01,2021-22,2021,11,Nov,Tripura,16,State,20.62,28.96,7.9,0.2,57.48,57.68,
2021-11-01,2021-22,2021,11,Nov,Uttar Pradesh,9,State,1507.6,2157.92,1803.14,1167.49,5468.66,6636.15,
2021-11-01,2021-22,2021,11,Nov,Uttarakhand,5,State,233.41,356.99,665.76,7.11,1256.16,1263.27,
2021-11-01,2021-22,2021,11,Nov,West Bengal,19,State,1263.58,1558.69,954.87,305.6,3777.14,4082.74,
2021-12-01,2021-22,2021,12,Dec,Andaman and Nicobar Islands,35,Union Territory,10.22,12.93,2.7,0.02,25.85,25.87,
2021-12-01,2021-22,2021,12,Dec,Andhra Pradesh,28,State,602.0,805.07,937.39,187.94,2344.46,2532.4,
2021-12-01,2021-22,2021,12,Dec,Arunachal Pradesh,12,State,17.72,25.16,9.74,0.11,52.62,52.73,
2021-12-01,2021-22,2021,12,Dec,Assam,18,State,289.08,377.66,315.23,32.66,981.97,1014.63,
2021-12-01,2021-22,2021,12,Dec,Bihar,10,State,258.35,441.66,113.76,149.17,813.77,962.94,
2021-12-01,2021-22,2021,12,Dec,Chandigarh,4,Union Territory,32.09,47.47,83.8,0.7,163.36,164.06,
2021-12-01,2021-22,2021,12,Dec,Chhattisgarh,22,State,484.46,571.31,929.0,596.85,1984.77,2581.62,
2021-12-01,2021-22,2021,12,Dec,Dadra and Nagar Haveli and Daman and Diu,38,Union Territory,30.71,40.34,161.03,1.36,232.08,233.44,
2021-12-01,2021-22,2021,12,Dec,Delhi,7,Union Territory,741.01,924.64,2002.74,85.4,3668.39,3753.79,
2021-12-01,2021-22,2021,12,Dec,Goa,30,State,103.64,143.73,342.52,1.91,589.89,591.8,
2021-12-01,2021-22,2021,12,Dec,Gujarat,24,State,2144.51,2551.92,2165.31,474.18,6861.74,7335.92,
2021-12-01,2021-22,2021,12,Dec,Haryana,6,State,946.75,1298.19,3201.61,426.65,5446.55,5873.2,
2021-12-01,2021-22,2021,12,Dec,Himachal Pradesh,2,State,138.91,192.97,328.79,1.51,660.67,662.18,
2021-12-01,2021-22,2021,12,Dec,Jammu and Kashmir,1,Union Territory,95.92,143.84,78.84,1.4,318.6,320.0,
2021-12-01,2021-22,2021,12,Dec,Jharkhand,20,State,391.03,494.71,877.75,442.74,1763.49,2206.23,
2021-12-01,2021-22,2021,12,Dec,Karnataka,29,State,1895.64,2409.75,3029.08,1000.41,7334.47,8334.88,
2021-12-01,2021-22,2021,12,Dec,Kerala,32,State,643.12,870.43,376.12,5.7,1889.67,1895.37,
2021-12-01,2021-22,2021,12,Dec,Ladakh,37,Union Territory,5.81,7.32,2.03,0.07,15.16,15.23,
2021-12-01,2021-22,2021,12,Dec,Lakshadweep,31,Union Territory,0.69,0.66,0.08,0.0,1.43,1.43,
2021-12-01,2021-22,2021,12,Dec,Madhya Pradesh,23,State,592.69,748.86,644.47,546.86,1986.02,2532.88,
2021-12-01,2021-22,2021,12,Dec,Maharashtra,27,State,5516.25,6469.5,6259.66,1346.13,18245.41,19591.54,
2021-12-01,2021-22,2021,12,Dec,Manipur,14,State,17.84,25.02,4.7,0.3,47.56,47.86,
2021-12-01,2021-22,2021,12,Dec,Meghalaya,17,State,21.86,27.12,99.16,0.49,148.14,148.63,
2021-12-01,2021-22,2021,12,Dec,Mizoram,15,State,7.42,10.24,1.91,0.03,19.57,19.6,
2021-12-01,2021-22,2021,12,Dec,Nagaland,13,State,11.39,14.87,5.57,1.87,31.83,33.7,
2021-12-01,2021-22,2021,12,Dec,Odisha,21,State,973.79,1118.65,1267.63,720.07,3360.07,4080.14,
2021-12-01,2021-22,2021,12,Dec,Puducherry,34,Union Territory,18.9,30.24,97.19,0.64,146.33,146.97,
2021-12-01,2021-22,2021,12,Dec,Punjab,3,State,381.23,563.43,616.46,11.4,1561.12,1572.52,
2021-12-01,2021-22,2021,12,Dec,Rajasthan,8,State,812.64,1072.85,987.82,184.2,2873.31,3057.51,
2021-12-01,2021-22,2021,12,Dec,Sikkim,11,State,23.6,21.67,203.63,0.05,248.9,248.95,
2021-12-01,2021-22,2021,12,Dec,Tamil Nadu,33,State,1712.3,2229.32,2083.51,610.2,6025.13,6635.33,
2021-12-01,2021-22,2021,12,Dec,Telangana,36,State,935.93,1252.41,1019.71,552.16,3208.05,3760.21,
2021-12-01,2021-22,2021,12,Dec,Tripura,16,State,26.45,32.81,8.31,0.09,67.57,67.66,
2021-12-01,2021-22,2021,12,Dec,Uttar Pradesh,9,State,1323.86,1892.58,1704.26,1108.03,4920.7,6028.73,
2021-12-01,2021-22,2021,12,Dec,Uttarakhand,5,State,211.9,317.91,539.13,7.57,1068.94,1076.51,
2021-12-01,2021-22,2021,12,Dec,West Bengal,19,State,1149.87,1459.64,820.71,276.37,3430.22,3706.59,
2022-01-01,2021-22,2022,1,Jan,Andaman and Nicobar Islands,35,Union Territory,11.05,14.64,2.98,0.01,28.67,28.68,
2022-01-01,2021-22,2022,1,Jan,Andhra Pradesh,28,State,713.03,952.17,1058.11,108.01,2723.31,2831.32,
2022-01-01,2021-22,2022,1,Jan,Arunachal Pradesh,12,State,25.59,33.37,12.5,0.7,71.46,72.16,
2022-01-01,2021-22,2022,1,Jan,Assam,18,State,308.7,421.33,292.88,39.47,1022.91,1062.38,
2022-01-01,2021-22,2022,1,Jan,Bihar,10,State,327.85,552.08,145.4,171.09,1025.33,1196.42,
2022-01-01,2021-22,2022,1,Jan,Chandigarh,4,Union Territory,37.91,59.54,93.8,4.71,191.25,195.96,
2022-01-01,2021-22,2022,1,Jan,Chhattisgarh,22,State,518.75,621.97,874.26,641.13,2014.98,2656.11,
2022-01-01,2021-22,2022,1,Jan,Dadra and Nagar Haveli and Daman and Diu,38,Union Territory,35.35,46.04,197.96,0.53,279.35,279.88,
2022-01-01,2021-22,2022,1,Jan,Delhi,7,Union Territory,870.82,1104.48,2454.72,98.71,4430.02,4528.73,
2022-01-01,2021-22,2022,1,Jan,Goa,30,State,111.82,155.49,124.28,2.59,391.59,394.18,
2022-01-01,2021-22,2022,1,Jan,Gujarat,24,State,2430.91,2960.16,2613.78,611.47,8004.85,8616.32,
2022-01-01,2021-22,2022,1,Jan,Haryana,6,State,1038.75,1420.77,3470.79,489.4,5930.31,6419.71,
2022-01-01,2021-22,2022,1,Jan,Himachal Pradesh,2,State,127.19,194.38,368.83,4.45,690.4,694.85,
2022-01-01,2021-22,2022,1,Jan,Jammu and Kashmir,1,Union Territory,112.93,198.36,91.16,2.23,402.45,404.68,
2022-01-01,2021-22,2022,1,Jan,Jharkhand,20,State,451.55,559.61,950.58,470.95,1961.74,2432.69,
2022-01-01,2021-22,2022,1,Jan,Karnataka,29,State,2195.53,2835.47,3644.53,920.74,8675.53,9596.27,
2022-01-01,2021-22,2022,1,Jan,Kerala,32,State,752.75,1056.32,651.43,21.38,2460.5,2481.88,
2022-01-01,2021-22,2022,1,Jan,Ladakh,37,Union Territory,13.31,17.71,3.86,0.28,34.88,35.16,
2022-01-01,2021-22,2022,1,Jan,Lakshadweep,31,Union Territory,0.99,1.03,0.05,0.0,2.07,2.07,
2022-01-01,2021-22,2022,1,Jan,Madhya Pradesh,23,State,718.3,920.77,734.12,586.12,2373.19,2959.31,
2022-01-01,2021-22,2022,1,Jan,Maharashtra,27,State,5319.45,6360.44,7687.46,1337.05,19367.35,20704.4,
2022-01-01,2021-22,2022,1,Jan,Manipur,14,State,16.13,20.82,7.26,0.09,44.21,44.3,
2022-01-01,2021-22,2022,1,Jan,Meghalaya,17,State,26.95,35.6,83.27,0.49,145.82,146.31,
2022-01-01,2021-22,2022,1,Jan,Mizoram,15,State,11.99,17.51,5.09,0.17,34.59,34.76,
2022-01-01,2021-22,2022,1,Jan,Nagaland,13,State,12.24,20.04,6.54,1.73,38.82,40.55,
2022-01-01,2021-22,2022,1,Jan,Odisha,21,State,965.92,1143.14,1134.15,752.19,3243.21,3995.4,
2022-01-01,2021-22,2022,1,Jan,Puducherry,34,Union Territory,22.48,38.72,106.77,1.28,167.97,169.25,
2022-01-01,2021-22,2022,1,Jan,Punjab,3,State,422.29,659.09,583.15,25.75,1664.53,1690.28,
2022-01-01,2021-22,2022,1,Jan,Rajasthan,8,State,971.7,1289.86,1215.7,171.41,3477.26,3648.67,
2022-01-01,2021-22,2022,1,Jan,Sikkim,11,State,15.0,24.72,209.51,0.38,249.23,249.61,
2022-01-01,2021-22,2022,1,Jan,Tamil Nadu,33,State,2089.74,2812.13,2421.11,656.63,7322.98,7979.61,
2022-01-01,2021-22,2022,1,Jan,Telangana,36,State,1055.72,1424.16,1375.14,604.96,3855.02,4459.98,
2022-01-01,2021-22,2022,1,Jan,Tripura,16,State,27.0,37.42,8.38,0.38,72.8,73.18,
2022-01-01,2021-22,2022,1,Jan,Uttar Pradesh,9,State,1529.52,2178.7,2181.83,1095.5,5890.05,6985.55,
2022-01-01,2021-22,2022,1,Jan,Uttarakhand,5,State,242.6,360.92,693.35,9.22,1296.87,1306.09,
2022-01-01,2021-22,2022,1,Jan,West Bengal,19,State,1329.17,1675.91,1140.81,328.37,4145.89,4474.26,
2022-02-01,2021-22,2022,2,Feb,Andaman and Nicobar Islands,35,Union Territory,8.39,11.57,2.02,0.03,21.98,22.01,
2022-02-01,2021-22,2022,2,Feb,Andhra Pradesh,28,State,707.92,931.88,1204.19,313.29,2843.99,3157.28,
2022-02-01,2021-22,2022,2,Feb,Arunachal Pradesh,12,State,18.59,26.26,10.98,0.16,55.83,55.99,
2022-02-01,2021-22,2022,2,Feb,Assam,18,State,311.91,401.63,250.85,43.41,964.39,1007.8,
2022-02-01,2021-22,2022,2,Feb,Bihar,10,State,351.46,550.11,156.36,148.41,1057.93,1206.34,
2022-02-01,2021-22,2022,2,Feb,Chandigarh,4,Union Territory,32.88,45.79,98.79,0.82,177.46,178.28,
2022-02-01,2021-22,2022,2,Feb,Chhattisgarh,22,State,528.39,620.37,988.95,645.09,2137.71,2782.8,
2022-02-01,2021-22,2022,2,Feb,Dadra and Nagar Haveli and Daman and Diu,38,Union Territory,37.06,48.0,174.56,0.52,259.62,260.14,
2022-02-01,2021-22,2022,2,Feb,Delhi,7,Union Territory,777.9,939.01,2103.11,101.63,3820.02,3921.65,
2022-02-01,2021-22,2022,2,Feb,Goa,30,State,92.95,123.79,145.04,2.05,361.78,363.83,
2022-02-01,2021-22,2022,2,Feb,Gujarat,24,State,2478.13,3007.46,2768.51,618.66,8254.1,8872.76,
2022-02-01,2021-22,2022,2,Feb,Haryana,6,State,1050.37,1399.91,3008.6,469.29,5458.88,5928.17,
2022-02-01,2021-22,2022,2,Feb,Himachal Pradesh,2,State,108.59,155.48,392.19,0.98,656.26,657.24,
2022-02-01,2021-22,2022,2,Feb,Jammu and Kashmir,1,Union Territory,96.86,136.46,90.67,2.43,323.99,326.42,
2022-02-01,2021-22,2022,2,Feb,Jharkhand,20,State,544.61,660.79,846.35,484.73,2051.75,2536.48,
2022-02-01,2021-22,2022,2,Feb,Karnataka,29,State,2177.58,2678.54,3393.69,926.51,8249.81,9176.32,
2022-02-01,2021-22,2022,2,Feb,Kerala,32,State,706.36,927.57,434.7,5.86,2068.63,2074.49,
2022-02-01,2021-22,2022,2,Feb,Ladakh,37,Union Territory,5.56,7.59,2.17,0.25,15.32,15.57,
2022-02-01,2021-22,2022,2,Feb,Lakshadweep,31,Union Territory,0.3,0.45,0.06,0.0,0.81,0.81,
2022-02-01,2021-22,2022,2,Feb,Madhya Pradesh,23,State,666.04,858.95,726.38,601.45,2251.37,2852.82,
2022-02-01,2021-22,2022,2,Feb,Maharashtra,27,State,5426.85,6379.42,6122.46,1493.86,17928.73,19422.59,
2022-02-01,2021-22,2022,2,Feb,Manipur,14,State,14.12,19.52,5.02,0.13,38.66,38.79,
2022-02-01,2021-22,2022,2,Feb,Meghalaya,17,State,31.25,38.37,130.2,0.74,199.82,200.56,
2022-02-01,2021-22,2022,2,Feb,Mizoram,15,State,9.65,12.26,2.29,0.03,24.2,24.23,
2022-02-01,2021-22,2022,2,Feb,Nagaland,13,State,9.05,12.24,9.6,1.95,30.89,32.84,
2022-02-01,2021-22,2022,2,Feb,Odisha,21,State,989.49,1152.37,1223.92,735.71,3365.78,4101.49,
2022-02-01,2021-22,2022,2,Feb,Puducherry,34,Union Territory,22.26,32.45,123.5,0.17,178.21,178.38,
2022-02-01,2021-22,2022,2,Feb,Punjab,3,State,367.37,516.98,584.59,11.21,1468.94,1480.15,
2022-02-01,2021-22,2022,2,Feb,Rajasthan,8,State,934.17,1213.39,1165.58,155.54,3313.14,3468.68,
2022-02-01,2021-22,2022,2,Feb,Sikkim,11,State,15.6,21.26,185.3,0.11,222.16,222.27,
2022-02-01,2021-22,2022,2,Feb,Tamil Nadu,33,State,1907.21,2525.01,2299.17,661.81,6731.39,7393.2,
2022-02-01,2021-22,2022,2,Feb,Telangana,36,State,979.77,1283.76,1219.45,630.2,3482.98,4113.18,
2022-02-01,2021-22,2022,2,Feb,Tripura,16,State,25.01,31.95,8.88,0.23,65.84,66.07,
2022-02-01,2021-22,2022,2,Feb,Uttar Pradesh,9,State,1465.09,2022.52,1754.0,1277.04,5241.61,6518.65,
2022-02-01,2021-22,2022,2,Feb,Uttarakhand,5,State,226.34,332.38,613.26,3.63,1171.98,1175.61,
2022-02-01,2021-22,2022,2,Feb,West Bengal,19,State,1302.89,1644.41,1103.17,363.96,4050.47,4414.43,
2022-03-01,2021-22,2022,3,Mar,Andaman and Nicobar Islands,35,Union Territory,10.42,14.17,2.27,0.04,26.86,26.9,
2022-03-01,2021-22,2022,3,Mar,Andhra Pradesh,28,State,776.83,1006.23,1092.09,299.3,2875.15,3174.45,
2022-03-01,2021-22,2022,3,Mar,Arunachal Pradesh,12,State,42.46,51.18,11.21,0.14,104.85,104.99,
2022-03-01,2021-22,2022,3,Mar,Assam,18,State,345.94,445.56,285.95,37.15,1077.45,1114.6,
2022-03-01,2021-22,2022,3,Mar,Bihar,10,State,377.01,579.55,170.81,220.53,1127.37,1347.9,
2022-03-01,2021-22,2022,3,Mar,Chandigarh,4,Union Territory,33.91,43.75,105.71,0.38,183.37,183.75,
2022-03-01,2021-22,2022,3,Mar,Chhattisgarh,22,State,544.68,638.93,923.94,612.56,2107.55,2720.11,
2022-03-01,2021-22,2022,3,Mar,Dadra and Nagar Haveli and Daman and Diu,38,Union Territory,40.07,50.85,192.18,0.68,283.1,283.78,
2022-03-01,2021-22,2022,3,Mar,Delhi,7,Union Territory,817.25,985.54,2204.14,104.79,4006.93,4111.72,
2022-03-01,2021-22,2022,3,Mar,Goa,30,State,107.22,143.84,132.99,1.9,384.05,385.95,
2022-03-01,2021-22,2022,3,Mar,Gujarat,24,State,2563.01,3080.66,3112.9,401.1,8756.57,9157.67,
2022-03-01,2021-22,2022,3,Mar,Haryana,6,State,1057.6,1403.64,3751.21,441.08,6212.45,6653.53,
2022-03-01,2021-22,2022,3,Mar,Himachal Pradesh,2,State,122.83,163.5,396.68,0.89,683.01,683.9,
2022-03-01,2021-22,2022,3,Mar,Jammu and Kashmir,1,Union Territory,112.42,166.71,85.65,3.62,364.78,368.4,
2022-03-01,2021-22,2022,3,Mar,Jharkhand,20,State,524.68,661.51,881.98,481.79,2068.17,2549.96,
2022-03-01,2021-22,2022,3,Mar,Karnataka,29,State,2202.46,2688.59,3088.67,770.4,7979.72,8750.12,
2022-03-01,2021-22,2022,3,Mar,Kerala,32,State,694.9,923.53,467.8,2.98,2086.23,2089.21,
2022-03-01,2021-22,2022,3,Mar,Ladakh,37,Union Territory,9.44,11.33,2.72,0.0,23.49,23.49,
2022-03-01,2021-22,2022,3,Mar,Lakshadweep,31,Union Territory,0.93,0.94,0.21,0.0,2.08,2.08,
2022-03-01,2021-22,2022,3,Mar,Madhya Pradesh,23,State,713.28,911.32,785.03,525.51,2409.63,2935.14,
2022-03-01,2021-22,2022,3,Mar,Maharashtra,27,State,5803.34,6658.66,6467.73,1375.48,18929.73,20305.21,
2022-03-01,2021-22,2022,3,Mar,Manipur,14,State,22.18,32.82,4.36,0.28,59.36,59.64,
2022-03-01,2021-22,2022,3,Mar,Meghalaya,17,State,28.52,36.69,112.22,3.49,177.43,180.92,
2022-03-01,2021-22,2022,3,Mar,Mizoram,15,State,14.24,19.98,2.54,0.01,36.76,36.77,
2022-03-01,2021-22,2022,3,Mar,Nagaland,13,State,12.75,17.29,8.5,4.14,38.54,42.68,
2022-03-01,2021-22,2022,3,Mar,Odisha,21,State,1109.85,1351.25,1003.47,660.09,3464.57,4124.66,
2022-03-01,2021-22,2022,3,Mar,Puducherry,34,Union Territory,26.1,32.84,103.98,0.42,162.92,163.34,
2022-03-01,2021-22,2022,3,Mar,Punjab,3,State,412.6,596.47,545.33,17.47,1554.4,1571.87,
2022-03-01,2021-22,2022,3,Mar,Rajasthan,8,State,953.69,1247.73,1219.47,166.6,3420.89,3587.49,
2022-03-01,2021-22,2022,3,Mar,Sikkim,11,State,15.14,19.23,195.57,0.02,229.94,229.96,
2022-03-01,2021-22,2022,3,Mar,Tamil Nadu,33,State,2081.36,2768.83,2572.77,599.57,7422.96,8022.53,
2022-03-01,2021-22,2022,3,Mar,Telangana,36,State,1083.77,1419.98,1246.01,492.38,3749.76,4242.14,
2022-03-01,2021-22,2022,3,Mar,Tripura,16,State,31.37,39.37,11.19,0.12,81.93,82.05,
2022-03-01,2021-22,2022,3,Mar,Uttar Pradesh,9,State,1552.93,2167.95,1988.9,909.98,5709.78,6619.76,
2022-03-01,2021-22,2022,3,Mar,Uttarakhand,5,State,221.13,327.54,697.51,9.15,1246.18,1255.33,
2022-03-01,2021-22,2022,3,Mar,West Bengal,19,State,1353.23,1656.69,1169.8,291.92,4179.72,4471.64,
2022-04-01,2022-23,2022,4,Apr,Andaman and Nicobar Islands,35,Union Territory,37.38,42.84,7.12,0.08,87.34,87.42,
2022-04-01,2022-23,2022,4,Apr,Andhra Pradesh,28,State,1002.93,1294.48,1388.74,380.97,3686.15,4067.12,
2022-04-01,2022-23,2022,4,Apr,Arunachal Pradesh,12,State,79.97,93.2,22.82,0.22,195.99,196.21,
2022-04-01,2022-23,2022,4,Apr,Assam,18,State,429.75,553.31,295.52,33.94,1278.58,1312.52,
2022-04-01,2022-23,2022,4,Apr,Bihar,10,State,456.79,767.19,179.25,67.4,1403.23,1470.63,
2022-04-01,2022-23,2022,4,Apr,Chandigarh,4,Union Territory,44.92,60.8,140.73,2.18,246.45,248.63,
2022-04-01,2022-23,2022,4,Apr,Chhattisgarh,22,State,665.61,787.74,865.32,658.58,2318.67,2977.25,
2022-04-01,2022-23,2022,4,Apr,Dadra and Nagar Haveli and Daman and Diu,38,Union Territory,46.55,59.1,273.83,1.27,379.48,380.75,
2022-04-01,2022-23,2022,4,Apr,Delhi,7,Union Territory,1324.21,1578.8,2903.97,63.8,5806.98,5870.78,
2022-04-01,2022-23,2022,4,Apr,Goa,30,State,134.01,183.7,148.98,3.09,466.69,469.78,
2022-04-01,2022-23,2022,4,Apr,Gujarat,24,State,3303.49,3901.62,3578.04,480.97,10783.15,11264.12,
2022-04-01,2022-23,2022,4,Apr,Haryana,6,State,1317.87,1717.8,4665.07,496.62,7700.74,8197.36,
2022-04-01,2022-23,2022,4,Apr,Himachal Pradesh,2,State,166.56,225.66,423.14,2.01,815.36,817.37,
2022-04-01,2022-23,2022,4,Apr,Jammu and Kashmir,1,Union Territory,176.26,273.36,104.21,6.03,553.83,559.86,
2022-04-01,2022-23,2022,4,Apr,Jharkhand,20,State,573.46,773.85,1226.79,525.98,2574.1,3100.08,
2022-04-01,2022-23,2022,4,Apr,Karnataka,29,State,2859.52,3520.29,4354.76,1085.43,10734.57,11820.0,
2022-04-01,2022-23,2022,4,Apr,Kerala,32,State,844.33,1153.07,686.4,5.21,2683.8,2689.01,
2022-04-01,2022-23,2022,4,Apr,Ladakh,37,Union Territory,19.09,23.34,4.51,0.24,46.94,47.18,
2022-04-01,2022-23,2022,4,Apr,Lakshadweep,31,Union Territory,1.19,1.77,0.08,0.0,3.04,3.04,
2022-04-01,2022-23,2022,4,Apr,Madhya Pradesh,23,State,850.2,1102.12,876.76,510.31,2829.08,3339.39,
2022-04-01,2022-23,2022,4,Apr,Maharashtra,27,State,7305.65,8573.0,9884.7,1731.29,25763.35,27494.64,
2022-04-01,2022-23,2022,4,Apr,Manipur,14,State,25.9,35.67,6.8,0.6,68.37,68.97,
2022-04-01,2022-23,2022,4,Apr,Meghalaya,17,State,48.83,58.17,117.66,2.04,224.66,226.7,
2022-04-01,2022-23,2022,4,Apr,Mizoram,15,State,17.28,24.49,4.48,0.09,46.25,46.34,
2022-04-01,2022-23,2022,4,Apr,Nagaland,13,State,22.22,28.29,12.03,5.5,62.54,68.04,
2022-04-01,2022-23,2022,4,Apr,Odisha,21,State,1381.0,1714.78,1092.05,722.4,4187.83,4910.23,
2022-04-01,2022-23,2022,4,Apr,Puducherry,34,Union Territory,27.92,44.95,132.3,0.59,205.17,205.76,
2022-04-01,2022-23,2022,4,Apr,Punjab,3,State,531.03,783.04,649.65,30.27,1963.72,1993.99,
2022-04-01,2022-23,2022,4,Apr,Rajasthan,8,State,1309.41,1670.42,1412.38,155.0,4392.21,4547.21,
2022-04-01,2022-23,2022,4,Apr,Sikkim,11,State,31.68,48.38,183.65,0.11,263.71,263.82,
2022-04-01,2022-23,2022,4,Apr,Tamil Nadu,33,State,2595.96,3440.26,2924.95,762.98,8961.17,9724.15,
2022-04-01,2022-23,2022,4,Apr,Telangana,36,State,1271.06,1662.97,1524.18,497.15,4458.21,4955.36,
2022-04-01,2022-23,2022,4,Apr,Tripura,16,State,40.63,53.61,12.04,0.58,106.28,106.86,
2022-04-01,2022-23,2022,4,Apr,Uttar Pradesh,9,State,2038.59,2781.78,2542.98,1170.76,7363.35,8534.11,
2022-04-01,2022-23,2022,4,Apr,Uttarakhand,5,State,426.27,584.84,863.93,11.55,1875.04,1886.59,
2022-04-01,2022-23,2022,4,Apr,West Bengal,19,State,1734.28,2155.35,1377.17,377.04,5266.8,5643.84,
2022-05-01,2022-23,2022,5,May,Andaman and Nicobar Islands,35,Union Territory,8.48,11.66,4.17,0.02,24.31,24.33,
2022-05-01,2022-23,2022,5,May,Andhra Pradesh,28,State,742.18,972.51,945.11,386.9,2659.8,3046.7,
2022-05-01,2022-23,2022,5,May,Arunachal Pradesh,12,State,31.52,41.17,8.82,0.12,81.51,81.63,
2022-05-01,2022-23,2022,5,May,Assam,18,State,304.76,414.38,300.08,42.96,1019.22,1062.18,
2022-05-01,2022-23,2022,5,May,Bihar,10,State,313.8,546.19,149.81,167.77,1009.8,1177.57,
2022-05-01,2022-23,2022,5,May,Chandigarh,4,Union Territory,32.27,43.39,86.68,4.77,162.34,167.11,
2022-05-01,2022-23,2022,5,May,Chhattisgarh,22,State,508.34,604.47,938.4,576.21,2051.21,2627.42,
2022-05-01,2022-23,2022,5,May,Dadra and Nagar Haveli and Daman and Diu,38,Union Territory,43.21,55.26,199.69,2.26,298.16,300.42,
2022-05-01,2022-23,2022,5,May,Delhi,7,Union Territory,798.73,996.34,2217.87,100.55,4012.94,4113.49,
2022-05-01,2022-23,2022,5,May,Goa,30,State,125.94,167.24,163.48,4.13,456.66,460.79,
2022-05-01,2022-23,2022,5,May,Gujarat,24,State,2634.17,3097.14,3053.15,536.88,8784.46,9321.34,
2022-05-01,2022-23,2022,5,May,Haryana,6,State,1106.4,1483.91,3523.21,549.66,6113.52,6663.18,
2022-05-01,2022-23,2022,5,May,Himachal Pradesh,2,State,119.49,171.72,447.74,1.89,738.95,740.84,
2022-05-01,2022-23,2022,5,May,Jammu and Kashmir,1,Union Territory,103.41,165.49,93.95,8.79,362.85,371.64,
2022-05-01,2022-23,2022,5,May,Jharkhand,20,State,443.82,607.97,963.42,452.86,2015.21,2468.07,
2022-05-01,2022-23,2022,5,May,Karnataka,29,State,2111.77,2658.02,3408.4,1053.85,8178.19,9232.04,
2022-05-01,2022-23,2022,5,May,Kerala,32,State,697.48,952.62,411.4,2.56,2061.5,2064.06,
2022-05-01,2022-23,2022,5,May,Ladakh,37,Union Territory,4.15,6.66,1.49,0.13,12.3,12.43,
2022-05-01,2022-23,2022,5,May,Lakshadweep,31,Union Territory,0.31,0.33,0.03,0.0,0.67,0.67,
2022-05-01,2022-23,2022,5,May,Madhya Pradesh,23,State,603.24,833.01,752.36,557.87,2188.61,2746.48,
2022-05-01,2022-23,2022,5,May,Maharashtra,27,State,5650.29,6607.17,6530.69,1524.63,18788.15,20312.78,
2022-05-01,2022-23,2022,5,May,Manipur,14,State,17.45,25.94,3.86,0.21,47.25,47.46,
2022-05-01,2022-23,2022,5,May,Meghalaya,17,State,29.89,38.21,103.77,2.59,171.87,174.46,
2022-05-01,2022-23,2022,5,May,Mizoram,15,State,8.84,14.38,1.77,0.01,24.99,25.0,
2022-05-01,2022-23,2022,5,May,Nagaland,13,State,14.96,18.55,11.24,4.38,44.75,49.13,
2022-05-01,2022-23,2022,5,May,Odisha,21,State,978.25,1174.02,1105.51,697.97,3257.78,3955.75,
2022-05-01,2022-23,2022,5,May,Puducherry,34,Union Territory,21.84,33.31,125.56,0.41,180.71,181.12,
2022-05-01,2022-23,2022,5,May,Punjab,3,State,428.02,639.19,725.1,40.58,1792.31,1832.89,
2022-05-01,2022-23,2022,5,May,Rajasthan,8,State,953.06,1256.93,1438.99,139.93,3648.98,3788.91,
2022-05-01,2022-23,2022,5,May,Sikkim,11,State,17.4,22.85,238.21,0.18,278.46,278.64,
2022-05-01,2022-23,2022,5,May,Tamil Nadu,33,State,2056.7,2720.28,2488.5,644.37,7265.48,7909.85,
2022-05-01,2022-23,2022,5,May,Telangana,36,State,942.49,1244.99,1250.89,543.3,3438.37,3981.67,
2022-05-01,2022-23,2022,5,May,Tripura,16,State,23.44,33.84,7.8,0.25,65.08,65.33,
2022-05-01,2022-23,2022,5,May,Uttar Pradesh,9,State,1494.83,2188.8,1869.99,1116.43,5553.62,6670.05,
2022-05-01,2022-23,2022,5,May,Uttarakhand,5,State,257.42,358.22,680.9,12.07,1296.54,1308.61,
2022-05-01,2022-23,2022,5,May,West Bengal,19,State,1396.91,1782.84,1322.24,393.8,4501.99,4895.79,
2022-06-01,2022-23,2022,6,Jun,Andaman and Nicobar Islands,35,Union Territory,7.9,11.12,3.32,0.02,22.34,22.36,
2022-06-01,2022-23,2022,6,Jun,Andhra Pradesh,28,State,739.75,965.12,1026.83,254.81,2731.7,2986.51,
2022-06-01,2022-23,2022,6,Jun,Arunachal Pradesh,12,State,19.55,28.08,10.71,0.18,58.34,58.52,
2022-06-01,2022-23,2022,6,Jun,Assam,18,State,288.73,376.74,265.03,41.57,930.5,972.07,
2022-06-01,2022-23,2022,6,Jun,Bihar,10,State,314.79,541.69,187.93,187.65,1044.41,1232.06,
2022-06-01,2022-23,2022,6,Jun,Chandigarh,4,Union Territory,31.9,44.71,92.04,1.04,168.65,169.69,
2022-06-01,2022-23,2022,6,Jun,Chhattisgarh,22,State,533.74,628.26,977.0,635.41,2139.0,2774.41,
2022-06-01,2022-23,2022,6,Jun,Dadra and Nagar Haveli and Daman and Diu,38,Union Territory,55.74,67.26,225.55,1.41,348.55,349.96,
2022-06-01,2022-23,2022,6,Jun,Delhi,7,Union Territory,852.92,1018.51,2359.73,82.19,4231.16,4313.35,
2022-06-01,2022-23,2022,6,Jun,Goa,30,State,109.79,154.2,160.45,4.2,424.44,428.64,
2022-06-01,2022-23,2022,6,Jun,Gujarat,24,State,2454.92,2967.56,3252.83,531.27,8675.31,9206.58,
2022-06-01,2022-23,2022,6,Jun,Haryana,6,State,1141.32,1487.39,3577.48,507.7,6206.19,6713.89,
2022-06-01,2022-23,2022,6,Jun,Himachal Pradesh,2,State,126.5,186.86,377.58,2.2,690.94,693.14,
2022-06-01,2022-23,2022,6,Jun,Jammu and Kashmir,1,Union Territory,96.38,162.32,103.27,9.86,361.97,371.83,
2022-06-01,2022-23,2022,6,Jun,Jharkhand,20,State,408.77,577.79,824.36,504.23,1810.92,2315.15,
2022-06-01,2022-23,2022,6,Jun,Karnataka,29,State,2069.87,2589.9,3241.16,943.96,7900.93,8844.89,
2022-06-01,2022-23,2022,6,Jun,Kerala,32,State,730.7,981.77,442.2,6.23,2154.67,2160.9,
2022-06-01,2022-23,2022,6,Jun,Ladakh,37,Union Territory,4.39,6.25,2.56,0.01,13.2,13.21,
2022-06-01,2022-23,2022,6,Jun,Lakshadweep,31,Union Territory,0.15,0.41,0.08,0.0,0.64,0.64,
2022-06-01,2022-23,2022,6,Jun,Madhya Pradesh,23,State,583.13,809.89,808.68,635.66,2201.7,2837.36,
2022-06-01,2022-23,2022,6,Jun,Maharashtra,27,State,6184.24,7409.87,7108.14,1639.17,20702.25,22341.42,
2022-06-01,2022-23,2022,6,Jun,Manipur,14,State,14.62,20.68,3.43,0.06,38.73,38.79,
2022-06-01,2022-23,2022,6,Jun,Meghalaya,17,State,25.48,30.62,91.82,4.67,147.92,152.59,
2022-06-01,2022-23,2022,6,Jun,Mizoram,15,State,8.71,14.31,2.75,0.08,25.77,25.85,
2022-06-01,2022-23,2022,6,Jun,Nagaland,13,State,10.11,13.45,7.74,2.28,31.3,33.58,
2022-06-01,2022-23,2022,6,Jun,Odisha,21,State,1063.33,1247.63,847.93,806.39,3158.89,3965.28,
2022-06-01,2022-23,2022,6,Jun,Puducherry,34,Union Territory,24.61,37.94,119.72,0.18,182.27,182.45,
2022-06-01,2022-23,2022,6,Jun,Punjab,3,State,394.77,610.42,639.05,38.26,1644.24,1682.5,
2022-06-01,2022-23,2022,6,Jun,Rajasthan,8,State,851.44,1161.85,1201.76,170.91,3215.05,3385.96,
2022-06-01,2022-23,2022,6,Jun,Sikkim,11,State,15.47,20.03,220.79,0.08,256.29,256.37,
2022-06-01,2022-23,2022,6,Jun,Tamil Nadu,33,State,2042.37,2682.24,2623.9,678.74,7348.51,8027.25,
2022-06-01,2022-23,2022,6,Jun,Telangana,36,State,932.8,1241.44,1143.25,583.97,3317.49,3901.46,
2022-06-01,2022-23,2022,6,Jun,Tripura,16,State,20.75,28.0,13.84,0.4,62.59,62.99,
2022-06-01,2022-23,2022,6,Jun,Uttar Pradesh,9,State,1601.09,2271.78,1785.04,1176.6,5657.91,6834.51,
2022-06-01,2022-23,2022,6,Jun,Uttarakhand,5,State,257.79,369.99,642.75,10.39,1270.53,1280.92,
2022-06-01,2022-23,2022,6,Jun,West Bengal,19,State,1280.52,1630.56,1061.55,358.77,3972.63,4331.4,
2022-07-01,2022-23,2022,7,Jul,Andaman and Nicobar Islands,35,Union Territory,8.31,11.47,3.5,0.13,23.28,23.41,
2022-07-01,2022-23,2022,7,Jul,Andhra Pradesh,28,State,829.8,1081.57,1170.92,326.67,3082.29,3408.96,
2022-07-01,2022-23,2022,7,Jul,Arunachal Pradesh,12,State,22.58,29.44,13.13,0.26,65.15,65.41,
2022-07-01,2022-23,2022,7,Jul,Assam,18,State,294.03,382.34,302.37,61.75,978.74,1040.49,
2022-07-01,2022-23,2022,7,Jul,Bihar,10,State,336.69,584.56,166.7,175.6,1087.95,1263.55,
2022-07-01,2022-23,2022,7,Jul,Chandigarh,4,Union Territory,35.99,48.47,90.78,0.65,175.24,175.89,
2022-07-01,2022-23,2022,7,Jul,Chhattisgarh,22,State,540.49,636.53,926.77,591.17,2103.79,2694.96,
2022-07-01,2022-23,2022,7,Jul,Dadra and Nagar Haveli and Daman and Diu,38,Union Territory,38.5,51.09,222.94,0.99,312.53,313.52,
2022-07-01,2022-23,2022,7,Jul,Delhi,7,Union Territory,875.79,1045.89,2328.36,77.28,4250.04,4327.32,
2022-07-01,2022-23,2022,7,Jul,Goa,30,State,112.94,153.19,162.92,3.44,429.05,432.49,
2022-07-01,2022-23,2022,7,Jul,Gujarat,24,State,2527.0,3036.04,3085.08,534.43,8648.12,9182.55,
2022-07-01,2022-23,2022,7,Jul,Haryana,6,State,1152.27,1505.96,3650.84,481.71,6309.07,6790.78,
2022-07-01,2022-23,2022,7,Jul,Himachal Pradesh,2,State,136.82,198.67,407.92,2.26,743.41,745.67,
2022-07-01,2022-23,2022,7,Jul,Jammu and Kashmir,1,Union Territory,117.96,185.39,118.78,8.82,422.13,430.95,
2022-07-01,2022-23,2022,7,Jul,Jharkhand,20,State,444.86,553.78,992.97,522.12,1991.61,2513.73,
2022-07-01,2022-23,2022,7,Jul,Karnataka,29,State,2233.33,2808.12,3543.11,1210.04,8584.56,9794.6,
2022-07-01,2022-23,2022,7,Jul,Kerala,32,State,742.78,1000.18,410.71,7.56,2153.67,2161.23,
2022-07-01,2022-23,2022,7,Jul,Ladakh,37,Union Territory,6.93,9.14,3.88,0.04,19.95,19.99,
2022-07-01,2022-23,2022,7,Jul,Lakshadweep,31,Union Territory,0.7,0.89,0.03,0.0,1.62,1.62,
2022-07-01,2022-23,2022,7,Jul,Madhya Pradesh,23,State,661.46,902.21,828.16,574.19,2391.83,2966.02,
2022-07-01,2022-23,2022,7,Jul,Maharashtra,27,State,5524.67,6578.04,8248.54,1777.46,20351.25,22128.71,
2022-07-01,2022-23,2022,7,Jul,Manipur,14,State,16.9,23.74,4.18,0.19,44.82,45.01,
2022-07-01,2022-23,2022,7,Jul,Meghalaya,17,State,25.3,31.81,80.12,1.1,137.23,138.33,
2022-07-01,2022-23,2022,7,Jul,Mizoram,15,State,9.89,13.72,2.96,0.03,26.57,26.6,
2022-07-01,2022-23,2022,7,Jul,Nagaland,13,State,10.86,13.64,12.06,5.09,36.56,41.65,
2022-07-01,2022-23,2022,7,Jul,Odisha,21,State,959.04,1111.69,872.98,707.9,2943.71,3651.61,
2022-07-01,2022-23,2022,7,Jul,Puducherry,34,Union Territory,25.27,39.11,133.49,0.52,197.87,198.39,
2022-07-01,2022-23,2022,7,Jul,Punjab,3,State,430.97,641.43,626.46,34.6,1698.86,1733.46,
2022-07-01,2022-23,2022,7,Jul,Rajasthan,8,State,934.24,1243.01,1351.15,142.76,3528.4,3671.16,
2022-07-01,2022-23,2022,7,Jul,Sikkim,11,State,15.59,21.98,211.29,0.02,248.86,248.88,
2022-07-01,2022-23,2022,7,Jul,Tamil Nadu,33,State,2189.61,2947.07,2643.33,669.3,7780.01,8449.31,
2022-07-01,2022-23,2022,7,Jul,Telangana,36,State,1234.98,1562.39,1275.93,474.16,4073.3,4547.46,
2022-07-01,2022-23,2022,7,Jul,Tripura,16,State,23.83,32.59,6.95,0.1,63.37,63.47,
2022-07-01,2022-23,2022,7,Jul,Uttar Pradesh,9,State,1652.9,2257.86,1980.46,1182.8,5891.22,7074.02,
2022-07-01,2022-23,2022,7,Jul,Uttarakhand,5,State,269.02,389.22,722.23,9.43,1380.47,1389.9,
2022-07-01,2022-23,2022,7,Jul,West Bengal,19,State,1301.46,1663.87,1135.51,340.39,4100.84,4441.23,
2022-08-01,2022-23,2022,8,Aug,Andaman and Nicobar Islands,35,Union Territory,5.02,8.06,2.65,0.01,15.73,15.74,
2022-08-01,2022-23,2022,8,Aug,Andhra Pradesh,28,State,765.97,996.86,1133.78,275.95,2896.61,3172.56,
2022-08-01,2022-23,2022,8,Aug,Arunachal Pradesh,12,State,21.57,28.55,9.02,0.16,59.14,59.3,
2022-08-01,2022-23,2022,8,Aug,Assam,18,State,323.19,411.13,269.13,51.72,1003.45,1055.17,
2022-08-01,2022-23,2022,8,Aug,Bihar,10,State,371.52,573.8,181.49,143.79,1126.81,1270.6,
2022-08-01,2022-23,2022,8,Aug,Chandigarh,4,Union Territory,35.6,46.48,96.58,0.41,178.66,179.07,
2022-08-01,2022-23,2022,8,Aug,Chhattisgarh,22,State,480.02,558.45,869.19,533.96,1907.66,2441.62,
2022-08-01,2022-23,2022,8,Aug,Dadra and Nagar Haveli and Daman and Diu,38,Union Territory,39.3,50.09,220.66,0.93,310.05,310.98,
2022-08-01,2022-23,2022,8,Aug,Delhi,7,Union Territory,897.52,1045.26,2321.63,84.14,4264.41,4348.55,
2022-08-01,2022-23,2022,8,Aug,Goa,30,State,105.03,139.59,129.56,1.32,374.18,375.5,
2022-08-01,2022-23,2022,8,Aug,Gujarat,24,State,2346.33,2818.0,3017.91,502.05,8182.24,8684.29,
2022-08-01,2022-23,2022,8,Aug,Haryana,6,State,1102.8,1466.71,3677.51,524.54,6247.02,6771.56,
2022-08-01,2022-23,2022,8,Aug,Himachal Pradesh,2,State,135.6,183.85,387.2,1.93,706.65,708.58,
2022-08-01,2022-23,2022,8,Aug,Jammu and Kashmir,1,Union Territory,112.98,178.47,133.96,8.35,425.41,433.76,
2022-08-01,2022-23,2022,8,Aug,Jharkhand,20,State,442.67,566.52,1104.19,482.04,2113.38,2595.42,
2022-08-01,2022-23,2022,8,Aug,Karnataka,29,State,2297.13,2840.9,3451.11,993.86,8589.14,9583.0,
2022-08-01,2022-23,2022,8,Aug,Kerala,32,State,706.88,910.94,414.92,2.96,2032.74,2035.7,
2022-08-01,2022-23,2022,8,Aug,Ladakh,37,Union Territory,6.55,8.98,3.6,0.03,19.13,19.16,
2022-08-01,2022-23,2022,8,Aug,Lakshadweep,31,Union Territory,0.15,0.16,0.05,0.0,0.36,0.36,
2022-08-01,2022-23,2022,8,Aug,Madhya Pradesh,23,State,615.21,805.1,775.36,618.59,2195.67,2814.26,
2022-08-01,2022-23,2022,8,Aug,Maharashtra,27,State,5211.34,6071.41,6162.5,1417.57,17445.25,18862.82,
2022-08-01,2022-23,2022,8,Aug,Manipur,14,State,12.12,17.54,4.84,0.04,34.5,34.54,
2022-08-01,2022-23,2022,8,Aug,Meghalaya,17,State,26.59,31.82,88.18,0.78,146.59,147.37,
2022-08-01,2022-23,2022,8,Aug,Mizoram,15,State,10.78,14.29,3.19,0.05,28.26,28.31,
2022-08-01,2022-23,2022,8,Aug,Nagaland,13,State,10.79,13.34,10.13,3.46,34.26,37.72,
2022-08-01,2022-23,2022,8,Aug,Odisha,21,State,871.95,1019.81,1252.07,740.07,3143.83,3883.9,
2022-08-01,2022-23,2022,8,Aug,Puducherry,34,Union Territory,26.09,37.53,136.45,0.15,200.07,200.22,
2022-08-01,2022-23,2022,8,Aug,Punjab,3,State,379.88,573.93,672.14,25.54,1625.95,1651.49,
2022-08-01,2022-23,2022,8,Aug,Rajasthan,8,State,860.14,1123.27,1249.59,108.11,3233.0,3341.11,
2022-08-01,2022-23,2022,8,Aug,Sikkim,11,State,14.11,18.88,213.9,0.01,246.89,246.9,
2022-08-01,2022-23,2022,8,Aug,Tamil Nadu,33,State,2240.05,2956.35,2411.6,778.3,7608.0,8386.3,
2022-08-01,2022-23,2022,8,Aug,Telangana,36,State,894.78,1182.75,1269.6,523.89,3347.13,3871.02,
2022-08-01,2022-23,2022,8,Aug,Tripura,16,State,20.58,26.59,8.43,0.22,55.6,55.82,
2022-08-01,2022-23,2022,8,Aug,Uttar Pradesh,9,State,1587.81,2136.96,2008.59,1048.01,5733.36,6781.37,
2022-08-01,2022-23,2022,8,Aug,Uttarakhand,5,State,223.87,335.35,527.01,7.98,1086.23,1094.21,
2022-08-01,2022-23,2022,8,Aug,West Bengal,19,State,1500.93,1739.51,1089.35,269.75,4329.79,4599.54,
2022-09-01,2022-23,2022,9,Sep,Andaman and Nicobar Islands,35,Union Territory,13.32,15.81,3.67,0.31,32.8,33.11,
2022-09-01,2022-23,2022,9,Sep,Andhra Pradesh,28,State,758.91,987.76,1106.97,277.88,2853.64,3131.52,
2022-09-01,2022-23,2022,9,Sep,Arunachal Pradesh,12,State,21.55,32.55,9.63,0.18,63.73,63.91,
2022-09-01,2022-23,2022,9,Sep,Assam,18,State,334.97,424.41,362.08,35.37,1121.46,1156.83,
2022-09-01,2022-23,2022,9,Sep,Bihar,10,State,341.37,554.05,382.82,187.69,1278.24,1465.93,
2022-09-01,2022-23,2022,9,Sep,Chandigarh,4,Union Territory,42.38,56.07,106.61,1.01,205.06,206.07,
2022-09-01,2022-23,2022,9,Sep,Chhattisgarh,22,State,434.54,504.73,841.15,488.71,1780.42,2269.13,
2022-09-01,2022-23,2022,9,Sep,Dadra and Nagar Haveli and Daman and Diu,38,Union Territory,38.68,47.51,225.28,0.48,311.47,311.95,
2022-09-01,2022-23,2022,9,Sep,Delhi,7,Union Territory,1031.64,1187.2,2447.73,74.8,4666.57,4741.37,
2022-09-01,2022-23,2022,9,Sep,Goa,30,State,119.79,158.79,148.51,2.39,427.09,429.48,
2022-09-01,2022-23,2022,9,Sep,Gujarat,24,State,2329.4,2808.04,3356.73,525.89,8494.17,9020.06,
2022-09-01,2022-23,2022,9,Sep,Haryana,6,State,1065.74,1383.34,4444.38,509.53,6893.46,7402.99,
2022-09-01,2022-23,2022,9,Sep,Himachal Pradesh,2,State,127.55,183.09,400.85,0.99,711.49,712.48,
2022-09-01,2022-23,2022,9,Sep,Jammu and Kashmir,1,Union Territory,106.75,172.95,141.95,6.12,421.65,427.77,
2022-09-01,2022-23,2022,9,Sep,Jharkhand,20,State,442.79,580.78,1035.93,403.2,2059.5,2462.7,
2022-09-01,2022-23,2022,9,Sep,Karnataka,29,State,2230.65,2778.74,3706.5,1044.58,8715.89,9760.47,
2022-09-01,2022-23,2022,9,Sep,Kerala,32,State,767.25,1015.12,460.25,3.35,2242.62,2245.97,
2022-09-01,2022-23,2022,9,Sep,Ladakh,37,Union Territory,6.76,8.76,3.79,0.0,19.31,19.31,
2022-09-01,2022-23,2022,9,Sep,Lakshadweep,31,Union Territory,1.4,1.41,0.11,0.0,2.92,2.92,
2022-09-01,2022-23,2022,9,Sep,Madhya Pradesh,23,State,599.53,769.13,753.42,589.1,2122.08,2711.18,
2022-09-01,2022-23,2022,9,Sep,Maharashtra,27,State,5794.85,6803.36,7247.78,1556.84,19845.99,21402.83,
2022-09-01,2022-23,2022,9,Sep,Manipur,14,State,14.24,18.94,5.26,0.03,38.44,38.47,
2022-09-01,2022-23,2022,9,Sep,Meghalaya,17,State,30.61,36.13,93.49,0.85,160.23,161.08,
2022-09-01,2022-23,2022,9,Sep,Mizoram,15,State,9.13,12.0,2.76,0.04,23.89,23.93,
2022-09-01,2022-23,2022,9,Sep,Nagaland,13,State,17.3,21.17,7.96,2.68,46.43,49.11,
2022-09-01,2022-23,2022,9,Sep,Odisha,21,State,770.86,938.18,1337.61,718.52,3046.65,3765.17,
2022-09-01,2022-23,2022,9,Sep,Puducherry,34,Union Territory,25.7,39.69,122.22,0.82,187.61,188.43,
2022-09-01,2022-23,2022,9,Sep,Punjab,3,State,392.67,597.88,691.23,28.31,1681.78,1710.09,
2022-09-01,2022-23,2022,9,Sep,Rajasthan,8,State,861.06,1141.36,1189.66,114.44,3192.08,3306.52,
2022-09-01,2022-23,2022,9,Sep,Sikkim,11,State,14.68,20.5,249.51,0.05,284.69,284.74,
2022-09-01,2022-23,2022,9,Sep,Tamil Nadu,33,State,2251.22,2965.31,2782.02,638.16,7998.55,8636.71,
2022-09-01,2022-23,2022,9,Sep,Telangana,36,State,975.62,1289.17,1139.9,510.06,3404.69,3914.75,
2022-09-01,2022-23,2022,9,Sep,Tripura,16,State,24.12,31.5,8.93,0.22,64.55,64.77,
2022-09-01,2022-23,2022,9,Sep,Uttar Pradesh,9,State,1539.94,2073.87,2222.74,1167.77,5836.55,7004.32,
2022-09-01,2022-23,2022,9,Sep,Uttarakhand,5,State,237.84,362.87,688.88,10.78,1289.59,1300.37,
2022-09-01,2022-23,2022,9,Sep,West Bengal,19,State,1488.67,1778.42,1156.85,380.39,4423.94,4804.33,
2022-10-01,2022-23,2022,10,Oct,Andaman and Nicobar Islands,35,Union Territory,7.9,11.05,4.45,0.01,23.4,23.41,
2022-10-01,2022-23,2022,10,Oct,Andhra Pradesh,28,State,793.83,1049.08,1421.34,315.04,3264.25,3579.29,
2022-10-01,2022-23,2022,10,Oct,Arunachal Pradesh,12,State,22.76,29.28,12.57,0.22,64.61,64.83,
2022-10-01,2022-23,2022,10,Oct,Assam,18,State,323.26,424.73,425.01,70.95,1173.0,1243.95,
2022-10-01,2022-23,2022,10,Oct,Bihar,10,State,328.06,542.11,302.52,171.48,1172.69,1344.17,
2022-10-01,2022-23,2022,10,Oct,Chandigarh,4,Union Territory,40.28,51.2,109.59,1.43,201.07,202.5,
2022-10-01,2022-23,2022,10,Oct,Chhattisgarh,22,State,478.98,565.2,834.59,449.61,1878.77,2328.38,
2022-10-01,2022-23,2022,10,Oct,Dadra and Nagar Haveli and Daman and Diu,38,Union Territory,37.65,50.88,190.11,0.26,278.64,278.9,
2022-10-01,2022-23,2022,10,Oct,Delhi,7,Union Territory,920.54,1127.58,2537.85,84.47,4585.97,4670.44,
2022-10-01,2022-23,2022,10,Oct,Goa,30,State,112.31,154.31,149.6,3.34,416.22,419.56,
2022-10-01,2022-23,2022,10,Oct,Gujarat,24,State,2451.32,3015.26,3461.02,541.47,8927.6,9469.07,
2022-10-01,2022-23,2022,10,Oct,Haryana,6,State,1190.42,1611.92,4332.7,526.53,7135.04,7661.57,
2022-10-01,2022-23,2022,10,Oct,Himachal Pradesh,2,State,133.0,190.77,457.53,2.74,781.3,784.04,
2022-10-01,2022-23,2022,10,Oct,Jammu and Kashmir,1,Union Territory,114.89,179.99,126.07,4.36,420.95,425.31,
2022-10-01,2022-23,2022,10,Oct,Jharkhand,20,State,507.23,668.79,942.51,381.3,2118.53,2499.83,
2022-10-01,2022-23,2022,10,Oct,Karnataka,29,State,2342.9,2968.77,4453.47,1231.2,9765.14,10996.34,
2022-10-01,2022-23,2022,10,Oct,Kerala,32,State,777.96,1002.27,695.68,9.17,2475.91,2485.08,
2022-10-01,2022-23,2022,10,Oct,Ladakh,37,Union Territory,11.25,18.27,3.82,0.11,33.34,33.45,
2022-10-01,2022-23,2022,10,Oct,Lakshadweep,31,Union Territory,0.47,1.03,0.85,0.0,2.35,2.35,
2022-10-01,2022-23,2022,10,Oct,Madhya Pradesh,23,State,634.98,840.68,900.19,544.34,2375.85,2920.19,
2022-10-01,2022-23,2022,10,Oct,Maharashtra,27,State,5761.79,6827.22,8805.38,1642.86,21394.39,23037.25,
2022-10-01,2022-23,2022,10,Oct,Manipur,14,State,18.56,23.33,7.47,0.14,49.36,49.5,
2022-10-01,2022-23,2022,10,Oct,Meghalaya,17,State,34.54,38.28,89.59,1.46,162.41,163.87,
2022-10-01,2022-23,2022,10,Oct,Mizoram,15,State,8.58,11.88,3.99,0.02,24.45,24.47,
2022-10-01,2022-23,2022,10,Oct,Nagaland,13,State,14.2,16.27,11.44,1.36,41.91,43.27,
2022-10-01,2022-23,2022,10,Oct,Odisha,21,State,856.48,1058.48,1139.59,714.89,3054.55,3769.44,
2022-10-01,2022-23,2022,10,Oct,Puducherry,34,Union Territory,25.38,38.32,139.38,0.63,203.08,203.71,
2022-10-01,2022-23,2022,10,Oct,Punjab,3,State,405.42,610.62,714.47,29.3,1730.51,1759.81,
2022-10-01,2022-23,2022,10,Oct,Rajasthan,8,State,915.86,1235.12,1493.92,116.13,3644.9,3761.03,
2022-10-01,2022-23,2022,10,Oct,Sikkim,11,State,21.56,26.35,217.27,0.02,265.18,265.2,
2022-10-01,2022-23,2022,10,Oct,Tamil Nadu,33,State,2328.64,3124.26,3366.18,720.62,8819.08,9539.7,
2022-10-01,2022-23,2022,10,Oct,Telangana,36,State,990.42,1353.92,1413.3,526.39,3757.64,4284.03,
2022-10-01,2022-23,2022,10,Oct,Tripura,16,State,27.66,36.06,12.05,0.45,75.77,76.22,
2022-10-01,2022-23,2022,10,Oct,Uttar Pradesh,9,State,1530.5,2136.75,2944.71,1226.76,6611.96,7838.72,
2022-10-01,2022-23,2022,10,Oct,Uttarakhand,5,State,280.59,404.58,918.38,9.06,1603.55,1612.61,
2022-10-01,2022-23,2022,10,Oct,West Bengal,19,State,1575.46,1931.53,1507.6,352.11,5014.59,5366.7,
2022-11-01,2022-23,2022,11,Nov,Andaman and Nicobar Islands,35,Union Territory,8.12,10.54,3.89,0.03,22.55,22.58,
2022-11-01,2022-23,2022,11,Nov,Andhra Pradesh,28,State,741.27,978.05,1127.12,287.11,2846.44,3133.55,
2022-11-01,2022-23,2022,11,Nov,Arunachal Pradesh,12,State,22.34,29.12,10.81,0.13,62.27,62.4,
2022-11-01,2022-23,2022,11,Nov,Assam,18,State,302.46,391.7,343.61,42.72,1037.77,1080.49,
2022-11-01,2022-23,2022,11,Nov,Bihar,10,State,378.25,605.03,163.53,169.78,1146.81,1316.59,
2022-11-01,2022-23,2022,11,Nov,Chandigarh,4,Union Territory,35.03,49.97,89.35,0.8,174.35,175.15,
2022-11-01,2022-23,2022,11,Nov,Chhattisgarh,22,State,462.02,552.64,910.16,523.65,1924.82,2448.47,
2022-11-01,2022-23,2022,11,Nov,Dadra and Nagar Haveli and Daman and Diu,38,Union Territory,36.13,46.26,221.22,0.93,303.61,304.54,
2022-11-01,2022-23,2022,11,Nov,Delhi,7,Union Territory,930.95,1127.43,2429.53,77.66,4487.91,4565.57,
2022-11-01,2022-23,2022,11,Nov,Goa,30,State,120.32,160.92,163.37,2.73,444.61,447.34,
2022-11-01,2022-23,2022,11,Nov,Gujarat,24,State,2583.1,3109.07,3056.62,584.61,8748.79,9333.4,
2022-11-01,2022-23,2022,11,Nov,Haryana,6,State,1045.69,1395.03,3880.31,448.2,6321.03,6769.23,
2022-11-01,2022-23,2022,11,Nov,Himachal Pradesh,2,State,141.84,206.79,322.52,1.22,671.15,672.37,
2022-11-01,2022-23,2022,11,Nov,Jammu and Kashmir,1,Union Territory,129.45,194.92,102.13,3.07,426.5,429.57,
2022-11-01,2022-23,2022,11,Nov,Jharkhand,20,State,442.81,617.62,1064.19,426.19,2124.62,2550.81,
2022-11-01,2022-23,2022,11,Nov,Karnataka,29,State,2241.31,2861.04,3958.75,1177.36,9061.1,10238.46,
2022-11-01,2022-23,2022,11,Nov,Kerala,32,State,761.22,989.25,337.56,6.05,2088.03,2094.08,
2022-11-01,2022-23,2022,11,Nov,Ladakh,37,Union Territory,17.84,29.26,2.76,0.09,49.86,49.95,
2022-11-01,2022-23,2022,11,Nov,Lakshadweep,31,Union Territory,0.13,0.18,0.17,0.0,0.48,0.48,
2022-11-01,2022-23,2022,11,Nov,Madhya Pradesh,23,State,706.66,916.86,707.39,558.81,2330.91,2889.72,
2022-11-01,2022-23,2022,11,Nov,Maharashtra,27,State,5828.63,6780.17,7289.38,1712.33,19898.18,21610.51,
2022-11-01,2022-23,2022,11,Nov,Manipur,14,State,16.76,24.6,9.04,0.04,50.4,50.44,
2022-11-01,2022-23,2022,11,Nov,Meghalaya,17,State,27.44,33.28,100.03,1.05,160.75,161.8,
2022-11-01,2022-23,2022,11,Nov,Mizoram,15,State,8.35,12.11,3.32,0.01,23.78,23.79,
2022-11-01,2022-23,2022,11,Nov,Nagaland,13,State,10.3,13.27,8.08,1.85,31.65,33.5,
2022-11-01,2022-23,2022,11,Nov,Odisha,21,State,845.79,1014.82,1577.15,724.5,3437.76,4162.26,
2022-11-01,2022-23,2022,11,Nov,Puducherry,34,Union Territory,24.05,37.59,147.29,0.43,208.93,209.36,
2022-11-01,2022-23,2022,11,Nov,Punjab,3,State,394.48,645.91,610.61,18.23,1651.0,1669.23,
2022-11-01,2022-23,2022,11,Nov,Rajasthan,8,State,996.05,1314.23,1183.48,124.68,3493.76,3618.44,
2022-11-01,2022-23,2022,11,Nov,Sikkim,11,State,17.8,22.7,168.79,0.13,209.29,209.42,
2022-11-01,2022-23,2022,11,Nov,Tamil Nadu,33,State,2252.19,2966.23,2655.55,677.47,7873.97,8551.44,
2022-11-01,2022-23,2022,11,Nov,Telangana,36,State,1030.6,1388.3,1286.6,522.54,3705.5,4228.04,
2022-11-01,2022-23,2022,11,Nov,Tripura,16,State,22.64,29.59,7.11,0.27,59.34,59.61,
2022-11-01,2022-23,2022,11,Nov,Uttar Pradesh,9,State,1533.66,2076.16,2444.21,1200.45,6054.03,7254.48,
2022-11-01,2022-23,2022,11,Nov,Uttarakhand,5,State,243.52,387.54,639.08,9.89,1270.14,1280.03,
2022-11-01,2022-23,2022,11,Nov,West Bengal,19,State,1312.8,1615.48,1132.22,310.96,4060.5,4371.46,
2022-12-01,2022-23,2022,12,Dec,Andaman and Nicobar Islands,35,Union Territory,7.23,10.66,3.08,0.07,20.97,21.04,
2022-12-01,2022-23,2022,12,Dec,Andhra Pradesh,28,State,756.99,972.23,1162.86,290.33,2892.08,3182.41,
2022-12-01,2022-23,2022,12,Dec,Arunachal Pradesh,12,State,24.61,32.32,10.26,0.03,67.19,67.22,
2022-12-01,2022-23,2022,12,Dec,Assam,18,State,324.05,405.78,366.37,53.86,1096.2,1150.06,
2022-12-01,2022-23,2022,12,Dec,Bihar,10,State,358.84,592.73,169.85,187.8,1121.42,1309.22,
2022-12-01,2022-23,2022,12,Dec,Chandigarh,4,Union Territory,37.37,50.02,129.82,0.39,217.21,217.6,
2022-12-01,2022-23,2022,12,Dec,Chhattisgarh,22,State,512.0,588.23,897.89,587.24,1998.12,2585.36,
2022-12-01,2022-23,2022,12,Dec,Dadra and Nagar Haveli and Daman and Diu,38,Union Territory,42.98,51.43,223.03,0.1,317.44,317.54,
2022-12-01,2022-23,2022,12,Dec,Delhi,7,Union Territory,859.02,1040.19,2420.66,80.85,4319.87,4400.72,
2022-12-01,2022-23,2022,12,Dec,Goa,30,State,125.81,162.79,168.83,2.71,457.43,460.14,
2022-12-01,2022-23,2022,12,Dec,Gujarat,24,State,2574.07,3067.59,2971.47,625.19,8613.13,9238.32,
2022-12-01,2022-23,2022,12,Dec,Haryana,6,State,1032.62,1371.52,3758.63,515.21,6162.77,6677.98,
2022-12-01,2022-23,2022,12,Dec,Himachal Pradesh,2,State,129.96,183.35,394.39,0.63,707.7,708.33,
2022-12-01,2022-23,2022,12,Dec,Jammu and Kashmir,1,Union Territory,125.12,185.86,97.18,1.44,408.16,409.6,
2022-12-01,2022-23,2022,12,Dec,Jharkhand,20,State,473.71,615.0,951.43,495.54,2040.14,2535.68,
2022-12-01,2022-23,2022,12,Dec,Karnataka,29,State,2374.13,2950.47,3607.08,1128.89,8931.68,10060.57,
2022-12-01,2022-23,2022,12,Dec,Kerala,32,State,752.52,1005.39,417.15,10.28,2175.06,2185.34,
2022-12-01,2022-23,2022,12,Dec,Ladakh,37,Union Territory,9.96,12.68,2.79,0.08,25.43,25.51,
2022-12-01,2022-23,2022,12,Dec,Lakshadweep,31,Union Territory,0.41,0.45,0.06,0.0,0.92,0.92,
2022-12-01,2022-23,2022,12,Dec,Madhya Pradesh,23,State,733.4,911.41,824.79,608.95,2469.6,3078.55,
2022-12-01,2022-23,2022,12,Dec,Maharashtra,27,State,6472.84,7519.13,7894.07,1712.07,21886.04,23598.11,
2022-12-01,2022-23,2022,12,Dec,Manipur,14,State,16.16,25.39,4.08,0.03,45.63,45.66,
2022-12-01,2022-23,2022,12,Dec,Meghalaya,17,State,32.47,40.99,96.41,1.51,169.87,171.38,
2022-12-01,2022-23,2022,12,Dec,Mizoram,15,State,7.66,12.94,2.11,0.04,22.71,22.75,
2022-12-01,2022-23,2022,12,Dec,Nagaland,13,State,14.73,20.09,6.4,2.49,41.22,43.71,
2022-12-01,2022-23,2022,12,Dec,Odisha,21,State,856.46,1033.36,1212.43,752.04,3102.25,3854.29,
2022-12-01,2022-23,2022,12,Dec,Puducherry,34,Union Territory,23.78,35.7,131.65,0.58,191.13,191.71,
2022-12-01,2022-23,2022,12,Dec,Punjab,3,State,430.71,616.71,672.17,14.65,1719.59,1734.24,
2022-12-01,2022-23,2022,12,Dec,Rajasthan,8,State,1043.89,1336.98,1302.59,105.36,3683.46,3788.82,
2022-12-01,2022-23,2022,12,Dec,Sikkim,11,State,15.58,19.67,255.01,0.05,290.26,290.31,
2022-12-01,2022-23,2022,12,Dec,Tamil Nadu,33,State,2225.1,2854.59,2599.97,644.59,7679.66,8324.25,
2022-12-01,2022-23,2022,12,Dec,Telangana,36,State,1052.69,1361.11,1214.74,549.36,3628.54,4177.9,
2022-12-01,2022-23,2022,12,Dec,Tripura,16,State,30.81,38.72,8.15,0.04,77.68,77.72,
2022-12-01,2022-23,2022,12,Dec,Uttar Pradesh,9,State,1587.5,2174.1,2036.29,1380.51,5797.89,7178.4,
2022-12-01,2022-23,2022,12,Dec,Uttarakhand,5,State,250.66,375.65,616.83,9.36,1243.14,1252.5,
2022-12-01,2022-23,2022,12,Dec,West Bengal,19,State,1380.44,1661.28,1148.25,392.84,4189.97,4582.81,
2023-01-01,2022-23,2023,1,Jan,Andaman and Nicobar Islands,35,Union Territory,9.76,16.24,5.5,0.05,31.5,31.55,
2023-01-01,2022-23,2023,1,Jan,Andhra Pradesh,28,State,840.83,1133.24,1277.88,182.71,3251.95,3434.66,
2023-01-01,2022-23,2023,1,Jan,Arunachal Pradesh,12,State,29.79,38.8,12.28,0.11,80.87,80.98,
2023-01-01,2022-23,2023,1,Jan,Assam,18,State,353.03,484.5,342.71,65.51,1180.24,1245.75,
2023-01-01,2022-23,2023,1,Jan,Bihar,10,State,427.89,702.78,161.84,161.26,1292.51,1453.77,
2023-01-01,2022-23,2023,1,Jan,Chandigarh,4,Union Territory,45.77,75.28,104.27,8.37,225.32,233.69,
2023-01-01,2022-23,2023,1,Jan,Chhattisgarh,22,State,572.17,680.9,871.48,670.91,2124.55,2795.46,
2023-01-01,2022-23,2023,1,Jan,Dadra and Nagar Haveli and Daman and Diu,38,Union Territory,39.08,49.56,222.95,1.22,311.59,312.81,
2023-01-01,2022-23,2023,1,Jan,Delhi,7,Union Territory,996.45,1248.21,2534.77,102.98,4779.43,4882.41,
2023-01-01,2022-23,2023,1,Jan,Goa,30,State,158.29,214.46,212.02,4.82,584.77,589.59,
2023-01-01,2022-23,2023,1,Jan,Gujarat,24,State,2768.12,3328.03,3262.0,650.48,9358.15,10008.63,
2023-01-01,2022-23,2023,1,Jan,Haryana,6,State,1183.41,1559.12,4681.0,506.4,7423.53,7929.93,
2023-01-01,2022-23,2023,1,Jan,Himachal Pradesh,2,State,150.15,218.31,394.33,2.33,762.79,765.12,
2023-01-01,2022-23,2023,1,Jan,Jammu and Kashmir,1,Union Territory,148.56,234.33,87.9,3.61,470.79,474.4,
2023-01-01,2022-23,2023,1,Jan,Jharkhand,20,State,549.34,714.53,1136.28,532.22,2400.15,2932.37,
2023-01-01,2022-23,2023,1,Jan,Karnataka,29,State,2641.77,3282.91,4374.15,1023.19,10298.83,11322.02,
2023-01-01,2022-23,2023,1,Jan,Kerala,32,State,879.32,1184.35,490.13,16.6,2553.8,2570.4,
2023-01-01,2022-23,2023,1,Jan,Ladakh,37,Union Territory,17.06,23.87,5.09,0.07,46.02,46.09,
2023-01-01,2022-23,2023,1,Jan,Lakshadweep,31,Union Territory,0.59,0.62,0.97,0.0,2.18,2.18,
2023-01-01,2022-23,2023,1,Jan,Madhya Pradesh,23,State,816.84,1029.33,907.28,594.31,2753.45,3347.76,
2023-01-01,2022-23,2023,1,Jan,Maharashtra,27,State,6454.59,7420.48,8831.81,1805.72,22706.88,24512.6,
2023-01-01,2022-23,2023,1,Jan,Manipur,14,State,24.94,37.08,4.49,0.54,66.51,67.05,
2023-01-01,2022-23,2023,1,Jan,Meghalaya,17,State,40.86,52.32,92.17,1.87,185.35,187.22,
2023-01-01,2022-23,2023,1,Jan,Mizoram,15,State,14.33,26.28,2.91,0.16,43.52,43.68,
2023-01-01,2022-23,2023,1,Jan,Nagaland,13,State,19.27,23.29,9.18,3.45,51.74,55.19,
2023-01-01,2022-23,2023,1,Jan,Odisha,21,State,1056.42,1260.34,1163.66,775.17,3480.42,4255.59,
2023-01-01,2022-23,2023,1,Jan,Puducherry,34,Union Territory,26.99,42.24,148.15,2.82,217.38,220.2,
2023-01-01,2022-23,2023,1,Jan,Punjab,3,State,440.95,714.18,612.46,28.1,1767.59,1795.69,
2023-01-01,2022-23,2023,1,Jan,Rajasthan,8,State,1135.72,1483.88,1418.04,116.8,4037.64,4154.44,
2023-01-01,2022-23,2023,1,Jan,Sikkim,11,State,18.75,24.93,240.14,0.18,283.82,284.0,
2023-01-01,2022-23,2023,1,Jan,Tamil Nadu,33,State,2365.18,3110.61,2755.18,578.23,8230.97,8809.2,
2023-01-01,2022-23,2023,1,Jan,Telangana,36,State,1159.52,1576.56,1427.89,577.04,4163.97,4741.01,
2023-01-01,2022-23,2023,1,Jan,Tripura,16,State,31.63,39.92,9.11,0.31,80.66,80.97,
2023-01-01,2022-23,2023,1,Jan,Uttar Pradesh,9,State,1802.4,2522.01,2339.76,1091.22,6664.17,7755.39,
2023-01-01,2022-23,2023,1,Jan,Uttarakhand,5,State,291.87,412.56,795.47,11.04,1499.9,1510.94,
2023-01-01,2022-23,2023,1,Jan,West Bengal,19,State,1527.82,1863.85,1239.4,343.61,4631.07,4974.68,
2023-02-01,2022-23,2023,2,Feb,Andaman and Nicobar Islands,35,Union Territory,11.23,15.35,3.99,0.12,30.57,30.69,
2023-02-01,2022-23,2023,2,Feb,Andhra Pradesh,28,State,792.12,1030.71,1249.36,485.15,3072.19,3557.34,
2023-02-01,2022-23,2023,2,Feb,Arunachal Pradesh,12,State,29.07,39.71,9.09,0.15,77.87,78.02,
2023-02-01,2022-23,2023,2,Feb,Assam,18,State,334.16,424.74,283.85,67.78,1042.75,1110.53,
2023-02-01,2022-23,2023,2,Feb,Bihar,10,State,444.99,668.09,191.3,194.94,1304.38,1499.32,
2023-02-01,2022-23,2023,2,Feb,Chandigarh,4,Union Territory,39.16,50.81,97.32,0.44,187.29,187.73,
2023-02-01,2022-23,2023,2,Feb,Chhattisgarh,22,State,539.96,657.77,1122.82,688.71,2320.55,3009.26,
2023-02-01,2022-23,2023,2,Feb,Dadra and Nagar Haveli and Daman and Diu,38,Union Territory,40.65,52.24,190.07,0.39,282.96,283.35,
2023-02-01,2022-23,2023,2,Feb,Delhi,7,Union Territory,899.5,1088.49,2690.04,91.02,4678.03,4769.05,
2023-02-01,2022-23,2023,2,Feb,Goa,30,State,140.62,180.31,168.32,3.31,489.25,492.56,
2023-02-01,2022-23,2023,2,Feb,Gujarat,24,State,2658.26,3215.75,3034.4,665.87,8908.41,9574.28,
2023-02-01,2022-23,2023,2,Feb,Haryana,6,State,1161.38,1564.05,4075.09,509.06,6800.52,7309.58,
2023-02-01,2022-23,2023,2,Feb,Himachal Pradesh,2,State,150.59,200.61,338.65,0.9,689.85,690.75,
2023-02-01,2022-23,2023,2,Feb,Jammu and Kashmir,1,Union Territory,143.46,199.82,88.53,2.42,431.81,434.23,
2023-02-01,2022-23,2023,2,Feb,Jharkhand,20,State,562.3,757.06,1098.22,544.22,2417.58,2961.8,
2023-02-01,2022-23,2023,2,Feb,Karnataka,29,State,2451.55,3042.81,3940.93,1373.87,9435.29,10809.16,
2023-02-01,2022-23,2023,2,Feb,Kerala,32,State,807.48,1051.55,464.58,2.07,2323.61,2325.68,
2023-02-01,2022-23,2023,2,Feb,Ladakh,37,Union Territory,9.78,12.58,1.82,0.04,24.18,24.22,
2023-02-01,2022-23,2023,2,Feb,Lakshadweep,31,Union Territory,1.33,1.37,0.29,0.0,2.99,2.99,
2023-02-01,2022-23,2023,2,Feb,Madhya Pradesh,23,State,792.85,973.62,818.25,649.82,2584.72,3234.54,
2023-02-01,2022-23,2023,2,Feb,Maharashtra,27,State,6204.49,7319.61,7072.0,1753.31,20596.1,22349.41,
2023-02-01,2022-23,2023,2,Feb,Manipur,14,State,23.59,34.77,5.33,0.03,63.69,63.72,
2023-02-01,2022-23,2023,2,Feb,Meghalaya,17,State,33.39,43.86,111.15,0.87,188.4,189.27,
2023-02-01,2022-23,2023,2,Feb,Mizoram,15,State,20.92,33.01,3.62,0.03,57.55,57.58,
2023-02-01,2022-23,2023,2,Feb,Nagaland,13,State,13.66,21.89,13.01,5.11,48.56,53.67,
2023-02-01,2022-23,2023,2,Feb,Odisha,21,State,1012.89,1205.89,1508.96,791.61,3727.74,4519.35,
2023-02-01,2022-23,2023,2,Feb,Puducherry,34,Union Territory,26.44,39.72,121.94,0.04,188.1,188.14,
2023-02-01,2022-23,2023,2,Feb,Punjab,3,State,394.03,589.44,648.72,18.78,1632.19,1650.97,
2023-02-01,2022-23,2023,2,Feb,Rajasthan,8,State,1019.07,1260.3,1559.16,101.99,3838.53,3940.52,
2023-02-01,2022-23,2023,2,Feb,Sikkim,11,State,21.61,27.33,216.04,0.06,264.98,265.04,
2023-02-01,2022-23,2023,2,Feb,Tamil Nadu,33,State,2346.19,3161.86,2581.5,684.37,8089.55,8773.92,
2023-02-01,2022-23,2023,2,Feb,Telangana,36,State,1088.63,1429.93,1306.85,598.52,3825.41,4423.93,
2023-02-01,2022-23,2023,2,Feb,Tripura,16,State,30.22,39.2,9.74,0.15,79.16,79.31,
2023-02-01,2022-23,2023,2,Feb,Uttar Pradesh,9,State,1645.73,2280.25,2033.08,1471.94,5959.06,7431.0,
2023-02-01,2022-23,2023,2,Feb,Uttarakhand,5,State,261.42,384.24,749.66,10.04,1395.32,1405.36,
2023-02-01,2022-23,2023,2,Feb,West Bengal,19,State,1503.7,1803.19,1226.98,421.55,4533.87,4955.42,
2023-03-01,2022-23,2023,3,Mar,Andaman and Nicobar Islands,35,Union Territory,14.05,18.57,4.59,0.16,37.21,37.37,
2023-03-01,2022-23,2023,3,Mar,Andhra Pradesh,28,State,820.2,1080.18,1301.15,330.31,3201.53,3531.84,
2023-03-01,2022-23,2023,3,Mar,Arunachal Pradesh,12,State,59.8,71.97,12.23,0.44,144.0,144.44,
2023-03-01,2022-23,2023,3,Mar,Assam,18,State,388.43,486.32,345.59,59.99,1220.34,1280.33,
2023-03-01,2022-23,2023,3,Mar,Bihar,10,State,480.13,865.22,209.13,189.61,1554.48,1744.09,
2023-03-01,2022-23,2023,3,Mar,Chandigarh,4,Union Territory,40.36,51.67,109.59,0.67,201.62,202.29,
2023-03-01,2022-23,2023,3,Mar,Chhattisgarh,22,State,590.21,723.72,1066.31,636.47,2380.24,3016.71,
2023-03-01,2022-23,2023,3,Mar,Dadra and Nagar Haveli and Daman and Diu,38,Union Territory,44.18,56.66,207.91,0.34,308.75,309.09,
2023-03-01,2022-23,2023,3,Mar,Delhi,7,Union Territory,935.59,1115.01,2686.29,103.31,4736.89,4840.2,
2023-03-01,2022-23,2023,3,Mar,Goa,30,State,143.75,188.93,178.56,3.35,511.24,514.59,
2023-03-01,2022-23,2023,3,Mar,Gujarat,24,State,2774.52,3437.6,3219.06,487.66,9431.18,9918.84,
2023-03-01,2022-23,2023,3,Mar,Haryana,6,State,1229.63,1595.9,4498.75,455.84,7324.28,7780.12,
2023-03-01,2022-23,2023,3,Mar,Himachal Pradesh,2,State,151.27,196.33,390.6,1.17,738.2,739.37,
2023-03-01,2022-23,2023,3,Mar,Jammu and Kashmir,1,Union Territory,157.21,216.7,97.93,4.95,471.84,476.79,
2023-03-01,2022-23,2023,3,Mar,Jharkhand,20,State,588.13,779.68,1213.5,502.11,2581.31,3083.42,
2023-03-01,2022-23,2023,3,Mar,Karnataka,29,State,2594.2,3127.52,3562.23,1076.14,9283.95,10360.09,
2023-03-01,2022-23,2023,3,Mar,Kerala,32,State,810.65,1064.15,476.1,3.01,2350.9,2353.91,
2023-03-01,2022-23,2023,3,Mar,Ladakh,37,Union Territory,8.68,11.49,2.36,0.09,22.53,22.62,
2023-03-01,2022-23,2023,3,Mar,Lakshadweep,31,Union Territory,1.22,1.27,0.22,0.0,2.71,2.71,
2023-03-01,2022-23,2023,3,Mar,Madhya Pradesh,23,State,830.32,1043.19,908.88,563.9,2782.39,3346.29,
2023-03-01,2022-23,2023,3,Mar,Maharashtra,27,State,6486.49,7622.28,6952.14,1634.0,21060.91,22694.91,
2023-03-01,2022-23,2023,3,Mar,Manipur,14,State,24.79,32.94,6.89,0.61,64.62,65.23,
2023-03-01,2022-23,2023,3,Mar,Meghalaya,17,State,41.46,53.68,106.03,0.59,201.17,201.76,
2023-03-01,2022-23,2023,3,Mar,Mizoram,15,State,26.18,40.36,3.69,0.06,70.23,70.29,
2023-03-01,2022-23,2023,3,Mar,Nagaland,13,State,16.88,24.57,9.91,6.3,51.36,57.66,
2023-03-01,2022-23,2023,3,Mar,Odisha,21,State,1146.15,1432.38,1447.91,722.58,4026.44,4749.02,
2023-03-01,2022-23,2023,3,Mar,Puducherry,34,Union Territory,25.14,36.84,140.66,1.19,202.64,203.83,
2023-03-01,2022-23,2023,3,Mar,Punjab,3,State,435.12,637.58,629.09,33.05,1701.79,1734.84,
2023-03-01,2022-23,2023,3,Mar,Rajasthan,8,State,1104.17,1409.02,1536.58,104.49,4049.77,4154.26,
2023-03-01,2022-23,2023,3,Mar,Sikkim,11,State,19.62,27.89,214.86,0.05,262.37,262.42,
2023-03-01,2022-23,2023,3,Mar,Tamil Nadu,33,State,2467.74,3424.06,2779.24,574.12,8671.04,9245.16,
2023-03-01,2022-23,2023,3,Mar,Telangana,36,State,1267.97,1583.09,1378.89,574.19,4229.95,4804.14,
2023-03-01,2022-23,2023,3,Mar,Tripura,16,State,36.33,45.02,9.03,0.05,90.38,90.43,
2023-03-01,2022-23,2023,3,Mar,Uttar Pradesh,9,State,1793.78,2465.8,2351.29,1002.59,6610.87,7613.46,
2023-03-01,2022-23,2023,3,Mar,Uttarakhand,5,State,314.96,422.11,774.12,11.99,1511.19,1523.18,
2023-03-01,2022-23,2023,3,Mar,West Bengal,19,State,1651.82,1888.56,1242.36,309.64,4782.74,5092.38,
2023-04-01,2023-24,2023,4,Apr,Andaman and Nicobar Islands,35,Union Territory,39.41,46.41,6.02,0.09,91.84,91.93,
2023-04-01,2023-24,2023,4,Apr,Andhra Pradesh,28,State,1059.28,1348.09,1667.68,254.33,4075.05,4329.38,
2023-04-01,2023-24,2023,4,Apr,Arunachal Pradesh,12,State,100.84,122.08,15.12,0.33,238.04,238.37,
2023-04-01,2023-24,2023,4,Apr,Assam,18,State,480.53,607.72,360.27,64.29,1448.52,1512.81,
2023-04-01,2023-24,2023,4,Apr,Bihar,10,State,495.98,796.14,209.28,123.81,1501.4,1625.21,
2023-04-01,2023-24,2023,4,Apr,Chandigarh,4,Union Territory,46.5,62.83,143.44,1.83,252.77,254.6,
2023-04-01,2023-24,2023,4,Apr,Chhattisgarh,22,State,757.91,879.53,1183.14,687.46,2820.58,3508.04,
2023-04-01,2023-24,2023,4,Apr,Dadra and Nagar Haveli and Daman and Diu,38,Union Territory,46.0,61.59,290.42,0.86,398.01,398.87,
2023-04-01,2023-24,2023,4,Apr,Delhi,7,Union Territory,1358.48,1637.88,3240.97,83.05,6237.33,6320.38,
2023-04-01,2023-24,2023,4,Apr,Goa,30,State,177.24,236.84,201.01,4.51,615.09,619.6,
2023-04-01,2023-24,2023,4,Apr,Gujarat,24,State,3436.53,4064.5,3555.91,664.43,11056.94,11721.37,
2023-04-01,2023-24,2023,4,Apr,Haryana,6,State,1424.32,1871.45,6228.45,511.19,9524.22,10035.41,
2023-04-01,2023-24,2023,4,Apr,Himachal Pradesh,2,State,213.6,301.06,439.84,2.24,954.5,956.74,
2023-04-01,2023-24,2023,4,Apr,Jammu and Kashmir,1,Union Territory,285.02,394.05,116.08,8.33,795.15,803.48,
2023-04-01,2023-24,2023,4,Apr,Jharkhand,20,State,707.01,951.5,1450.81,591.91,3109.32,3701.23,
2023-04-01,2023-24,2023,4,Apr,Karnataka,29,State,3578.49,4298.32,5277.34,1439.14,13154.15,14593.29,
2023-04-01,2023-24,2023,4,Apr,Kerala,32,State,1023.57,1365.59,607.29,13.57,2996.45,3010.02,
2023-04-01,2023-24,2023,4,Apr,Ladakh,37,Union Territory,28.26,33.51,5.81,0.04,67.58,67.62,
2023-04-01,2023-24,2023,4,Apr,Lakshadweep,31,Union Territory,0.91,1.07,0.84,0.0,2.82,2.82,
2023-04-01,2023-24,2023,4,Apr,Madhya Pradesh,23,State,1004.45,1286.62,1322.22,653.75,3613.29,4267.04,
2023-04-01,2023-24,2023,4,Apr,Maharashtra,27,State,9002.02,10391.91,11917.68,1884.15,31311.61,33195.76,
2023-04-01,2023-24,2023,4,Apr,Manipur,14,State,34.27,49.85,6.32,0.28,90.44,90.72,
2023-04-01,2023-24,2023,4,Apr,Meghalaya,17,State,51.14,69.48,116.72,2.08,237.34,239.42,
2023-04-01,2023-24,2023,4,Apr,Mizoram,15,State,25.38,40.78,4.7,0.07,70.86,70.93,
2023-04-01,2023-24,2023,4,Apr,Nagaland,13,State,27.97,35.65,15.33,9.15,78.95,88.1,
2023-04-01,2023-24,2023,4,Apr,Odisha,21,State,1400.05,1659.57,1195.53,780.59,4255.15,5035.74,
2023-04-01,2023-24,2023,4,Apr,Puducherry,34,Union Territory,28.07,42.41,147.32,0.19,217.8,217.99,
2023-04-01,2023-24,2023,4,Apr,Punjab,3,State,594.65,860.42,816.16,45.02,2271.23,2316.25,
2023-04-01,2023-24,2023,4,Apr,Rajasthan,8,State,1372.32,1741.02,1525.78,146.23,4639.12,4785.35,
2023-04-01,2023-24,2023,4,Apr,Sikkim,11,State,78.76,110.17,236.94,0.12,425.87,425.99,
2023-04-01,2023-24,2023,4,Apr,Tamil Nadu,33,State,3157.72,3682.12,3821.2,897.78,10661.04,11558.82,
2023-04-01,2023-24,2023,4,Apr,Telangana,36,State,1417.89,1822.98,1838.37,543.14,5079.24,5622.38,
2023-04-01,2023-24,2023,4,Apr,Tripura,16,State,49.43,69.95,13.53,0.47,132.91,133.38,
2023-04-01,2023-24,2023,4,Apr,Uttar Pradesh,9,State,2586.68,3476.02,2987.57,1270.18,9050.27,10320.45,
2023-04-01,2023-24,2023,4,Apr,Uttarakhand,5,State,387.32,554.33,1191.84,14.94,2133.49,2148.43,
2023-04-01,2023-24,2023,4,Apr,West Bengal,19,State,1949.47,2416.36,1657.01,424.4,6022.84,6447.24,
2023-05-01,2023-24,2023,5,May,Andaman and Nicobar Islands,35,Union Territory,11.82,15.15,3.3,0.64,30.27,30.91,
2023-05-01,2023-24,2023,5,May,Andhra Pradesh,28,State,801.16,1048.17,1210.76,313.11,3060.09,3373.2,
2023-05-01,2023-24,2023,5,May,Arunachal Pradesh,12,State,49.56,60.13,10.36,0.24,120.05,120.29,
2023-05-01,2023-24,2023,5,May,Assam,18,State,356.19,487.5,322.41,51.05,1166.1,1217.15,
2023-05-01,2023-24,2023,5,May,Bihar,10,State,365.17,623.01,175.35,202.36,1163.53,1365.89,
2023-05-01,2023-24,2023,5,May,Chandigarh,4,Union Territory,36.95,48.26,171.78,2.37,256.99,259.36,
2023-05-01,2023-24,2023,5,May,Chhattisgarh,22,State,471.03,582.57,821.4,649.79,1875.0,2524.79,
2023-05-01,2023-24,2023,5,May,Dadra and Nagar Haveli and Daman and Diu,38,Union Territory,35.85,47.04,239.82,1.3,322.71,324.01,
2023-05-01,2023-24,2023,5,May,Delhi,7,Union Territory,1117.48,1295.06,2622.68,112.22,5035.22,5147.44,
2023-05-01,2023-24,2023,5,May,Goa,30,State,136.32,182.47,200.55,3.49,519.34,522.83,
2023-05-01,2023-24,2023,5,May,Gujarat,24,State,2729.13,3371.18,3025.07,674.5,9125.38,9799.88,
2023-05-01,2023-24,2023,5,May,Haryana,6,State,1227.5,1543.74,4053.2,425.5,6824.44,7249.94,
2023-05-01,2023-24,2023,5,May,Himachal Pradesh,2,State,138.72,188.75,499.13,1.85,826.6,828.45,
2023-05-01,2023-24,2023,5,May,Jammu and Kashmir,1,Union Territory,114.27,178.17,119.75,9.65,412.19,421.84,
2023-05-01,2023-24,2023,5,May,Jharkhand,20,State,434.03,653.44,904.45,592.44,1991.92,2584.36,
2023-05-01,2023-24,2023,5,May,Karnataka,29,State,2462.85,3022.24,3582.08,1249.57,9067.17,10316.74,
2023-05-01,2023-24,2023,5,May,Kerala,32,State,802.24,1040.19,451.68,3.32,2294.11,2297.43,
2023-05-01,2023-24,2023,5,May,Ladakh,37,Union Territory,11.12,13.72,1.53,0.05,26.37,26.42,
2023-05-01,2023-24,2023,5,May,Lakshadweep,31,Union Territory,0.07,0.09,1.92,0.0,2.08,2.08,
2023-05-01,2023-24,2023,5,May,Madhya Pradesh,23,State,764.11,987.45,947.92,681.89,2699.48,3381.37,
2023-05-01,2023-24,2023,5,May,Maharashtra,27,State,6480.71,7620.58,7620.23,1814.91,21721.52,23536.43,
2023-05-01,2023-24,2023,5,May,Manipur,14,State,13.33,23.45,2.45,0.2,39.23,39.43,
2023-05-01,2023-24,2023,5,May,Meghalaya,17,State,42.55,55.6,113.41,2.74,211.56,214.3,
2023-05-01,2023-24,2023,5,May,Mizoram,15,State,13.72,20.89,3.38,0.03,37.99,38.02,
2023-05-01,2023-24,2023,5,May,Nagaland,13,State,15.44,21.15,10.76,4.64,47.35,51.99,
2023-05-01,2023-24,2023,5,May,Odisha,21,State,1029.25,1254.92,1337.55,776.01,3621.72,4397.73,
2023-05-01,2023-24,2023,5,May,Puducherry,34,Union Territory,23.75,36.04,142.41,0.1,202.2,202.3,
2023-05-01,2023-24,2023,5,May,Punjab,3,State,406.31,638.02,663.11,37.04,1707.44,1744.48,
2023-05-01,2023-24,2023,5,May,Rajasthan,8,State,1077.56,1385.88,1337.91,122.23,3801.35,3923.58,
2023-05-01,2023-24,2023,5,May,Sikkim,11,State,25.83,30.59,277.96,0.04,334.38,334.42,
2023-05-01,2023-24,2023,5,May,Tamil Nadu,33,State,2398.49,3101.15,2783.83,669.3,8283.47,8952.77,
2023-05-01,2023-24,2023,5,May,Telangana,36,State,1104.21,1448.15,1391.22,563.02,3943.58,4506.6,
2023-05-01,2023-24,2023,5,May,Tripura,16,State,27.76,39.55,7.04,0.32,74.35,74.67,
2023-05-01,2023-24,2023,5,May,Uttar Pradesh,9,State,1744.59,2383.89,2270.8,1069.08,6399.28,7468.36,
2023-05-01,2023-24,2023,5,May,Uttarakhand,5,State,307.4,411.49,702.97,9.32,1421.86,1431.18,
2023-05-01,2023-24,2023,5,May,West Bengal,19,State,1625.34,1952.4,1197.47,387.08,4775.21,5162.29,
2023-06-01,2023-24,2023,6,Jun,Andaman and Nicobar Islands,35,Union Territory,11.49,16.21,8.15,0.13,35.85,35.98,
2023-06-01,2023-24,2023,6,Jun,Andhra Pradesh,28,State,943.38,1187.64,1120.49,225.91,3251.51,3477.42,
2023-06-01,2023-24,2023,6,Jun,Arunachal Pradesh,12,State,35.46,46.61,8.49,0.05,90.56,90.61,
2023-06-01,2023-24,2023,6,Jun,Assam,18,State,390.44,471.72,294.57,56.32,1156.73,1213.05,
2023-06-01,2023-24,2023,6,Jun,Bihar,10,State,419.22,653.73,179.64,184.47,1252.59,1437.06,
2023-06-01,2023-24,2023,6,Jun,Chandigarh,4,Union Territory,50.51,64.25,111.55,0.76,226.31,227.07,
2023-06-01,2023-24,2023,6,Jun,Chhattisgarh,22,State,606.55,706.2,1030.82,668.47,2343.57,3012.04,
2023-06-01,2023-24,2023,6,Jun,Dadra and Nagar Haveli and Daman and Diu,38,Union Territory,41.21,52.59,245.16,1.06,338.96,340.02,
2023-06-01,2023-24,2023,6,Jun,Delhi,7,Union Territory,990.07,1161.86,2489.68,102.51,4641.61,4744.12,
2023-06-01,2023-24,2023,6,Jun,Goa,30,State,139.11,178.46,158.63,4.24,476.2,480.44,
2023-06-01,2023-24,2023,6,Jun,Gujarat,24,State,2808.4,3500.3,3134.63,676.38,9443.33,10119.71,
2023-06-01,2023-24,2023,6,Jun,Haryana,6,State,1329.12,1694.81,4427.96,536.3,7451.89,7988.19,
2023-06-01,2023-24,2023,6,Jun,Himachal Pradesh,2,State,165.04,225.72,446.91,2.94,837.67,840.61,
2023-06-01,2023-24,2023,6,Jun,Jammu and Kashmir,1,Union Territory,194.37,256.92,125.42,11.97,576.71,588.68,
2023-06-01,2023-24,2023,6,Jun,Jharkhand,20,State,524.08,696.62,1036.28,573.23,2256.98,2830.21,
2023-06-01,2023-24,2023,6,Jun,Karnataka,29,State,2568.52,3098.19,4143.6,1382.89,9810.31,11193.2,
2023-06-01,2023-24,2023,6,Jun,Kerala,32,State,1029.68,1284.25,407.81,3.35,2721.74,2725.09,
2023-06-01,2023-24,2023,6,Jun,Ladakh,37,Union Territory,5.5,6.72,2.34,0.0,14.56,14.56,
2023-06-01,2023-24,2023,6,Jun,Lakshadweep,31,Union Territory,10.51,10.59,0.76,0.0,21.86,21.86,
2023-06-01,2023-24,2023,6,Jun,Madhya Pradesh,23,State,820.65,1037.27,889.85,637.44,2747.77,3385.21,
2023-06-01,2023-24,2023,6,Jun,Maharashtra,27,State,7381.73,8453.56,8436.17,1827.32,24271.46,26098.78,
2023-06-01,2023-24,2023,6,Jun,Manipur,14,State,25.0,31.53,3.83,0.0,60.36,60.36,
2023-06-01,2023-24,2023,6,Jun,Meghalaya,17,State,36.79,44.02,111.31,2.03,192.12,194.15,
2023-06-01,2023-24,2023,6,Jun,Mizoram,15,State,19.64,31.45,4.23,0.05,55.32,55.37,
2023-06-01,2023-24,2023,6,Jun,Nagaland,13,State,30.69,33.84,10.47,4.2,75.0,79.2,
2023-06-01,2023-24,2023,6,Jun,Odisha,21,State,1130.14,1322.65,1122.39,804.79,3575.18,4379.97,
2023-06-01,2023-24,2023,6,Jun,Puducherry,34,Union Territory,25.96,41.11,143.1,0.21,210.17,210.38,
2023-06-01,2023-24,2023,6,Jun,Punjab,3,State,505.12,726.45,694.14,40.22,1925.71,1965.93,
2023-06-01,2023-24,2023,6,Jun,Rajasthan,8,State,1100.47,1394.85,1271.81,124.87,3767.13,3892.0,
2023-06-01,2023-24,2023,6,Jun,Sikkim,11,State,20.7,25.27,241.49,0.05,287.46,287.51,
2023-06-01,2023-24,2023,6,Jun,Tamil Nadu,33,State,2574.6,3253.75,3052.98,719.31,8881.33,9600.64,
2023-06-01,2023-24,2023,6,Jun,Telangana,36,State,1242.12,1575.13,1326.67,537.47,4143.92,4681.39,
2023-06-01,2023-24,2023,6,Jun,Tripura,16,State,29.19,38.54,7.35,0.08,75.08,75.16,
2023-06-01,2023-24,2023,6,Jun,Uttar Pradesh,9,State,1869.7,2562.73,2308.25,1363.47,6740.68,8104.15,
2023-06-01,2023-24,2023,6,Jun,Uttarakhand,5,State,327.37,438.6,745.08,11.5,1511.05,1522.55,
2023-06-01,2023-24,2023,6,Jun,West Bengal,19,State,1594.03,1943.64,1148.19,368.01,4685.86,5053.87,
2023-07-01,2023-24,2023,7,Jul,Andaman and Nicobar Islands,35,Union Territory,7.41,11.18,12.11,0.1,30.7,30.8,
2023-07-01,2023-24,2023,7,Jul,Andhra Pradesh,28,State,899.4,1198.61,1254.72,240.68,3352.73,3593.41,
2023-07-01,2023-24,2023,7,Jul,Arunachal Pradesh,12,State,28.3,37.08,8.25,0.06,73.63,73.69,
2023-07-01,2023-24,2023,7,Jul,Assam,18,State,360.69,450.52,299.65,71.9,1110.86,1182.76,
2023-07-01,2023-24,2023,7,Jul,Bihar,10,State,410.38,717.86,181.51,178.06,1309.75,1487.81,
2023-07-01,2023-24,2023,7,Jul,Chandigarh,4,Union Territory,41.23,56.72,118.26,0.86,216.21,217.07,
2023-07-01,2023-24,2023,7,Jul,Chhattisgarh,22,State,516.0,627.31,1017.76,643.51,2161.07,2804.58,
2023-07-01,2023-24,2023,7,Jul,Dadra and Nagar Haveli and Daman and Diu,38,Union Territory,44.48,56.17,253.21,0.28,353.86,354.14,
2023-07-01,2023-24,2023,7,Jul,Delhi,7,Union Territory,1029.98,1221.42,3053.18,100.8,5304.58,5405.38,
2023-07-01,2023-24,2023,7,Jul,Goa,30,State,131.03,173.21,219.81,3.68,524.05,527.73,
2023-07-01,2023-24,2023,7,Jul,Gujarat,24,State,2679.04,3292.7,3184.55,631.04,9156.29,9787.33,
2023-07-01,2023-24,2023,7,Jul,Haryana,6,State,1222.74,1609.86,4571.32,549.03,7403.92,7952.95,
2023-07-01,2023-24,2023,7,Jul,Himachal Pradesh,2,State,162.58,232.94,518.77,2.56,914.29,916.85,
2023-07-01,2023-24,2023,7,Jul,Jammu and Kashmir,1,Union Territory,162.69,234.0,141.35,10.98,538.04,549.02,
2023-07-01,2023-24,2023,7,Jul,Jharkhand,20,State,538.84,721.04,1016.77,581.9,2276.65,2858.55,
2023-07-01,2023-24,2023,7,Jul,Karnataka,29,State,2574.96,3181.08,4300.3,1449.12,10056.34,11505.46,
2023-07-01,2023-24,2023,7,Jul,Kerala,32,State,846.91,1093.31,438.67,2.34,2378.89,2381.23,
2023-07-01,2023-24,2023,7,Jul,Ladakh,37,Union Territory,8.47,11.0,3.1,0.03,22.57,22.6,
2023-07-01,2023-24,2023,7,Jul,Lakshadweep,31,Union Territory,0.67,1.5,0.18,0.0,2.35,2.35,
2023-07-01,2023-24,2023,7,Jul,Madhya Pradesh,23,State,794.89,1044.94,900.37,584.85,2740.2,3325.05,
2023-07-01,2023-24,2023,7,Jul,Maharashtra,27,State,6795.84,7957.64,9499.49,1811.06,24252.97,26064.03,
2023-07-01,2023-24,2023,7,Jul,Manipur,14,State,15.65,22.53,3.82,0.04,42.0,42.04,
2023-07-01,2023-24,2023,7,Jul,Meghalaya,17,State,44.42,50.42,80.23,0.29,175.07,175.36,
2023-07-01,2023-24,2023,7,Jul,Mizoram,15,State,14.07,22.03,2.97,0.07,39.07,39.14,
2023-07-01,2023-24,2023,7,Jul,Nagaland,13,State,13.83,18.19,7.99,2.94,40.01,42.95,
2023-07-01,2023-24,2023,7,Jul,Odisha,21,State,1096.55,1300.33,1094.59,753.93,3491.47,4245.4,
2023-07-01,2023-24,2023,7,Jul,Puducherry,34,Union Territory,27.18,41.35,146.75,0.27,215.28,215.55,
2023-07-01,2023-24,2023,7,Jul,Punjab,3,State,489.38,727.31,739.82,43.9,1956.51,2000.41,
2023-07-01,2023-24,2023,7,Jul,Rajasthan,8,State,1088.63,1380.13,1408.09,111.14,3876.85,3987.99,
2023-07-01,2023-24,2023,7,Jul,Sikkim,11,State,21.94,29.51,262.42,0.1,313.87,313.97,
2023-07-01,2023-24,2023,7,Jul,Tamil Nadu,33,State,2568.41,3300.0,3377.73,775.72,9246.14,10021.86,
2023-07-01,2023-24,2023,7,Jul,Telangana,36,State,1210.5,1623.48,1453.15,561.91,4287.13,4849.04,
2023-07-01,2023-24,2023,7,Jul,Tripura,16,State,31.03,39.53,6.97,0.57,77.53,78.1,
2023-07-01,2023-24,2023,7,Jul,Uttar Pradesh,9,State,1995.75,2750.54,2608.52,1447.22,7354.81,8802.03,
2023-07-01,2023-24,2023,7,Jul,Uttarakhand,5,State,318.28,415.18,863.17,10.49,1596.63,1607.12,
2023-07-01,2023-24,2023,7,Jul,West Bengal,19,State,1570.54,1952.69,1236.96,367.65,4760.19,5127.84,
2023-08-01,2023-24,2023,8,Aug,Andaman and Nicobar Islands,35,Union Territory,6.9,10.18,4.12,0.03,21.2,21.23,
2023-08-01,2023-24,2023,8,Aug,Andhra Pradesh,28,State,860.78,1122.3,1196.49,299.15,3179.57,3478.72,
2023-08-01,2023-24,2023,8,Aug,Arunachal Pradesh,12,State,30.8,39.7,11.88,0.04,82.38,82.42,
2023-08-01,2023-24,2023,8,Aug,Assam,18,State,350.41,440.19,305.5,51.43,1096.1,1147.53,
2023-08-01,2023-24,2023,8,Aug,Bihar,10,State,395.43,653.58,175.97,153.8,1224.98,1378.78,
2023-08-01,2023-24,2023,8,Aug,Chandigarh,4,Union Territory,37.83,51.46,101.76,1.36,191.05,192.41,
2023-08-01,2023-24,2023,8,Aug,Chhattisgarh,22,State,604.91,709.86,938.64,642.49,2253.41,2895.9,
2023-08-01,2023-24,2023,8,Aug,Dadra and Nagar Haveli and Daman and Diu,38,Union Territory,39.19,50.75,233.03,1.56,322.97,324.53,
2023-08-01,2023-24,2023,8,Aug,Delhi,7,Union Territory,939.32,1113.4,2471.29,95.49,4524.01,4619.5,
2023-08-01,2023-24,2023,8,Aug,Goa,30,State,137.74,173.71,195.88,1.69,507.33,509.02,
2023-08-01,2023-24,2023,8,Aug,Gujarat,24,State,2617.37,3210.74,3288.57,648.08,9116.68,9764.76,
2023-08-01,2023-24,2023,8,Aug,Haryana,6,State,1209.92,1584.52,4199.02,672.05,6993.46,7665.51,
2023-08-01,2023-24,2023,8,Aug,Himachal Pradesh,2,State,132.33,181.75,409.73,1.35,723.81,725.16,
2023-08-01,2023-24,2023,8,Aug,Jammu and Kashmir,1,Union Territory,146.52,220.48,146.06,10.03,513.06,523.09,
2023-08-01,2023-24,2023,8,Aug,Jharkhand,20,State,523.4,801.7,829.0,566.73,2154.1,2720.83,
2023-08-01,2023-24,2023,8,Aug,Karnataka,29,State,2479.8,3028.57,4193.21,1414.19,9701.58,11115.77,
2023-08-01,2023-24,2023,8,Aug,Kerala,32,State,825.5,1035.4,443.0,2.07,2303.9,2305.97,
2023-08-01,2023-24,2023,8,Aug,Ladakh,37,Union Territory,9.6,14.35,2.67,0.05,26.62,26.67,
2023-08-01,2023-24,2023,8,Aug,Lakshadweep,31,Union Territory,0.5,0.45,2.49,0.0,3.44,3.44,
2023-08-01,2023-24,2023,8,Aug,Madhya Pradesh,23,State,765.04,978.04,734.06,586.74,2477.14,3063.88,
2023-08-01,2023-24,2023,8,Aug,Maharashtra,27,State,6236.95,7629.5,7580.58,1835.44,21447.03,23282.47,
2023-08-01,2023-24,2023,8,Aug,Manipur,14,State,13.97,20.64,5.2,0.53,39.81,40.34,
2023-08-01,2023-24,2023,8,Aug,Meghalaya,17,State,42.84,49.95,88.45,7.43,181.24,188.67,
2023-08-01,2023-24,2023,8,Aug,Mizoram,15,State,11.67,17.28,2.91,0.05,31.86,31.91,
2023-08-01,2023-24,2023,8,Aug,Nagaland,13,State,18.9,22.62,7.65,2.32,49.17,51.49,
2023-08-01,2023-24,2023,8,Aug,Odisha,21,State,1153.31,1332.99,1205.2,716.77,3691.5,4408.27,
2023-08-01,2023-24,2023,8,Aug,Puducherry,34,Union Territory,27.67,43.35,159.9,0.33,230.92,231.25,
2023-08-01,2023-24,2023,8,Aug,Punjab,3,State,419.86,602.96,758.99,30.95,1781.81,1812.76,
2023-08-01,2023-24,2023,8,Aug,Rajasthan,8,State,1011.96,1264.81,1250.22,99.33,3526.99,3626.32,
2023-08-01,2023-24,2023,8,Aug,Sikkim,11,State,25.52,41.79,252.16,0.02,319.47,319.49,
2023-08-01,2023-24,2023,8,Aug,Tamil Nadu,33,State,2564.81,3300.84,2887.98,721.1,8753.63,9474.73,
2023-08-01,2023-24,2023,8,Aug,Telangana,36,State,1108.72,1439.46,1369.0,475.56,3917.18,4392.74,
2023-08-01,2023-24,2023,8,Aug,Tripura,16,State,26.99,35.84,15.37,0.04,78.2,78.24,
2023-08-01,2023-24,2023,8,Aug,Uttar Pradesh,9,State,1765.56,2378.42,2059.48,1265.01,6203.46,7468.47,
2023-08-01,2023-24,2023,8,Aug,Uttarakhand,5,State,309.16,382.06,653.02,8.68,1344.24,1352.92,
2023-08-01,2023-24,2023,8,Aug,West Bengal,19,State,1468.83,1797.06,1166.79,367.33,4432.68,4800.01,
2023-09-01,2023-24,2023,9,Sep,Andaman and Nicobar Islands,35,Union Territory,7.6,12.02,3.52,0.2,23.14,23.34,
2023-09-01,2023-24,2023,9,Sep,Andhra Pradesh,28,State,864.83,1123.06,1357.77,312.19,3345.66,3657.85,
2023-09-01,2023-24,2023,9,Sep,Arunachal Pradesh,12,State,30.56,37.01,13.56,0.04,81.13,81.17,
2023-09-01,2023-24,2023,9,Sep,Assam,18,State,361.25,448.69,311.43,53.42,1121.37,1174.79,
2023-09-01,2023-24,2023,9,Sep,Bihar,10,State,383.83,647.26,175.88,189.69,1206.97,1396.66,
2023-09-01,2023-24,2023,9,Sep,Chandigarh,4,Union Territory,41.25,51.74,124.82,1.25,217.81,219.06,
2023-09-01,2023-24,2023,9,Sep,Chhattisgarh,22,State,540.97,630.91,916.16,595.63,2088.04,2683.67,
2023-09-01,2023-24,2023,9,Sep,Dadra and Nagar Haveli and Daman and Diu,38,Union Territory,37.34,46.81,265.35,0.64,349.5,350.14,
2023-09-01,2023-24,2023,9,Sep,Delhi,7,Union Territory,1040.61,1209.07,2490.2,108.67,4739.88,4848.55,
2023-09-01,2023-24,2023,9,Sep,Goa,30,State,127.65,164.59,201.73,2.97,493.97,496.94,
2023-09-01,2023-24,2023,9,Sep,Gujarat,24,State,2735.32,3399.91,3296.54,697.27,9431.77,10129.04,
2023-09-01,2023-24,2023,9,Sep,Haryana,6,State,1187.63,1559.34,4645.48,616.53,7392.45,8008.98,
2023-09-01,2023-24,2023,9,Sep,Himachal Pradesh,2,State,136.28,183.62,461.66,2.01,781.56,783.57,
2023-09-01,2023-24,2023,9,Sep,Jammu and Kashmir,1,Union Territory,162.28,231.32,161.05,8.73,554.65,563.38,
2023-09-01,2023-24,2023,9,Sep,Jharkhand,20,State,452.34,637.25,985.7,548.15,2075.29,2623.44,
2023-09-01,2023-24,2023,9,Sep,Karnataka,29,State,2613.67,3468.48,4322.9,1288.02,10405.05,11693.07,
2023-09-01,2023-24,2023,9,Sep,Kerala,32,State,873.38,1167.48,460.94,3.21,2501.8,2505.01,
2023-09-01,2023-24,2023,9,Sep,Ladakh,37,Union Territory,13.1,18.39,3.38,0.11,34.87,34.98,
2023-09-01,2023-24,2023,9,Sep,Lakshadweep,31,Union Territory,0.65,0.78,0.17,0.0,1.6,1.6,
2023-09-01,2023-24,2023,9,Sep,Madhya Pradesh,23,State,788.13,989.23,722.77,617.54,2500.13,3117.67,
2023-09-01,2023-24,2023,9,Sep,Maharashtra,27,State,6841.3,8008.83,8479.33,1807.11,23329.46,25136.57,
2023-09-01,2023-24,2023,9,Sep,Manipur,14,State,23.47,29.23,3.57,0.13,56.27,56.4,
2023-09-01,2023-24,2023,9,Sep,Meghalaya,17,State,34.91,41.48,85.48,2.9,161.87,164.77,
2023-09-01,2023-24,2023,9,Sep,Mizoram,15,State,9.89,14.78,2.69,0.03,27.36,27.39,
2023-09-01,2023-24,2023,9,Sep,Nagaland,13,State,15.06,23.26,9.51,3.75,47.83,51.58,
2023-09-01,2023-24,2023,9,Sep,Odisha,21,State,1010.47,1197.37,1301.31,739.97,3509.15,4249.12,
2023-09-01,2023-24,2023,9,Sep,Puducherry,34,Union Territory,26.26,41.32,127.97,1.87,195.55,197.42,
2023-09-01,2023-24,2023,9,Sep,Punjab,3,State,444.81,661.17,725.66,33.92,1831.64,1865.56,
2023-09-01,2023-24,2023,9,Sep,Rajasthan,8,State,1046.2,1321.4,1346.26,155.27,3713.86,3869.13,
2023-09-01,2023-24,2023,9,Sep,Sikkim,11,State,25.05,29.34,260.3,0.03,314.69,314.72,
2023-09-01,2023-24,2023,9,Sep,Tamil Nadu,33,State,2689.9,3520.58,3486.41,784.57,9696.89,10481.46,
2023-09-01,2023-24,2023,9,Sep,Telangana,36,State,1503.13,1880.52,1330.61,511.5,4714.26,5225.76,
2023-09-01,2023-24,2023,9,Sep,Tripura,16,State,26.96,34.77,11.24,0.33,72.97,73.3,
2023-09-01,2023-24,2023,9,Sep,Uttar Pradesh,9,State,1862.38,2517.55,2143.03,1321.48,6522.96,7844.44,
2023-09-01,2023-24,2023,9,Sep,Uttarakhand,5,State,268.34,387.27,725.58,11.17,1381.19,1392.36,
2023-09-01,2023-24,2023,9,Sep,West Bengal,19,State,1572.17,1897.96,1157.85,312.49,4627.98,4940.47,
2023-10-01,2023-24,2023,10,Oct,Andaman and Nicobar Islands,35,Union Territory,10.65,13.83,4.12,0.04,28.6,28.64,
2023-10-01,2023-24,2023,10,Oct,Andhra Pradesh,28,State,812.35,1099.69,1178.76,312.46,3090.8,3403.26,
2023-10-01,2023-24,2023,10,Oct,Arunachal Pradesh,12,State,28.01,35.87,22.53,0.1,86.41,86.51,
2023-10-01,2023-24,2023,10,Oct,Assam,18,State,409.08,521.61,316.86,65.37,1247.55,1312.92,
2023-10-01,2023-24,2023,10,Oct,Bihar,10,State,380.28,639.26,190.9,195.87,1210.44,1406.31,
2023-10-01,2023-24,2023,10,Oct,Chandigarh,4,Union Territory,42.45,53.7,112.06,1.66,208.21,209.87,
2023-10-01,2023-24,2023,10,Oct,Chhattisgarh,22,State,531.34,636.66,966.89,546.48,2134.89,2681.37,
2023-10-01,2023-24,2023,10,Oct,Dadra and Nagar Haveli and Daman and Diu,38,Union Territory,42.55,56.56,273.85,0.28,372.96,373.24,
2023-10-01,2023-24,2023,10,Oct,Delhi,7,Union Territory,1209.78,1425.11,5006.97,111.68,7641.86,7753.54,
2023-10-01,2023-24,2023,10,Oct,Goa,30,State,156.24,197.55,172.67,3.47,526.46,529.93,
2023-10-01,2023-24,2023,10,Oct,Gujarat,24,State,2616.16,3165.53,3289.85,658.64,9071.54,9730.18,
2023-10-01,2023-24,2023,10,Oct,Haryana,6,State,1338.39,1772.88,4907.34,697.23,8018.61,8715.84,
2023-10-01,2023-24,2023,10,Oct,Himachal Pradesh,2,State,176.15,231.7,476.15,1.25,884.0,885.25,
2023-10-01,2023-24,2023,10,Oct,Jammu and Kashmir,1,Union Territory,167.86,246.67,171.27,7.35,585.8,593.15,
2023-10-01,2023-24,2023,10,Oct,Jharkhand,20,State,512.96,690.15,1164.68,518.38,2367.79,2886.17,
2023-10-01,2023-24,2023,10,Oct,Karnataka,29,State,2611.78,3302.93,4559.28,1496.61,10473.99,11970.6,
2023-10-01,2023-24,2023,10,Oct,Kerala,32,State,836.91,1095.84,481.72,3.64,2414.47,2418.11,
2023-10-01,2023-24,2023,10,Oct,Ladakh,37,Union Territory,14.29,23.19,5.43,0.42,42.91,43.33,
2023-10-01,2023-24,2023,10,Oct,Lakshadweep,31,Union Territory,0.08,1.25,0.16,0.0,1.49,1.49,
2023-10-01,2023-24,2023,10,Oct,Madhya Pradesh,23,State,828.75,1060.0,827.69,609.06,2716.44,3325.5,
2023-10-01,2023-24,2023,10,Oct,Maharashtra,27,State,6817.12,7994.85,10610.6,1886.6,25422.57,27309.17,
2023-10-01,2023-24,2023,10,Oct,Manipur,14,State,28.98,32.63,7.63,0.58,69.24,69.82,
2023-10-01,2023-24,2023,10,Oct,Meghalaya,17,State,34.23,41.88,65.94,0.26,142.05,142.31,
2023-10-01,2023-24,2023,10,Oct,Mizoram,15,State,14.87,20.98,3.53,0.06,39.38,39.44,
2023-10-01,2023-24,2023,10,Oct,Nagaland,13,State,17.99,21.91,6.94,2.17,46.84,49.01,
2023-10-01,2023-24,2023,10,Oct,Odisha,21,State,1051.33,1306.47,1121.7,697.44,3479.5,4176.94,
2023-10-01,2023-24,2023,10,Oct,Puducherry,34,Union Territory,29.0,41.93,139.51,1.13,210.44,211.57,
2023-10-01,2023-24,2023,10,Oct,Punjab,3,State,470.96,686.86,791.37,32.08,1949.19,1981.27,
2023-10-01,2023-24,2023,10,Oct,Rajasthan,8,State,1075.1,1370.52,1407.04,193.11,3852.66,4045.77,
2023-10-01,2023-24,2023,10,Oct,Sikkim,11,State,21.97,30.75,273.35,0.03,326.07,326.1,
2023-10-01,2023-24,2023,10,Oct,Tamil Nadu,33,State,2633.13,3502.19,3844.5,781.05,9979.82,10760.87,
2023-10-01,2023-24,2023,10,Oct,Telangana,36,State,1213.17,1587.59,1525.41,541.47,4326.17,4867.64,
2023-10-01,2023-24,2023,10,Oct,Tripura,16,State,30.68,40.82,19.78,0.05,91.28,91.33,
2023-10-01,2023-24,2023,10,Oct,Uttar Pradesh,9,State,2052.32,2811.1,2677.14,1423.89,7540.56,8964.45,
2023-10-01,2023-24,2023,10,Oct,Uttarakhand,5,State,379.42,550.34,894.56,10.1,1824.32,1834.42,
2023-10-01,2023-24,2023,10,Oct,West Bengal,19,State,1451.71,1839.21,1200.77,361.59,4491.69,4853.28,
2023-11-01,2023-24,2023,11,Nov,Andaman and Nicobar Islands,35,Union Territory,11.0,15.31,4.58,0.14,30.89,31.03,
2023-11-01,2023-24,2023,11,Nov,Andhra Pradesh,28,State,830.31,1163.05,1731.79,367.97,3725.15,4093.12,
2023-11-01,2023-24,2023,11,Nov,Arunachal Pradesh,12,State,32.41,39.56,19.76,0.5,91.73,92.23,
2023-11-01,2023-24,2023,11,Nov,Assam,18,State,365.92,457.44,331.15,77.37,1154.51,1231.88,
2023-11-01,2023-24,2023,11,Nov,Bihar,10,State,395.98,645.71,211.57,135.16,1253.26,1388.42,
2023-11-01,2023-24,2023,11,Nov,Chandigarh,4,Union Territory,40.08,49.67,120.1,0.45,209.85,210.3,
2023-11-01,2023-24,2023,11,Nov,Chhattisgarh,22,State,536.25,625.23,1124.17,650.06,2285.65,2935.71,
2023-11-01,2023-24,2023,11,Nov,Dadra and Nagar Haveli and Daman and Diu,38,Union Territory,41.49,54.6,236.41,0.15,332.5,332.65,
2023-11-01,2023-24,2023,11,Nov,Delhi,7,Union Territory,1081.54,1275.82,2880.33,109.38,5237.69,5347.07,
2023-11-01,2023-24,2023,11,Nov,Goa,30,State,140.26,180.03,180.11,2.69,500.4,503.09,
2023-11-01,2023-24,2023,11,Nov,Gujarat,24,State,2981.72,3665.77,3475.42,730.35,10122.91,10853.26,
2023-11-01,2023-24,2023,11,Nov,Haryana,6,State,1415.4,1778.52,5868.5,669.6,9062.42,9732.02,
2023-11-01,2023-24,2023,11,Nov,Himachal Pradesh,2,State,128.64,185.23,487.01,1.15,800.88,802.03,
2023-11-01,2023-24,2023,11,Nov,Jammu and Kashmir,1,Union Territory,132.65,198.39,134.83,3.39,465.87,469.26,
2023-11-01,2023-24,2023,11,Nov,Jharkhand,20,State,510.25,714.13,933.25,475.07,2157.63,2632.7,
2023-11-01,2023-24,2023,11,Nov,Karnataka,29,State,2745.92,3312.81,4551.39,1360.03,10610.12,11970.15,
2023-11-01,2023-24,2023,11,Nov,Kerala,32,State,873.74,1089.15,547.94,3.9,2510.83,2514.73,
2023-11-01,2023-24,2023,11,Nov,Ladakh,37,Union Territory,24.54,34.06,3.67,0.0,62.27,62.27,
2023-11-01,2023-24,2023,11,Nov,Lakshadweep,31,Union Territory,0.12,0.13,0.16,0.0,0.41,0.41,
2023-11-01,2023-24,2023,11,Nov,Madhya Pradesh,23,State,881.06,1112.17,1016.85,635.96,3010.08,3646.04,
2023-11-01,2023-24,2023,11,Nov,Maharashtra,27,State,6813.52,7925.71,8683.46,2162.08,23422.69,25584.77,
2023-11-01,2023-24,2023,11,Nov,Manipur,14,State,13.64,18.82,7.15,0.13,39.61,39.74,
2023-11-01,2023-24,2023,11,Nov,Meghalaya,17,State,32.16,41.1,87.89,1.47,161.15,162.62,
2023-11-01,2023-24,2023,11,Nov,Mizoram,15,State,9.2,14.11,9.19,0.03,32.5,32.53,
2023-11-01,2023-24,2023,11,Nov,Nagaland,13,State,23.46,29.24,11.06,2.8,63.76,66.56,
2023-11-01,2023-24,2023,11,Nov,Odisha,21,State,1080.66,1251.59,1161.06,801.77,3493.31,4295.08,
2023-11-01,2023-24,2023,11,Nov,Puducherry,34,Union Territory,28.81,42.8,155.63,1.01,227.24,228.25,
2023-11-01,2023-24,2023,11,Nov,Punjab,3,State,502.0,708.39,1032.71,21.85,2243.1,2264.95,
2023-11-01,2023-24,2023,11,Nov,Rajasthan,8,State,1161.72,1489.09,1839.87,191.22,4490.68,4681.9,
2023-11-01,2023-24,2023,11,Nov,Sikkim,11,State,19.4,23.35,190.73,0.09,233.48,233.57,
2023-11-01,2023-24,2023,11,Nov,Tamil Nadu,33,State,2631.64,3385.39,3593.44,644.26,9610.47,10254.73,
2023-11-01,2023-24,2023,11,Nov,Telangana,36,State,1221.71,1616.74,1630.97,516.48,4469.42,4985.9,
2023-11-01,2023-24,2023,11,Nov,Tripura,16,State,27.35,35.74,19.93,0.13,83.02,83.15,
2023-11-01,2023-24,2023,11,Nov,Uttar Pradesh,9,State,1863.64,2744.22,3029.79,1335.51,7637.65,8973.16,
2023-11-01,2023-24,2023,11,Nov,Uttarakhand,5,State,313.35,485.55,791.52,10.21,1590.42,1600.63,
2023-11-01,2023-24,2023,11,Nov,West Bengal,19,State,1496.83,1800.46,1290.89,326.32,4588.18,4914.5,
2023-12-01,2023-24,2023,12,Dec,Andaman and Nicobar Islands,35,Union Territory,10.37,14.24,3.67,0.04,28.28,28.32,
2023-12-01,2023-24,2023,12,Dec,Andhra Pradesh,28,State,841.26,1116.48,1267.97,319.03,3225.71,3544.74,
2023-12-01,2023-24,2023,12,Dec,Arunachal Pradesh,12,State,38.45,45.85,12.17,0.21,96.47,96.68,
2023-12-01,2023-24,2023,12,Dec,Assam,18,State,363.84,461.04,337.54,140.53,1162.42,1302.95,
2023-12-01,2023-24,2023,12,Dec,Bihar,10,State,404.35,690.78,202.77,189.27,1297.9,1487.17,
2023-12-01,2023-24,2023,12,Dec,Chandigarh,4,Union Territory,42.3,56.61,181.57,0.3,280.48,280.78,
2023-12-01,2023-24,2023,12,Dec,Chhattisgarh,22,State,489.65,605.82,900.73,616.3,1996.2,2612.5,
2023-12-01,2023-24,2023,12,Dec,Dadra and Nagar Haveli and Daman and Diu,38,Union Territory,43.3,54.99,234.67,0.5,332.96,333.46,
2023-12-01,2023-24,2023,12,Dec,Delhi,7,Union Territory,1012.06,1204.79,2793.12,111.37,5009.97,5121.34,
2023-12-01,2023-24,2023,12,Dec,Goa,30,State,152.22,197.72,199.85,2.86,549.79,552.65,
2023-12-01,2023-24,2023,12,Dec,Gujarat,24,State,2801.72,3357.84,3044.73,669.96,9204.29,9874.25,
2023-12-01,2023-24,2023,12,Dec,Haryana,6,State,1247.99,1577.16,4728.68,575.72,7553.83,8129.55,
2023-12-01,2023-24,2023,12,Dec,Himachal Pradesh,2,State,141.12,198.6,403.18,1.72,742.9,744.62,
2023-12-01,2023-24,2023,12,Dec,Jammu and Kashmir,1,Union Territory,156.74,228.33,105.05,2.09,490.12,492.21,
2023-12-01,2023-24,2023,12,Dec,Jharkhand,20,State,493.99,678.71,858.75,600.08,2031.45,2631.53,
2023-12-01,2023-24,2023,12,Dec,Karnataka,29,State,2696.45,3357.31,4371.53,1333.48,10425.29,11758.77,
2023-12-01,2023-24,2023,12,Dec,Kerala,32,State,865.21,1121.53,465.73,5.19,2452.47,2457.66,
2023-12-01,2023-24,2023,12,Dec,Ladakh,37,Union Territory,21.71,30.74,5.21,0.13,57.66,57.79,
2023-12-01,2023-24,2023,12,Dec,Lakshadweep,31,Union Territory,0.72,0.93,2.12,0.0,3.77,3.77,
2023-12-01,2023-24,2023,12,Dec,Madhya Pradesh,23,State,867.98,1110.45,792.36,652.07,2770.79,3422.86,
2023-12-01,2023-24,2023,12,Dec,Maharashtra,27,State,7527.61,8606.43,8655.87,2024.42,24789.91,26814.33,
2023-12-01,2023-24,2023,12,Dec,Manipur,14,State,18.53,25.12,6.2,0.05,49.85,49.9,
2023-12-01,2023-24,2023,12,Dec,Meghalaya,17,State,35.07,44.48,88.93,2.8,168.48,171.28,
2023-12-01,2023-24,2023,12,Dec,Mizoram,15,State,10.02,14.7,2.02,0.1,26.74,26.84,
2023-12-01,2023-24,2023,12,Dec,Nagaland,13,State,15.46,19.76,7.43,2.96,42.65,45.61,
2023-12-01,2023-24,2023,12,Dec,Odisha,21,State,1071.42,1276.83,1207.11,796.06,3555.36,4351.42,
2023-12-01,2023-24,2023,12,Dec,Puducherry,34,Union Territory,28.01,41.12,162.21,0.61,231.34,231.95,
2023-12-01,2023-24,2023,12,Dec,Punjab,3,State,450.57,668.71,738.23,17.41,1857.51,1874.92,
2023-12-01,2023-24,2023,12,Dec,Rajasthan,8,State,1077.08,1384.78,1191.11,174.56,3652.97,3827.53,
2023-12-01,2023-24,2023,12,Dec,Sikkim,11,State,17.32,20.48,215.86,0.01,253.66,253.67,
2023-12-01,2023-24,2023,12,Dec,Tamil Nadu,33,State,2560.77,3283.37,3393.7,649.72,9237.84,9887.56,
2023-12-01,2023-24,2023,12,Dec,Telangana,36,State,1246.0,1584.54,1365.19,557.16,4195.73,4752.89,
2023-12-01,2023-24,2023,12,Dec,Tripura,16,State,29.45,40.47,9.26,0.06,79.18,79.24,
2023-12-01,2023-24,2023,12,Dec,Uttar Pradesh,9,State,1833.84,2539.32,2314.44,1323.0,6687.6,8010.6,
2023-12-01,2023-24,2023,12,Dec,Uttarakhand,5,State,294.06,421.38,744.4,9.83,1459.84,1469.67,
2023-12-01,2023-24,2023,12,Dec,West Bengal,19,State,1519.56,1827.76,1281.08,390.33,4628.4,5018.73,
2024-01-01,2023-24,2024,1,Jan,Andaman and Nicobar Islands,35,Union Territory,12.67,16.49,5.29,0.05,34.45,34.5,
2024-01-01,2023-24,2024,1,Jan,Andhra Pradesh,28,State,866.79,1143.12,1317.46,259.87,3327.37,3587.24,
2024-01-01,2023-24,2024,1,Jan,Arunachal Pradesh,12,State,28.83,35.79,12.18,0.09,76.8,76.89,
2024-01-01,2023-24,2024,1,Jan,Assam,18,State,419.28,559.81,296.98,96.65,1276.07,1372.72,
2024-01-01,2023-24,2024,1,Jan,Bihar,10,State,421.19,721.14,261.4,161.35,1403.73,1565.08,
2024-01-01,2023-24,2024,1,Jan,Chandigarh,4,Union Territory,51.96,72.16,122.36,5.09,246.48,251.57,
2024-01-01,2023-24,2024,1,Jan,Chhattisgarh,22,State,587.4,700.6,1015.21,645.33,2303.21,2948.54,
2024-01-01,2023-24,2024,1,Jan,Dadra and Nagar Haveli and Daman and Diu,38,Union Territory,45.57,57.35,293.48,0.1,396.4,396.5,
2024-01-01,2023-24,2024,1,Jan,Delhi,7,Union Territory,1151.74,1389.93,3101.1,131.4,5642.77,5774.17,
2024-01-01,2023-24,2024,1,Jan,Goa,30,State,171.97,228.97,180.58,5.37,581.52,586.89,
2024-01-01,2023-24,2024,1,Jan,Gujarat,24,State,3033.7,3627.27,3610.59,695.9,10271.56,10967.46,
2024-01-01,2023-24,2024,1,Jan,Haryana,6,State,1466.22,1855.13,5719.89,580.52,9041.24,9621.76,
2024-01-01,2023-24,2024,1,Jan,Himachal Pradesh,2,State,168.2,238.15,466.29,1.94,872.64,874.58,
2024-01-01,2023-24,2024,1,Jan,Jammu and Kashmir,1,Union Territory,175.19,260.64,127.75,3.05,563.58,566.63,
2024-01-01,2023-24,2024,1,Jan,Jharkhand,20,State,504.9,682.61,1269.66,636.16,2457.17,3093.33,
2024-01-01,2023-24,2024,1,Jan,Karnataka,29,State,3045.55,3715.29,5234.61,1324.8,11995.45,13320.25,
2024-01-01,2023-24,2024,1,Jan,Kerala,32,State,958.29,1285.59,523.97,8.52,2767.85,2776.37,
2024-01-01,2023-24,2024,1,Jan,Ladakh,37,Union Territory,18.84,26.05,4.22,0.07,49.11,49.18,
2024-01-01,2023-24,2024,1,Jan,Lakshadweep,31,Union Territory,0.12,0.15,1.14,0.0,1.41,1.41,
2024-01-01,2023-24,2024,1,Jan,Madhya Pradesh,23,State,917.95,1152.45,989.98,633.3,3060.38,3693.68,
2024-01-01,2023-24,2024,1,Jan,Maharashtra,27,State,7415.45,8524.74,10330.22,2071.57,26270.41,28341.98,
2024-01-01,2023-24,2024,1,Jan,Manipur,14,State,18.16,27.83,9.87,0.56,55.86,56.42,
2024-01-01,2023-24,2024,1,Jan,Meghalaya,17,State,43.7,58.93,97.2,0.56,199.83,200.39,
2024-01-01,2023-24,2024,1,Jan,Mizoram,15,State,15.09,20.69,2.85,0.05,38.63,38.68,
2024-01-01,2023-24,2024,1,Jan,Nagaland,13,State,16.64,22.73,8.19,3.59,47.56,51.15,
2024-01-01,2023-24,2024,1,Jan,Odisha,21,State,1186.99,1428.72,1485.86,861.59,4101.57,4963.16,
2024-01-01,2023-24,2024,1,Jan,Puducherry,34,Union Territory,31.45,53.7,150.21,1.93,235.36,237.29,
2024-01-01,2023-24,2024,1,Jan,Punjab,3,State,539.02,777.29,847.71,25.07,2164.02,2189.09,
2024-01-01,2023-24,2024,1,Jan,Rajasthan,8,State,1270.85,1601.07,1477.37,175.88,4349.29,4525.17,
2024-01-01,2023-24,2024,1,Jan,Sikkim,11,State,19.32,22.89,252.87,0.1,295.08,295.18,
2024-01-01,2023-24,2024,1,Jan,Tamil Nadu,33,State,2495.15,3297.6,3165.04,648.54,8957.79,9606.33,
2024-01-01,2023-24,2024,1,Jan,Telangana,36,State,1421.84,1853.9,1580.23,592.25,4855.97,5448.22,
2024-01-01,2023-24,2024,1,Jan,Tripura,16,State,30.17,38.57,11.68,0.3,80.42,80.72,
2024-01-01,2023-24,2024,1,Jan,Uttar Pradesh,9,State,2096.95,2880.7,2432.66,1185.31,7410.31,8595.62,
2024-01-01,2023-24,2024,1,Jan,Uttarakhand,5,State,303.5,447.97,850.48,14.51,1601.95,1616.46,
2024-01-01,2023-24,2024,1,Jan,West Bengal,19,State,1721.71,2051.65,1290.28,401.57,5063.64,5465.21,
2024-02-01,2023-24,2024,2,Feb,Andaman and Nicobar Islands,35,Union Territory,15.09,19.81,4.04,0.23,38.94,39.17,
2024-02-01,2023-24,2024,2,Feb,Andhra Pradesh,28,State,884.63,1145.21,1400.43,247.83,3430.27,3678.1,
2024-02-01,2023-24,2024,2,Feb,Arunachal Pradesh,12,State,36.82,48.36,15.72,0.12,100.9,101.02,
2024-02-01,2023-24,2024,2,Feb,Assam,18,State,403.0,507.08,292.56,186.99,1202.64,1389.63,
2024-02-01,2023-24,2024,2,Feb,Bihar,10,State,399.29,689.37,214.36,188.08,1303.02,1491.1,
2024-02-01,2023-24,2024,2,Feb,Chandigarh,4,Union Territory,42.95,58.94,106.97,2.11,208.86,210.97,
2024-02-01,2023-24,2024,2,Feb,Chhattisgarh,22,State,597.74,712.07,1130.32,683.74,2440.13,3123.87,
2024-02-01,2023-24,2024,2,Feb,Dadra and Nagar Haveli and Daman and Diu,38,Union Territory,46.06,60.13,248.87,0.43,355.06,355.49,
2024-02-01,2023-24,2024,2,Feb,Delhi,7,Union Territory,1098.07,1300.18,3025.19,120.52,5423.44,5543.96,
2024-02-01,2023-24,2024,2,Feb,Goa,30,State,181.24,223.63,172.3,3.53,577.17,580.7,
2024-02-01,2023-24,2024,2,Feb,Gujarat,24,State,3103.69,3808.84,3428.24,688.12,10340.77,11028.89,
2024-02-01,2023-24,2024,2,Feb,Haryana,6,State,1315.33,1720.33,4642.79,590.79,7678.45,8269.24,
2024-02-01,2023-24,2024,2,Feb,Himachal Pradesh,2,State,145.6,203.86,395.82,0.81,745.28,746.09,
2024-02-01,2023-24,2024,2,Feb,Jammu and Kashmir,1,Union Territory,181.07,231.34,115.7,3.91,528.11,532.02,
2024-02-01,2023-24,2024,2,Feb,Jharkhand,20,State,532.74,740.27,1034.63,625.13,2307.64,2932.77,
2024-02-01,2023-24,2024,2,Feb,Karnataka,29,State,2942.2,3519.92,4670.27,1682.49,11132.39,12814.88,
2024-02-01,2023-24,2024,2,Feb,Kerala,32,State,939.96,1230.52,512.44,4.76,2682.92,2687.68,
2024-02-01,2023-24,2024,2,Feb,Ladakh,37,Union Territory,14.85,17.91,1.93,0.01,34.69,34.7,
2024-02-01,2023-24,2024,2,Feb,Lakshadweep,31,Union Territory,0.82,0.93,0.16,0.0,1.91,1.91,
2024-02-01,2023-24,2024,2,Feb,Madhya Pradesh,23,State,909.09,1105.89,935.93,620.67,2950.91,3571.58,
2024-02-01,2023-24,2024,2,Feb,Maharashtra,27,State,7211.31,8470.41,9310.44,2072.53,24992.16,27064.69,
2024-02-01,2023-24,2024,2,Feb,Manipur,14,State,18.92,28.4,8.08,0.15,55.4,55.55,
2024-02-01,2023-24,2024,2,Feb,Meghalaya,17,State,44.25,53.02,95.65,0.4,192.92,193.32,
2024-02-01,2023-24,2024,2,Feb,Mizoram,15,State,18.92,27.04,3.36,0.02,49.32,49.34,
2024-02-01,2023-24,2024,2,Feb,Nagaland,13,State,15.41,21.24,10.53,4.03,47.18,51.21,
2024-02-01,2023-24,2024,2,Feb,Odisha,21,State,1232.02,1464.73,1603.46,835.6,4300.21,5135.81,
2024-02-01,2023-24,2024,2,Feb,Puducherry,34,Union Territory,27.5,41.54,161.47,0.26,230.51,230.77,
2024-02-01,2023-24,2024,2,Feb,Punjab,3,State,468.33,631.39,834.26,21.15,1933.98,1955.13,
2024-02-01,2023-24,2024,2,Feb,Rajasthan,8,State,1136.53,1428.73,1459.46,186.53,4024.72,4211.25,
2024-02-01,2023-24,2024,2,Feb,Sikkim,11,State,19.07,23.3,256.68,0.13,299.05,299.18,
2024-02-01,2023-24,2024,2,Feb,Tamil Nadu,33,State,2543.02,3396.67,3098.21,674.6,9037.9,9712.5,
2024-02-01,2023-24,2024,2,Feb,Telangana,36,State,1418.86,1742.76,1461.76,587.15,4623.38,5210.53,
2024-02-01,2023-24,2024,2,Feb,Tripura,16,State,33.3,41.57,10.26,0.14,85.13,85.27,
2024-02-01,2023-24,2024,2,Feb,Uttar Pradesh,9,State,1889.91,2515.07,2321.3,1327.55,6726.28,8053.83,
2024-02-01,2023-24,2024,2,Feb,Uttarakhand,5,State,298.65,439.69,776.22,10.61,1514.56,1525.17,
2024-02-01,2023-24,2024,2,Feb,West Bengal,19,State,1604.66,1927.33,1341.59,483.24,4873.58,5356.82,
2024-03-01,2023-24,2024,3,Mar,Andaman and Nicobar Islands,35,Union Territory,12.37,15.35,4.43,0.06,32.15,32.21,
2024-03-01,2023-24,2024,3,Mar,Andhra Pradesh,28,State,1022.48,1312.44,1501.3,245.7,3836.22,4081.92,
2024-03-01,2023-24,2024,3,Mar,Arunachal Pradesh,12,State,69.45,79.58,18.44,0.17,167.47,167.64,
2024-03-01,2023-24,2024,3,Mar,Assam,18,State,477.95,596.96,350.79,117.62,1425.7,1543.32,
2024-03-01,2023-24,2024,3,Mar,Bihar,10,State,553.52,1057.39,239.56,140.93,1850.47,1991.4,
2024-03-01,2023-24,2024,3,Mar,Chandigarh,4,Union Territory,51.59,62.54,121.84,2.18,235.97,238.15,
2024-03-01,2023-24,2024,3,Mar,Chhattisgarh,22,State,650.44,757.85,1056.1,678.55,2464.39,3142.94,
2024-03-01,2023-24,2024,3,Mar,Dadra and Nagar Haveli and Daman and Diu,38,Union Territory,49.2,62.65,340.43,0.21,452.28,452.49,
2024-03-01,2023-24,2024,3,Mar,Delhi,7,Union Territory,1225.07,1412.73,3057.59,124.55,5695.39,5819.94,
2024-03-01,2023-24,2024,3,Mar,Goa,30,State,166.5,214.37,180.55,3.71,561.42,565.13,
2024-03-01,2023-24,2024,3,Mar,Gujarat,24,State,3210.45,3905.96,3685.87,589.96,10802.28,11392.24,
2024-03-01,2023-24,2024,3,Mar,Haryana,6,State,1428.35,1766.53,5733.67,616.52,8928.55,9545.07,
2024-03-01,2023-24,2024,3,Mar,Himachal Pradesh,2,State,165.61,225.35,459.77,1.05,850.73,851.78,
2024-03-01,2023-24,2024,3,Mar,Jammu and Kashmir,1,Union Territory,200.79,264.52,129.96,6.13,595.27,601.4,
2024-03-01,2023-24,2024,3,Mar,Jharkhand,20,State,574.63,872.88,1165.68,629.68,2613.19,3242.87,
2024-03-01,2023-24,2024,3,Mar,Karnataka,29,State,3001.22,3664.3,4916.82,1431.37,11582.34,13013.71,
2024-03-01,2023-24,2024,3,Mar,Kerala,32,State,929.52,1158.49,506.9,3.01,2594.91,2597.92,
2024-03-01,2023-24,2024,3,Mar,Ladakh,37,Union Territory,17.63,20.52,3.09,0.06,41.24,41.3,
2024-03-01,2023-24,2024,3,Mar,Lakshadweep,31,Union Territory,0.8,1.2,0.22,0.0,2.22,2.22,
2024-03-01,2023-24,2024,3,Mar,Madhya Pradesh,23,State,994.04,1207.56,1131.26,641.19,3332.86,3974.05,
2024-03-01,2023-24,2024,3,Mar,Maharashtra,27,State,7734.14,9259.19,8662.98,2031.55,25656.31,27687.86,
2024-03-01,2023-24,2024,3,Mar,Manipur,14,State,26.06,35.48,7.51,0.15,69.05,69.2,
2024-03-01,2023-24,2024,3,Mar,Meghalaya,17,State,48.63,57.1,106.12,1.09,211.85,212.94,
2024-03-01,2023-24,2024,3,Mar,Mizoram,15,State,18.25,28.71,3.21,0.07,50.17,50.24,
2024-03-01,2023-24,2024,3,Mar,Nagaland,13,State,31.19,37.19,10.18,4.03,78.56,82.59,
2024-03-01,2023-24,2024,3,Mar,Odisha,21,State,1380.4,1659.31,1266.47,803.15,4306.18,5109.33,
2024-03-01,2023-24,2024,3,Mar,Puducherry,34,Union Territory,29.7,42.03,149.2,0.56,220.93,221.49,
2024-03-01,2023-24,2024,3,Mar,Punjab,3,State,503.96,716.53,840.79,29.04,2061.28,2090.32,
2024-03-01,2023-24,2024,3,Mar,Rajasthan,8,State,1291.86,1768.59,1565.7,171.96,4626.15,4798.11,
2024-03-01,2023-24,2024,3,Mar,Sikkim,11,State,22.2,32.58,248.44,0.15,303.22,303.37,
2024-03-01,2023-24,2024,3,Mar,Tamil Nadu,33,State,2875.4,4058.41,3302.15,780.88,10235.96,11016.84,
2024-03-01,2023-24,2024,3,Mar,Telangana,36,State,1404.47,1837.21,1595.58,561.96,4837.26,5399.22,
2024-03-01,2023-24,2024,3,Mar,Tripura,16,State,44.74,56.67,19.23,0.09,120.64,120.73,
2024-03-01,2023-24,2024,3,Mar,Uttar Pradesh,9,State,2262.43,2974.26,2626.33,1224.0,7863.02,9087.02,
2024-03-01,2023-24,2024,3,Mar,Uttarakhand,5,State,353.87,481.09,885.31,9.37,1720.27,1729.64,
2024-03-01,2023-24,2024,3,Mar,West Bengal,19,State,1691.71,2029.51,1338.97,412.55,5060.19,5472.74,
2024-04-01,2024-25,2024,4,Apr,Andaman and Nicobar Islands,35,Union Territory,26.79,31.56,6.15,0.05,64.5,64.55,
2024-04-01,2024-25,2024,4,Apr,Andhra Pradesh,28,State,1290.84,1621.08,1639.61,297.99,4551.53,4849.52,
2024-04-01,2024-25,2024,4,Apr,Arunachal Pradesh,12,State,80.92,100.91,18.15,0.1,199.98,200.08,
2024-04-01,2024-25,2024,4,Apr,Assam,18,State,601.58,735.17,371.56,186.25,1708.31,1894.56,
2024-04-01,2024-25,2024,4,Apr,Bihar,10,State,616.45,950.72,253.01,171.6,1820.18,1991.78,
2024-04-01,2024-25,2024,4,Apr,Chandigarh,4,Union Territory,54.82,75.48,178.47,4.26,308.77,313.03,
2024-04-01,2024-25,2024,4,Apr,Chhattisgarh,22,State,810.72,929.38,1553.54,706.94,3293.64,4000.58,
2024-04-01,2024-25,2024,4,Apr,Dadra and Nagar Haveli and Daman and Diu,38,Union Territory,59.88,75.38,312.03,0.13,447.29,447.42,
2024-04-01,2024-25,2024,4,Apr,Delhi,7,Union Territory,1740.46,2026.77,3889.72,114.71,7656.95,7771.66,
2024-04-01,2024-25,2024,4,Apr,Goa,30,State,225.39,282.75,252.25,4.38,760.39,764.77,
2024-04-01,2024-25,2024,4,Apr,Gujarat,24,State,3846.83,4537.65,4232.33,684.05,12616.81,13300.86,
2024-04-01,2024-25,2024,4,Apr,Haryana,6,State,1659.64,2172.14,7725.38,610.51,11557.16,12167.67,
2024-04-01,2024-25,2024,4,Apr,Himachal Pradesh,2,State,219.7,302.64,491.19,1.59,1013.53,1015.12,
2024-04-01,2024-25,2024,4,Apr,Jammu and Kashmir,1,Union Territory,269.64,362.34,149.88,7.35,781.86,789.21,
2024-04-01,2024-25,2024,4,Apr,Jharkhand,20,State,714.08,934.43,1492.99,687.71,3141.5,3829.21,
2024-04-01,2024-25,2024,4,Apr,Karnataka,29,State,3896.36,4715.34,5791.48,1574.97,14403.18,15978.15,
2024-04-01,2024-25,2024,4,Apr,Kerala,32,State,1157.11,1456.12,652.1,6.88,3265.33,3272.21,
2024-04-01,2024-25,2024,4,Apr,Ladakh,37,Union Territory,29.57,35.92,3.97,0.05,69.46,69.51,
2024-04-01,2024-25,2024,4,Apr,Lakshadweep,31,Union Territory,0.18,0.22,0.81,0.0,1.21,1.21,
2024-04-01,2024-25,2024,4,Apr,Madhya Pradesh,23,State,1220.58,1519.6,1365.12,622.53,4105.3,4727.83,
2024-04-01,2024-25,2024,4,Apr,Maharashtra,27,State,10263.18,11729.43,13430.36,2247.84,35422.97,37670.81,
2024-04-01,2024-25,2024,4,Apr,Manipur,14,State,41.34,52.61,9.95,0.08,103.9,103.98,
2024-04-01,2024-25,2024,4,Apr,Meghalaya,17,State,63.17,75.59,94.82,0.38,233.58,233.96,
2024-04-01,2024-25,2024,4,Apr,Mizoram,15,State,43.71,59.38,4.9,0.08,107.99,108.07,
2024-04-01,2024-25,2024,4,Apr,Nagaland,13,State,30.71,40.6,10.42,4.13,81.73,85.86,
2024-04-01,2024-25,2024,4,Apr,Odisha,21,State,1674.38,2081.83,1349.66,796.38,5105.87,5902.25,
2024-04-01,2024-25,2024,4,Apr,Puducherry,34,Union Territory,35.36,54.12,154.95,2.22,244.43,246.65,
2024-04-01,2024-25,2024,4,Apr,Punjab,3,State,693.2,998.58,1068.86,35.16,2760.64,2795.8,
2024-04-01,2024-25,2024,4,Apr,Rajasthan,8,State,1600.9,1889.1,1890.19,177.82,5380.19,5558.01,
2024-04-01,2024-25,2024,4,Apr,Sikkim,11,State,46.69,69.2,287.54,0.05,403.43,403.48,
2024-04-01,2024-25,2024,4,Apr,Tamil Nadu,33,State,3193.48,4066.49,4157.69,792.3,11417.66,12209.96,
2024-04-01,2024-25,2024,4,Apr,Telangana,36,State,1720.73,2062.94,1890.34,561.88,5674.01,6235.89,
2024-04-01,2024-25,2024,4,Apr,Tripura,16,State,64.34,79.81,16.43,0.04,160.58,160.62,
2024-04-01,2024-25,2024,4,Apr,Uttar Pradesh,9,State,3202.68,4120.71,3606.43,1360.3,10929.82,12290.12,
2024-04-01,2024-25,2024,4,Apr,Uttarakhand,5,State,460.53,636.26,1132.22,10.02,2229.01,2239.03,
2024-04-01,2024-25,2024,4,Apr,West Bengal,19,State,2177.95,2640.03,1894.17,581.31,6712.15,7293.46,
2024-05-01,2024-25,2024,5,May,Andaman and Nicobar Islands,35,Union Territory,13.54,17.7,5.28,0.05,36.52,36.57,
2024-05-01,2024-25,2024,5,May,Andhra Pradesh,28,State,980.51,1240.1,1410.08,259.78,3630.69,3890.47,
2024-05-01,2024-25,2024,5,May,Arunachal Pradesh,12,State,36.31,44.52,17.23,0.21,98.06,98.27,
2024-05-01,2024-25,2024,5,May,Assam,18,State,375.64,511.47,281.93,59.42,1169.04,1228.46,
2024-05-01,2024-25,2024,5,May,Bihar,10,State,425.19,694.56,210.87,190.55,1330.62,1521.17,
2024-05-01,2024-25,2024,5,May,Chandigarh,4,Union Territory,41.51,54.22,138.1,3.32,233.83,237.15,
2024-05-01,2024-25,2024,5,May,Chhattisgarh,22,State,556.92,661.49,952.81,681.79,2171.22,2853.01,
2024-05-01,2024-25,2024,5,May,Dadra and Nagar Haveli and Daman and Diu,38,Union Territory,47.05,57.93,269.84,0.3,374.82,375.12,
2024-05-01,2024-25,2024,5,May,Delhi,7,Union Territory,1286.64,1476.93,4630.3,117.64,7393.87,7511.51,
2024-05-01,2024-25,2024,5,May,Goa,30,State,146.32,190.01,178.83,3.99,515.16,519.15,
2024-05-01,2024-25,2024,5,May,Gujarat,24,State,2952.79,3525.91,4158.0,688.0,10636.7,11324.7,
2024-05-01,2024-25,2024,5,May,Haryana,6,State,1518.57,1949.86,5208.96,611.29,8677.39,9288.68,
2024-05-01,2024-25,2024,5,May,Himachal Pradesh,2,State,133.83,187.15,515.62,1.76,836.6,838.36,
2024-05-01,2024-25,2024,5,May,Jammu and Kashmir,1,Union Territory,153.56,224.62,135.48,11.48,513.66,525.14,
2024-05-01,2024-25,2024,5,May,Jharkhand,20,State,536.82,735.31,804.1,623.64,2076.23,2699.87,
2024-05-01,2024-25,2024,5,May,Karnataka,29,State,2828.84,3440.89,4392.13,1227.52,10661.86,11889.38,
2024-05-01,2024-25,2024,5,May,Kerala,32,State,935.92,1208.98,442.69,6.19,2587.59,2593.78,
2024-05-01,2024-25,2024,5,May,Ladakh,37,Union Territory,5.93,7.79,1.77,0.0,15.49,15.49,
2024-05-01,2024-25,2024,5,May,Lakshadweep,31,Union Territory,0.5,0.52,0.25,0.0,1.27,1.27,
2024-05-01,2024-25,2024,5,May,Madhya Pradesh,23,State,801.71,1028.15,905.5,667.13,2735.36,3402.49,
2024-05-01,2024-25,2024,5,May,Maharashtra,27,State,7607.26,8710.97,8462.46,2073.13,24780.69,26853.82,
2024-05-01,2024-25,2024,5,May,Manipur,14,State,19.66,31.59,7.23,0.02,58.48,58.5,
2024-05-01,2024-25,2024,5,May,Meghalaya,17,State,37.59,51.64,79.8,3.05,169.03,172.08,
2024-05-01,2024-25,2024,5,May,Mizoram,15,State,14.85,21.61,2.43,0.11,38.89,39.0,
2024-05-01,2024-25,2024,5,May,Nagaland,13,State,15.71,19.25,6.38,3.35,41.34,44.69,
2024-05-01,2024-25,2024,5,May,Odisha,21,State,1177.83,1415.25,1622.67,811.04,4215.75,5026.79,
2024-05-01,2024-25,2024,5,May,Puducherry,34,Union Territory,28.73,40.65,168.77,0.81,238.15,238.96,
2024-05-01,2024-25,2024,5,May,Punjab,3,State,501.05,724.42,918.32,45.77,2143.79,2189.56,
2024-05-01,2024-25,2024,5,May,Rajasthan,8,State,1198.59,1505.61,1572.9,137.18,4277.1,4414.28,
2024-05-01,2024-25,2024,5,May,Sikkim,11,State,20.94,25.95,264.61,0.33,311.5,311.83,
2024-05-01,2024-25,2024,5,May,Tamil Nadu,33,State,2736.71,3529.8,2762.21,739.13,9028.72,9767.85,
2024-05-01,2024-25,2024,5,May,Telangana,36,State,1266.21,1635.88,1550.39,533.68,4452.48,4986.16,
2024-05-01,2024-25,2024,5,May,Tripura,16,State,28.32,36.03,8.09,0.12,72.44,72.56,
2024-05-01,2024-25,2024,5,May,Uttar Pradesh,9,State,2020.29,2735.6,3056.26,1279.33,7812.15,9091.48,
2024-05-01,2024-25,2024,5,May,Uttarakhand,5,State,322.98,475.89,1025.25,12.62,1824.12,1836.74,
2024-05-01,2024-25,2024,5,May,West Bengal,19,State,1619.58,2029.96,1313.96,413.48,4963.5,5376.98,
2024-06-01,2024-25,2024,6,Jun,Andaman and Nicobar Islands,35,Union Territory,12.05,14.05,4.75,0.09,30.85,30.94,
2024-06-01,2024-25,2024,6,Jun,Andhra Pradesh,28,State,894.95,1150.42,1352.66,252.78,3398.03,3650.81,
2024-06-01,2024-25,2024,6,Jun,Arunachal Pradesh,12,State,38.28,45.32,7.41,0.1,91.01,91.11,
2024-06-01,2024-25,2024,6,Jun,Assam,18,State,408.9,515.93,364.88,158.78,1289.71,1448.49,
2024-06-01,2024-25,2024,6,Jun,Bihar,10,State,416.93,687.97,234.5,185.57,1339.4,1524.97,
2024-06-01,2024-25,2024,6,Jun,Chandigarh,4,Union Territory,44.56,59.64,115.93,3.38,220.13,223.51,
2024-06-01,2024-25,2024,6,Jun,Chhattisgarh,22,State,628.83,730.99,1084.38,733.55,2444.2,3177.75,
2024-06-01,2024-25,2024,6,Jun,Dadra and Nagar Haveli and Daman and Diu,38,Union Territory,60.66,71.05,262.05,0.18,393.76,393.94,
2024-06-01,2024-25,2024,6,Jun,Delhi,7,Union Territory,1060.7,1257.03,2857.88,113.78,5175.61,5289.39,
2024-06-01,2024-25,2024,6,Jun,Goa,30,State,156.84,203.52,181.11,4.64,541.47,546.11,
2024-06-01,2024-25,2024,6,Jun,Gujarat,24,State,3042.47,3701.91,3579.3,778.5,10323.68,11102.18,
2024-06-01,2024-25,2024,6,Jun,Haryana,6,State,1528.78,1936.68,4977.62,595.22,8443.08,9038.3,
2024-06-01,2024-25,2024,6,Jun,Himachal Pradesh,2,State,162.13,219.28,501.16,3.03,882.57,885.6,
2024-06-01,2024-25,2024,6,Jun,Jammu and Kashmir,1,Union Territory,158.62,222.84,158.16,15.44,539.62,555.06,
2024-06-01,2024-25,2024,6,Jun,Jharkhand,20,State,461.28,639.01,1008.46,704.98,2108.75,2813.73,
2024-06-01,2024-25,2024,6,Jun,Karnataka,29,State,2832.65,3501.02,4513.95,1541.36,10847.62,12388.98,
2024-06-01,2024-25,2024,6,Jun,Kerala,32,State,925.4,1181.24,505.18,5.87,2611.82,2617.69,
2024-06-01,2024-25,2024,6,Jun,Ladakh,37,Union Territory,7.41,11.54,3.31,0.67,22.26,22.93,
2024-06-01,2024-25,2024,6,Jun,Lakshadweep,31,Union Territory,0.17,0.49,0.13,0.0,0.79,0.79,
2024-06-01,2024-25,2024,6,Jun,Madhya Pradesh,23,State,842.38,1061.69,996.77,730.27,2900.84,3631.11,
2024-06-01,2024-25,2024,6,Jun,Maharashtra,27,State,7929.96,9213.13,9682.98,2054.79,26826.07,28880.86,
2024-06-01,2024-25,2024,6,Jun,Manipur,14,State,21.1,33.87,7.05,0.07,62.02,62.09,
2024-06-01,2024-25,2024,6,Jun,Meghalaya,17,State,46.24,54.98,78.0,1.25,179.22,180.47,
2024-06-01,2024-25,2024,6,Jun,Mizoram,15,State,14.69,22.78,4.5,0.26,41.97,42.23,
2024-06-01,2024-25,2024,6,Jun,Nagaland,13,State,16.66,20.63,10.14,2.01,47.43,49.44,
2024-06-01,2024-25,2024,6,Jun,Odisha,21,State,1242.25,1458.96,1424.14,861.92,4125.35,4987.27,
2024-06-01,2024-25,2024,6,Jun,Puducherry,34,Union Territory,28.57,42.92,171.01,0.79,242.5,243.29,
2024-06-01,2024-25,2024,6,Jun,Punjab,3,State,500.15,730.67,1022.36,53.0,2253.18,2306.18,
2024-06-01,2024-25,2024,6,Jun,Rajasthan,8,State,1139.88,1458.24,1527.78,128.18,4125.9,4254.08,
2024-06-01,2024-25,2024,6,Jun,Sikkim,11,State,20.68,25.73,271.16,0.02,317.57,317.59,
2024-06-01,2024-25,2024,6,Jun,Tamil Nadu,33,State,2674.76,3572.88,3245.77,724.51,9493.41,10217.92,
2024-06-01,2024-25,2024,6,Jun,Telangana,36,State,1216.61,1567.93,1381.23,550.46,4165.77,4716.23,
2024-06-01,2024-25,2024,6,Jun,Tripura,16,State,27.03,35.62,11.45,0.07,74.1,74.17,
2024-06-01,2024-25,2024,6,Jun,Uttar Pradesh,9,State,2202.47,2906.73,3008.16,1483.76,8117.36,9601.12,
2024-06-01,2024-25,2024,6,Jun,Uttarakhand,5,State,323.15,472.33,897.87,11.7,1693.35,1705.05,
2024-06-01,2024-25,2024,6,Jun,West Bengal,19,State,1526.38,1870.94,1388.06,487.32,4785.38,5272.7,
2024-07-01,2024-25,2024,7,Jul,Andaman and Nicobar Islands,35,Union Territory,15.83,18.79,4.5,0.12,39.12,39.24,
2024-07-01,2024-25,2024,7,Jul,Andhra Pradesh,28,State,839.82,1074.17,1195.83,236.32,3109.82,3346.14,
2024-07-01,2024-25,2024,7,Jul,Arunachal Pradesh,12,State,31.58,36.97,12.16,0.06,80.71,80.77,
2024-07-01,2024-25,2024,7,Jul,Assam,18,State,379.03,463.24,371.76,155.83,1214.03,1369.86,
2024-07-01,2024-25,2024,7,Jul,Bihar,10,State,430.73,739.27,213.12,185.49,1383.12,1568.61,
2024-07-01,2024-25,2024,7,Jul,Chandigarh,4,Union Territory,45.25,62.84,124.37,0.91,232.46,233.37,
2024-07-01,2024-25,2024,7,Jul,Chhattisgarh,22,State,608.76,722.25,1302.66,685.32,2633.67,3318.99,
2024-07-01,2024-25,2024,7,Jul,Dadra and Nagar Haveli and Daman and Diu,38,Union Territory,44.7,59.64,234.43,0.1,338.77,338.87,
2024-07-01,2024-25,2024,7,Jul,Delhi,7,Union Territory,1106.88,1285.16,3457.07,114.87,5849.11,5963.98,
2024-07-01,2024-25,2024,7,Jul,Goa,30,State,167.16,207.32,215.75,2.82,590.23,593.05,
2024-07-01,2024-25,2024,7,Jul,Gujarat,24,State,3064.14,3736.15,3508.88,705.55,10309.17,11014.72,
2024-07-01,2024-25,2024,7,Jul,Haryana,6,State,1363.99,1819.54,5286.48,611.71,8470.01,9081.72,
2024-07-01,2024-25,2024,7,Jul,Himachal Pradesh,2,State,173.13,240.16,438.3,2.9,851.59,854.49,
2024-07-01,2024-25,2024,7,Jul,Jammu and Kashmir,1,Union Territory,186.25,257.4,168.94,16.89,612.59,629.48,
2024-07-01,2024-25,2024,7,Jul,Jharkhand,20,State,558.55,740.79,1166.38,669.18,2465.72,3134.9,
2024-07-01,2024-25,2024,7,Jul,Karnataka,29,State,2871.8,3557.23,4948.18,1647.32,11377.21,13024.53,
2024-07-01,2024-25,2024,7,Jul,Kerala,32,State,896.24,1100.54,491.87,3.98,2488.65,2492.63,
2024-07-01,2024-25,2024,7,Jul,Ladakh,37,Union Territory,14.21,19.21,4.16,0.1,37.58,37.68,
2024-07-01,2024-25,2024,7,Jul,Lakshadweep,31,Union Territory,0.49,0.52,0.16,0.0,1.17,1.17,
2024-07-01,2024-25,2024,7,Jul,Madhya Pradesh,23,State,884.85,1118.93,1020.77,658.46,3024.55,3683.01,
2024-07-01,2024-25,2024,7,Jul,Maharashtra,27,State,7538.29,8629.88,10835.14,1966.59,27003.31,28969.9,
2024-07-01,2024-25,2024,7,Jul,Manipur,14,State,25.85,34.22,7.57,0.02,67.64,67.66,
2024-07-01,2024-25,2024,7,Jul,Meghalaya,17,State,33.72,40.16,65.98,1.66,139.86,141.52,
2024-07-01,2024-25,2024,7,Jul,Mizoram,15,State,13.59,21.07,4.11,0.11,38.77,38.88,
2024-07-01,2024-25,2024,7,Jul,Nagaland,13,State,20.43,25.58,9.89,1.69,55.9,57.59,
2024-07-01,2024-25,2024,7,Jul,Odisha,21,State,1237.69,1482.22,1385.06,820.05,4104.97,4925.02,
2024-07-01,2024-25,2024,7,Jul,Puducherry,34,Union Territory,28.73,42.17,153.15,0.59,224.05,224.64,
2024-07-01,2024-25,2024,7,Jul,Punjab,3,State,541.75,753.19,726.03,48.11,2020.97,2069.08,
2024-07-01,2024-25,2024,7,Jul,Rajasthan,8,State,1119.78,1436.33,1665.18,147.48,4221.29,4368.77,
2024-07-01,2024-25,2024,7,Jul,Sikkim,11,State,19.33,25.4,280.16,0.11,324.89,325.0,
2024-07-01,2024-25,2024,7,Jul,Tamil Nadu,33,State,2753.61,3637.41,3265.9,832.89,9656.92,10489.81,
2024-07-01,2024-25,2024,7,Jul,Telangana,36,State,1290.9,1625.38,1484.03,539.43,4400.31,4939.74,
2024-07-01,2024-25,2024,7,Jul,Tripura,16,State,25.96,34.71,11.21,0.08,71.88,71.96,
2024-07-01,2024-25,2024,7,Jul,Uttar Pradesh,9,State,2139.65,2811.37,2782.45,1391.55,7733.47,9125.02,
2024-07-01,2024-25,2024,7,Jul,Uttarakhand,5,State,342.54,490.49,854.05,12.62,1687.08,1699.7,
2024-07-01,2024-25,2024,7,Jul,West Bengal,19,State,1558.83,1925.17,1310.12,462.46,4794.12,5256.58,
2024-08-01,2024-25,2024,8,Aug,Andaman and Nicobar Islands,35,Union Territory,9.6,13.27,4.4,0.04,27.27,27.31,
2024-08-01,2024-25,2024,8,Aug,Andhra Pradesh,28,State,827.59,1061.17,1195.7,213.62,3084.46,3298.08,
2024-08-01,2024-25,2024,8,Aug,Arunachal Pradesh,12,State,26.63,34.85,11.92,0.4,73.4,73.8,
2024-08-01,2024-25,2024,8,Aug,Assam,18,State,388.73,483.02,372.99,108.66,1244.74,1353.4,
2024-08-01,2024-25,2024,8,Aug,Bihar,10,State,426.54,695.26,220.04,149.58,1341.84,1491.42,
2024-08-01,2024-25,2024,8,Aug,Chandigarh,4,Union Territory,49.85,63.85,128.7,1.37,242.4,243.77,
2024-08-01,2024-25,2024,8,Aug,Chhattisgarh,22,State,533.2,630.06,872.39,575.15,2035.65,2610.8,
2024-08-01,2024-25,2024,8,Aug,Dadra and Nagar Haveli and Daman and Diu,38,Union Territory,40.23,53.28,226.66,0.14,320.17,320.31,
2024-08-01,2024-25,2024,8,Aug,Delhi,7,Union Territory,1107.0,1296.18,3118.28,113.06,5521.46,5634.52,
2024-08-01,2024-25,2024,8,Aug,Goa,30,State,147.51,184.06,196.81,2.32,528.38,530.7,
2024-08-01,2024-25,2024,8,Aug,Gujarat,24,State,2834.73,3423.52,3388.83,696.44,9647.08,10343.52,
2024-08-01,2024-25,2024,8,Aug,Haryana,6,State,1400.61,1785.59,4770.31,666.48,7956.51,8622.99,
2024-08-01,2024-25,2024,8,Aug,Himachal Pradesh,2,State,159.25,223.24,442.59,2.12,825.08,827.2,
2024-08-01,2024-25,2024,8,Aug,Jammu and Kashmir,1,Union Territory,150.76,221.31,182.59,14.32,554.66,568.98,
2024-08-01,2024-25,2024,8,Aug,Jharkhand,20,State,527.17,669.26,983.3,670.32,2179.73,2850.05,
2024-08-01,2024-25,2024,8,Aug,Karnataka,29,State,2797.93,3416.5,4675.69,1454.02,10890.12,12344.14,
2024-08-01,2024-25,2024,8,Aug,Kerala,32,State,892.9,1086.78,525.6,6.05,2505.28,2511.33,
2024-08-01,2024-25,2024,8,Aug,Ladakh,37,Union Territory,12.49,15.35,4.83,0.25,32.67,32.92,
2024-08-01,2024-25,2024,8,Aug,Lakshadweep,31,Union Territory,0.4,0.75,0.76,0.0,1.91,1.91,
2024-08-01,2024-25,2024,8,Aug,Madhya Pradesh,23,State,862.49,1054.45,890.19,630.96,2807.13,3438.09,
2024-08-01,2024-25,2024,8,Aug,Maharashtra,27,State,7111.78,8304.66,8938.46,2011.74,24354.9,26366.64,
2024-08-01,2024-25,2024,8,Aug,Manipur,14,State,18.36,29.04,8.12,0.03,55.52,55.55,
2024-08-01,2024-25,2024,8,Aug,Meghalaya,17,State,41.27,45.9,67.87,0.11,155.04,155.15,
2024-08-01,2024-25,2024,8,Aug,Mizoram,15,State,10.12,13.57,3.75,0.22,27.44,27.66,
2024-08-01,2024-25,2024,8,Aug,Nagaland,13,State,14.76,19.02,7.48,1.04,41.26,42.3,
2024-08-01,2024-25,2024,8,Aug,Odisha,21,State,1181.13,1378.12,1515.41,803.7,4074.66,4878.36,
2024-08-01,2024-25,2024,8,Aug,Puducherry,34,Union Territory,28.32,45.0,159.93,0.46,233.25,233.71,
2024-08-01,2024-25,2024,8,Aug,Punjab,3,State,484.67,682.67,731.98,36.94,1899.32,1936.26,
2024-08-01,2024-25,2024,8,Aug,Rajasthan,8,State,990.13,1279.8,1429.13,121.31,3699.06,3820.37,
2024-08-01,2024-25,2024,8,Aug,Sikkim,11,State,14.2,18.46,292.98,0.11,325.64,325.75,
2024-08-01,2024-25,2024,8,Aug,Tamil Nadu,33,State,2719.72,3728.47,3030.31,702.25,9478.5,10180.75,
2024-08-01,2024-25,2024,8,Aug,Telangana,36,State,1238.62,1544.62,1365.9,419.45,4149.14,4568.59,
2024-08-01,2024-25,2024,8,Aug,Tripura,16,State,33.37,41.3,10.48,0.02,85.15,85.17,
2024-08-01,2024-25,2024,8,Aug,Uttar Pradesh,9,State,1969.36,2571.77,2424.51,1303.83,6965.64,8269.47,
2024-08-01,2024-25,2024,8,Aug,Uttarakhand,5,State,291.65,432.22,617.77,9.09,1341.64,1350.73,
2024-08-01,2024-25,2024,8,Aug,West Bengal,19,State,1503.35,1846.55,1323.32,404.05,4673.22,5077.27,
2024-09-01,2024-25,2024,9,Sep,Andaman and Nicobar Islands,35,Union Territory,10.75,14.18,3.66,0.08,28.59,28.67,
2024-09-01,2024-25,2024,9,Sep,Andhra Pradesh,28,State,857.21,1094.17,1302.33,252.75,3253.71,3506.46,
2024-09-01,2024-25,2024,9,Sep,Arunachal Pradesh,12,State,34.89,41.91,15.14,0.08,91.94,92.02,
2024-09-01,2024-25,2024,9,Sep,Assam,18,State,380.28,471.66,365.79,69.04,1217.73,1286.77,
2024-09-01,2024-25,2024,9,Sep,Bihar,10,State,417.22,659.53,244.41,175.62,1321.16,1496.78,
2024-09-01,2024-25,2024,9,Sep,Chandigarh,4,Union Territory,41.16,53.42,99.8,2.32,194.38,196.7,
2024-09-01,2024-25,2024,9,Sep,Chhattisgarh,22,State,515.49,625.21,994.98,469.41,2135.68,2605.09,
2024-09-01,2024-25,2024,9,Sep,Dadra and Nagar Haveli and Daman and Diu,38,Union Territory,44.14,55.44,205.57,0.08,305.15,305.23,
2024-09-01,2024-25,2024,9,Sep,Delhi,7,Union Territory,1165.7,1334.27,3217.56,120.86,5717.53,5838.39,
2024-09-01,2024-25,2024,9,Sep,Goa,30,State,150.13,191.29,174.43,3.32,515.85,519.17,
2024-09-01,2024-25,2024,9,Sep,Gujarat,24,State,2776.9,3331.26,3469.78,574.91,9577.94,10152.85,
2024-09-01,2024-25,2024,9,Sep,Haryana,6,State,1438.42,1852.35,5972.72,693.87,9263.49,9957.36,
2024-09-01,2024-25,2024,9,Sep,Himachal Pradesh,2,State,138.45,193.55,522.38,1.9,854.38,856.28,
2024-09-01,2024-25,2024,9,Sep,Jammu and Kashmir,1,Union Territory,169.87,236.18,182.7,10.11,588.75,598.86,
2024-09-01,2024-25,2024,9,Sep,Jharkhand,20,State,492.48,636.89,942.48,580.83,2071.85,2652.68,
2024-09-01,2024-25,2024,9,Sep,Karnataka,29,State,2874.2,3556.86,4652.52,1558.12,11083.58,12641.7,
2024-09-01,2024-25,2024,9,Sep,Kerala,32,State,944.2,1219.98,506.41,4.45,2670.59,2675.04,
2024-09-01,2024-25,2024,9,Sep,Ladakh,37,Union Territory,17.81,21.46,4.25,0.02,43.52,43.54,
2024-09-01,2024-25,2024,9,Sep,Lakshadweep,31,Union Territory,0.52,0.6,0.26,0.0,1.38,1.38,
2024-09-01,2024-25,2024,9,Sep,Madhya Pradesh,23,State,761.19,929.17,866.26,537.88,2556.62,3094.5,
2024-09-01,2024-25,2024,9,Sep,Maharashtra,27,State,7535.79,8627.97,8214.0,1990.85,24377.76,26368.61,
2024-09-01,2024-25,2024,9,Sep,Manipur,14,State,11.62,17.5,8.69,0.01,37.81,37.82,
2024-09-01,2024-25,2024,9,Sep,Meghalaya,17,State,35.93,42.96,73.63,0.36,152.52,152.88,
2024-09-01,2024-25,2024,9,Sep,Mizoram,15,State,9.13,12.01,4.99,0.02,26.13,26.15,
2024-09-01,2024-25,2024,9,Sep,Nagaland,13,State,15.95,20.28,11.37,0.91,47.6,48.51,
2024-09-01,2024-25,2024,9,Sep,Odisha,21,State,1054.15,1272.75,1449.38,819.89,3776.28,4596.17,
2024-09-01,2024-25,2024,9,Sep,Puducherry,34,Union Territory,28.26,44.92,151.19,0.98,224.37,225.35,
2024-09-01,2024-25,2024,9,Sep,Punjab,3,State,483.72,680.05,734.11,35.36,1897.88,1933.24,
2024-09-01,2024-25,2024,9,Sep,Rajasthan,8,State,1042.84,1343.79,1419.14,123.22,3805.77,3928.99,
2024-09-01,2024-25,2024,9,Sep,Sikkim,11,State,18.45,22.24,283.01,0.03,323.7,323.73,
2024-09-01,2024-25,2024,9,Sep,Tamil Nadu,33,State,2840.13,3932.74,3382.94,867.76,10155.81,11023.57,
2024-09-01,2024-25,2024,9,Sep,Telangana,36,State,1364.87,1961.32,1398.39,542.12,4724.58,5266.7,
2024-09-01,2024-25,2024,9,Sep,Tripura,16,State,26.5,33.69,18.16,0.38,78.35,78.73,
2024-09-01,2024-25,2024,9,Sep,Uttar Pradesh,9,State,1944.85,2527.96,2392.89,1191.12,6865.7,8056.82,
2024-09-01,2024-25,2024,9,Sep,Uttarakhand,5,State,273.5,399.73,900.05,8.48,1573.28,1581.76,
2024-09-01,2024-25,2024,9,Sep,West Bengal,19,State,1489.75,1805.89,1449.56,421.51,4745.2,5166.71,
2024-10-01,2024-25,2024,10,Oct,Andaman and Nicobar Islands,35,Union Territory,10.03,13.67,4.06,0.05,27.76,27.81,
2024-10-01,2024-25,2024,10,Oct,Andhra Pradesh,28,State,909.24,1174.46,1489.98,241.36,3573.68,3815.04,
2024-10-01,2024-25,2024,10,Oct,Arunachal Pradesh,12,State,21.08,25.95,11.25,0.06,58.28,58.34,
2024-10-01,2024-25,2024,10,Oct,Assam,18,State,408.39,522.35,412.2,134.62,1342.94,1477.56,
2024-10-01,2024-25,2024,10,Oct,Bihar,10,State,445.54,725.19,256.4,177.2,1427.13,1604.33,
2024-10-01,2024-25,2024,10,Oct,Chandigarh,4,Union Territory,46.33,59.18,136.66,1.2,242.17,243.37,
2024-10-01,2024-25,2024,10,Oct,Chhattisgarh,22,State,549.71,663.72,936.49,506.49,2149.92,2656.41,
2024-10-01,2024-25,2024,10,Oct,Dadra and Nagar Haveli and Daman and Diu,38,Union Territory,46.52,61.09,260.95,0.19,368.56,368.75,
2024-10-01,2024-25,2024,10,Oct,Delhi,7,Union Territory,1521.51,1738.92,5278.16,121.03,8538.59,8659.62,
2024-10-01,2024-25,2024,10,Oct,Goa,30,State,154.61,191.97,208.37,3.88,554.95,558.83,
2024-10-01,2024-25,2024,10,Oct,Gujarat,24,State,3138.21,3641.89,3913.53,713.0,10693.63,11406.63,
2024-10-01,2024-25,2024,10,Oct,Haryana,6,State,1536.29,1956.07,5864.27,688.19,9356.63,10044.82,
2024-10-01,2024-25,2024,10,Oct,Himachal Pradesh,2,State,160.52,230.58,473.91,1.9,865.01,866.91,
2024-10-01,2024-25,2024,10,Oct,Jammu and Kashmir,1,Union Territory,166.66,240.77,192.74,7.67,600.17,607.84,
2024-10-01,2024-25,2024,10,Oct,Jharkhand,20,State,553.94,718.96,1114.31,586.83,2387.21,2974.04,
2024-10-01,2024-25,2024,10,Oct,Karnataka,29,State,2922.4,3634.38,5073.53,1451.12,11630.31,13081.43,
2024-10-01,2024-25,2024,10,Oct,Kerala,32,State,993.26,1275.31,624.08,3.34,2892.65,2895.99,
2024-10-01,2024-25,2024,10,Oct,Ladakh,37,Union Territory,20.79,30.77,4.61,0.18,56.17,56.35,
2024-10-01,2024-25,2024,10,Oct,Lakshadweep,31,Union Territory,0.29,0.84,0.16,0.0,1.29,1.29,
2024-10-01,2024-25,2024,10,Oct,Madhya Pradesh,23,State,873.82,1108.48,1052.93,613.72,3035.23,3648.95,
2024-10-01,2024-25,2024,10,Oct,Maharashtra,27,State,8048.03,9107.5,11664.76,2209.76,28820.29,31030.05,
2024-10-01,2024-25,2024,10,Oct,Manipur,14,State,26.84,32.75,6.99,0.02,66.58,66.6,
2024-10-01,2024-25,2024,10,Oct,Meghalaya,17,State,40.81,51.68,71.21,0.06,163.7,163.76,
2024-10-01,2024-25,2024,10,Oct,Mizoram,15,State,18.08,20.03,3.28,0.03,41.39,41.42,
2024-10-01,2024-25,2024,10,Oct,Nagaland,13,State,15.8,19.45,8.47,1.61,43.72,45.33,
2024-10-01,2024-25,2024,10,Oct,Odisha,21,State,1043.07,1288.1,1431.23,829.58,3762.4,4591.98,
2024-10-01,2024-25,2024,10,Oct,Puducherry,34,Union Territory,29.4,46.53,175.18,0.59,251.11,251.7,
2024-10-01,2024-25,2024,10,Oct,Punjab,3,State,524.17,772.5,878.57,36.03,2175.24,2211.27,
2024-10-01,2024-25,2024,10,Oct,Rajasthan,8,State,1175.25,1504.72,1585.8,203.04,4265.77,4468.81,
2024-10-01,2024-25,2024,10,Oct,Sikkim,11,State,23.52,30.22,279.05,0.07,332.79,332.86,
2024-10-01,2024-25,2024,10,Oct,Tamil Nadu,33,State,2754.58,3891.47,3671.48,870.26,10317.53,11187.79,
2024-10-01,2024-25,2024,10,Oct,Telangana,36,State,1483.27,1690.98,1568.87,467.54,4743.12,5210.66,
2024-10-01,2024-25,2024,10,Oct,Tripura,16,State,42.83,50.36,10.46,1.34,103.65,104.99,
2024-10-01,2024-25,2024,10,Oct,Uttar Pradesh,9,State,2136.61,2834.2,3257.72,1373.48,8228.53,9602.01,
2024-10-01,2024-25,2024,10,Oct,Uttarakhand,5,State,343.01,485.96,995.35,9.42,1824.32,1833.74,
2024-10-01,2024-25,2024,10,Oct,West Bengal,19,State,1624.13,2009.07,1530.67,432.96,5163.87,5596.83,
2024-11-01,2024-25,2024,11,Nov,Andaman and Nicobar Islands,35,Union Territory,11.55,16.57,3.86,0.09,31.98,32.07,
2024-11-01,2024-25,2024,11,Nov,Andhra Pradesh,28,State,879.67,1197.47,1346.1,276.18,3423.24,3699.42,
2024-11-01,2024-25,2024,11,Nov,Arunachal Pradesh,12,State,24.33,30.88,15.54,0.15,70.75,70.9,
2024-11-01,2024-25,2024,11,Nov,Assam,18,State,392.05,503.43,358.61,103.51,1254.09,1357.6,
2024-11-01,2024-25,2024,11,Nov,Bihar,10,State,417.05,760.37,214.44,168.65,1391.86,1560.51,
2024-11-01,2024-25,2024,11,Nov,Chandigarh,4,Union Territory,52.26,73.14,121.26,6.12,246.66,252.78,
2024-11-01,2024-25,2024,11,Nov,Chhattisgarh,22,State,590.42,728.8,969.39,607.97,2288.61,2896.58,
2024-11-01,2024-25,2024,11,Nov,Dadra and Nagar Haveli and Daman and Diu,38,Union Territory,48.04,63.4,236.22,0.49,347.66,348.15,
2024-11-01,2024-25,2024,11,Nov,Delhi,7,Union Territory,1187.31,1432.1,3565.01,126.26,6184.42,6310.68,
2024-11-01,2024-25,2024,11,Nov,Goa,30,State,163.14,207.59,185.6,4.11,556.33,560.44,
2024-11-01,2024-25,2024,11,Nov,Gujarat,24,State,3362.76,4101.31,3894.44,833.62,11358.51,12192.13,
2024-11-01,2024-25,2024,11,Nov,Haryana,6,State,1512.02,1995.5,5592.06,800.65,9099.58,9900.23,
2024-11-01,2024-25,2024,11,Nov,Himachal Pradesh,2,State,166.47,244.83,463.05,3.17,874.35,877.52,
2024-11-01,2024-25,2024,11,Nov,Jammu and Kashmir,1,Union Territory,169.06,247.16,164.26,5.82,580.48,586.3,
2024-11-01,2024-25,2024,11,Nov,Jharkhand,20,State,547.05,701.59,1078.69,623.12,2327.33,2950.45,
2024-11-01,2024-25,2024,11,Nov,Karnataka,29,State,2992.9,3692.27,5524.34,1512.66,12209.51,13722.17,
2024-11-01,2024-25,2024,11,Nov,Kerala,32,State,960.1,1213.76,583.45,5.98,2757.31,2763.29,
2024-11-01,2024-25,2024,11,Nov,Ladakh,37,Union Territory,25.48,34.11,6.76,0.38,66.35,66.73,
2024-11-01,2024-25,2024,11,Nov,Lakshadweep,31,Union Territory,2.32,2.39,0.29,0.0,5.0,5.0,
2024-11-01,2024-25,2024,11,Nov,Madhya Pradesh,23,State,984.31,1222.16,916.51,688.97,3122.98,3811.95,
2024-11-01,2024-25,2024,11,Nov,Maharashtra,27,State,8313.71,9617.3,9602.31,2414.82,27533.32,29948.14,
2024-11-01,2024-25,2024,11,Nov,Manipur,14,State,13.3,17.64,7.24,0.04,38.18,38.22,
2024-11-01,2024-25,2024,11,Nov,Meghalaya,17,State,37.44,44.21,61.93,0.1,143.58,143.68,
2024-11-01,2024-25,2024,11,Nov,Mizoram,15,State,13.64,18.49,5.73,0.02,37.86,37.88,
2024-11-01,2024-25,2024,11,Nov,Nagaland,13,State,18.91,21.38,10.04,1.52,50.33,51.85,
2024-11-01,2024-25,2024,11,Nov,Odisha,21,State,1094.2,1345.42,1353.73,910.9,3793.35,4704.25,
2024-11-01,2024-25,2024,11,Nov,Puducherry,34,Union Territory,29.45,46.53,152.65,0.44,228.63,229.07,
2024-11-01,2024-25,2024,11,Nov,Punjab,3,State,539.51,787.29,964.82,35.56,2291.62,2327.18,
2024-11-01,2024-25,2024,11,Nov,Rajasthan,8,State,1219.69,1599.86,1592.32,210.36,4411.87,4622.23,
2024-11-01,2024-25,2024,11,Nov,Sikkim,11,State,37.51,47.22,270.71,0.07,355.44,355.51,
2024-11-01,2024-25,2024,11,Nov,Tamil Nadu,33,State,2941.23,3923.18,3462.05,769.35,10326.46,11095.81,
2024-11-01,2024-25,2024,11,Nov,Telangana,36,State,1373.93,1769.45,1521.15,476.65,4664.53,5141.18,
2024-11-01,2024-25,2024,11,Nov,Tripura,16,State,30.43,40.0,27.87,0.03,98.3,98.33,
2024-11-01,2024-25,2024,11,Nov,Uttar Pradesh,9,State,2072.73,2867.65,3056.22,1435.24,7996.6,9431.84,
2024-11-01,2024-25,2024,11,Nov,Uttarakhand,5,State,337.15,521.67,951.34,13.44,1810.16,1823.6,
2024-11-01,2024-25,2024,11,Nov,West Bengal,19,State,1568.77,1897.28,1378.52,361.19,4844.57,5205.76,
2024-12-01,2024-25,2024,12,Dec,Andaman and Nicobar Islands,35,Union Territory,18.0,23.8,6.36,0.46,48.16,48.62,
2024-12-01,2024-25,2024,12,Dec,Andhra Pradesh,28,State,849.12,1076.0,1181.9,208.04,3107.02,3315.06,
2024-12-01,2024-25,2024,12,Dec,Arunachal Pradesh,12,State,25.91,31.83,12.46,0.22,70.2,70.42,
2024-12-01,2024-25,2024,12,Dec,Assam,18,State,396.2,505.45,377.11,94.87,1278.76,1373.63,
2024-12-01,2024-25,2024,12,Dec,Bihar,10,State,407.54,768.34,193.66,151.43,1369.54,1520.97,
2024-12-01,2024-25,2024,12,Dec,Chandigarh,4,Union Territory,49.32,65.6,103.17,6.06,218.09,224.15,
2024-12-01,2024-25,2024,12,Dec,Chhattisgarh,22,State,580.11,696.58,1029.38,575.98,2306.07,2882.05,
2024-12-01,2024-25,2024,12,Dec,Dadra and Nagar Haveli and Daman and Diu,38,Union Territory,45.51,55.35,229.98,1.5,330.84,332.34,
2024-12-01,2024-25,2024,12,Dec,Delhi,7,Union Territory,1158.23,1352.77,2989.91,92.36,5500.91,5593.27,
2024-12-01,2024-25,2024,12,Dec,Goa,30,State,177.55,219.41,178.07,3.28,575.03,578.31,
2024-12-01,2024-25,2024,12,Dec,Gujarat,24,State,2785.75,3328.49,3501.67,663.45,9615.91,10279.36,
2024-12-01,2024-25,2024,12,Dec,Haryana,6,State,1469.32,1810.99,6495.48,627.6,9775.79,10403.39,
2024-12-01,2024-25,2024,12,Dec,Himachal Pradesh,2,State,145.33,200.51,468.0,1.78,813.84,815.62,
2024-12-01,2024-25,2024,12,Dec,Jammu and Kashmir,1,Union Territory,153.42,221.49,167.62,4.31,542.53,546.84,
2024-12-01,2024-25,2024,12,Dec,Jharkhand,20,State,548.53,704.9,1074.63,653.36,2328.06,2981.42,
2024-12-01,2024-25,2024,12,Dec,Karnataka,29,State,2947.4,3651.44,4551.23,1376.17,11150.07,12526.24,
2024-12-01,2024-25,2024,12,Dec,Kerala,32,State,928.58,1183.93,455.94,6.6,2568.45,2575.05,
2024-12-01,2024-25,2024,12,Dec,Ladakh,37,Union Territory,25.66,32.85,6.16,0.21,64.67,64.88,
2024-12-01,2024-25,2024,12,Dec,Lakshadweep,31,Union Territory,0.3,0.35,1.09,0.0,1.74,1.74,
2024-12-01,2024-25,2024,12,Dec,Madhya Pradesh,23,State,858.78,1064.53,843.67,693.2,2766.98,3460.18,
2024-12-01,2024-25,2024,12,Dec,Maharashtra,27,State,8342.31,9465.08,9386.69,2066.34,27194.08,29260.42,
2024-12-01,2024-25,2024,12,Dec,Manipur,14,State,14.9,21.28,9.55,0.12,45.73,45.85,
2024-12-01,2024-25,2024,12,Dec,Meghalaya,17,State,30.47,36.63,79.14,3.98,146.24,150.22,
2024-12-01,2024-25,2024,12,Dec,Mizoram,15,State,10.95,13.55,3.74,0.03,28.24,28.27,
2024-12-01,2024-25,2024,12,Dec,Nagaland,13,State,17.36,21.51,9.55,2.42,48.42,50.84,
2024-12-01,2024-25,2024,12,Dec,Odisha,21,State,1136.38,1354.02,1488.43,862.44,3978.83,4841.27,
2024-12-01,2024-25,2024,12,Dec,Puducherry,34,Union Territory,29.54,44.22,151.72,2.49,225.48,227.97,
2024-12-01,2024-25,2024,12,Dec,Punjab,3,State,537.38,728.01,1001.9,26.32,2267.29,2293.61,
2024-12-01,2024-25,2024,12,Dec,Rajasthan,8,State,1134.1,1419.19,1418.32,174.87,3971.61,4146.48,
2024-12-01,2024-25,2024,12,Dec,Sikkim,11,State,29.21,37.79,262.37,0.12,329.37,329.49,
2024-12-01,2024-25,2024,12,Dec,Tamil Nadu,33,State,2797.99,3707.16,3653.33,797.52,10158.48,10956.0,
2024-12-01,2024-25,2024,12,Dec,Telangana,36,State,1442.23,1816.51,1422.47,542.42,4681.21,5223.63,
2024-12-01,2024-25,2024,12,Dec,Tripura,16,State,32.48,39.84,10.63,0.11,82.95,83.06,
2024-12-01,2024-25,2024,12,Dec,Uttar Pradesh,9,State,1881.8,2535.19,2340.5,1359.5,6757.49,8116.99,
2024-12-01,2024-25,2024,12,Dec,Uttarakhand,5,State,295.68,439.24,803.69,8.78,1538.61,1547.39,
2024-12-01,2024-25,2024,12,Dec,West Bengal,19,State,1518.15,1809.4,1399.52,462.46,4727.07,5189.53,
2025-01-01,2024-25,2025,1,Jan,Andaman and Nicobar Islands,35,Union Territory,17.72,21.57,4.13,0.06,43.42,43.48,
2025-01-01,2024-25,2025,1,Jan,Andhra Pradesh,28,State,919.18,1184.57,1378.31,121.45,3482.06,3603.51,
2025-01-01,2024-25,2025,1,Jan,Arunachal Pradesh,12,State,34.53,41.2,12.84,0.17,88.57,88.74,
2025-01-01,2024-25,2025,1,Jan,Assam,18,State,424.57,562.75,372.59,106.11,1359.91,1466.02,
2025-01-01,2024-25,2025,1,Jan,Bihar,10,State,422.33,866.25,229.57,166.21,1518.15,1684.36,
2025-01-01,2024-25,2025,1,Jan,Chandigarh,4,Union Territory,58.0,81.86,122.62,8.56,262.48,271.04,
2025-01-01,2024-25,2025,1,Jan,Chhattisgarh,22,State,638.09,767.2,1022.82,681.2,2428.11,3109.31,
2025-01-01,2024-25,2025,1,Jan,Dadra and Nagar Haveli and Daman and Diu,38,Union Territory,50.57,61.13,296.56,0.25,408.26,408.51,
2025-01-01,2024-25,2025,1,Jan,Delhi,7,Union Territory,1299.71,1592.39,3204.09,119.59,6096.19,6215.78,
2025-01-01,2024-25,2025,1,Jan,Goa,30,State,214.98,275.19,199.54,5.11,689.71,694.82,
2025-01-01,2024-25,2025,1,Jan,Gujarat,24,State,3369.03,4025.16,3918.66,822.25,11312.85,12135.1,
2025-01-01,2024-25,2025,1,Jan,Haryana,6,State,1596.53,2074.47,5899.77,713.05,9570.77,10283.82,
2025-01-01,2024-25,2025,1,Jan,Himachal Pradesh,2,State,162.25,225.02,426.92,2.47,814.19,816.66,
2025-01-01,2024-25,2025,1,Jan,Jammu and Kashmir,1,Union Territory,199.36,290.75,153.1,6.63,643.21,649.84,
2025-01-01,2024-25,2025,1,Jan,Jharkhand,20,State,590.87,752.58,1287.35,696.43,2630.8,3327.23,
2025-01-01,2024-25,2025,1,Jan,Karnataka,29,State,3328.73,4063.13,5521.01,1439.7,12912.87,14352.57,
2025-01-01,2024-25,2025,1,Jan,Kerala,32,State,1066.85,1380.49,522.98,18.42,2970.32,2988.74,
2025-01-01,2024-25,2025,1,Jan,Ladakh,37,Union Territory,25.3,35.15,7.63,0.18,68.08,68.26,
2025-01-01,2024-25,2025,1,Jan,Lakshadweep,31,Union Territory,0.47,0.62,0.26,0.0,1.35,1.35,
2025-01-01,2024-25,2025,1,Jan,Madhya Pradesh,23,State,982.19,1220.06,1020.6,687.83,3222.85,3910.68,
2025-01-01,2024-25,2025,1,Jan,Maharashtra,27,State,8584.78,9755.47,11639.01,2356.1,29979.26,32335.36,
2025-01-01,2024-25,2025,1,Jan,Manipur,14,State,18.54,25.46,11.44,0.14,55.44,55.58,
2025-01-01,2024-25,2025,1,Jan,Meghalaya,17,State,48.59,62.87,103.09,1.56,214.55,216.11,
2025-01-01,2024-25,2025,1,Jan,Mizoram,15,State,12.22,16.54,5.86,0.03,34.62,34.65,
2025-01-01,2024-25,2025,1,Jan,Nagaland,13,State,22.52,27.58,12.37,2.15,62.47,64.62,
2025-01-01,2024-25,2025,1,Jan,Odisha,21,State,1206.24,1478.56,1687.73,948.66,4372.53,5321.19,
2025-01-01,2024-25,2025,1,Jan,Puducherry,34,Union Territory,31.02,51.8,156.56,2.47,239.38,241.85,
2025-01-01,2024-25,2025,1,Jan,Punjab,3,State,592.86,820.49,914.75,34.55,2328.1,2362.65,
2025-01-01,2024-25,2025,1,Jan,Rajasthan,8,State,1313.28,1631.59,1777.7,195.02,4722.57,4917.59,
2025-01-01,2024-25,2025,1,Jan,Sikkim,11,State,27.16,36.58,292.89,0.13,356.63,356.76,
2025-01-01,2024-25,2025,1,Jan,Tamil Nadu,33,State,2873.93,3832.43,4018.62,771.31,10724.98,11496.29,
2025-01-01,2024-25,2025,1,Jan,Telangana,36,State,1613.75,2047.4,1754.28,601.35,5415.43,6016.78,
2025-01-01,2024-25,2025,1,Jan,Tripura,16,State,38.09,50.51,11.8,0.48,100.4,100.88,
2025-01-01,2024-25,2025,1,Jan,Uttar Pradesh,9,State,2221.64,2995.11,2792.88,1505.94,8009.63,9515.57,
2025-01-01,2024-25,2025,1,Jan,Uttarakhand,5,State,343.2,493.63,807.55,10.21,1644.38,1654.59,
2025-01-01,2024-25,2025,1,Jan,West Bengal,19,State,1709.45,2074.13,1591.92,457.15,5375.5,5832.65,
2025-02-01,2024-25,2025,2,Feb,Andaman and Nicobar Islands,35,Union Territory,18.42,22.74,10.3,0.23,51.46,51.69,
2025-02-01,2024-25,2025,2,Feb,Andhra Pradesh,28,State,967.45,1214.86,1387.05,247.39,3569.36,3816.75,
2025-02-01,2024-25,2025,2,Feb,Arunachal Pradesh,12,State,39.28,49.39,12.78,0.67,101.45,102.12,
2025-02-01,2024-25,2025,2,Feb,Assam,18,State,432.61,564.63,334.02,119.68,1331.26,1450.94,
2025-02-01,2024-25,2025,2,Feb,Bihar,10,State,398.73,802.67,256.37,186.55,1457.77,1644.32,
2025-02-01,2024-25,2025,2,Feb,Chandigarh,4,Union Territory,47.59,60.66,122.2,5.25,230.45,235.7,
2025-02-01,2024-25,2025,2,Feb,Chhattisgarh,22,State,715.94,884.35,1054.26,696.81,2654.55,3351.36,
2025-02-01,2024-25,2025,2,Feb,Dadra and Nagar Haveli and Daman and Diu,38,Union Territory,47.5,63.48,274.56,0.08,385.54,385.62,
2025-02-01,2024-25,2025,2,Feb,Delhi,7,Union Territory,1233.81,1454.51,3285.79,100.19,5974.11,6074.3,
2025-02-01,2024-25,2025,2,Feb,Goa,30,State,184.79,227.54,183.9,4.31,596.23,600.54,
2025-02-01,2024-25,2025,2,Feb,Gujarat,24,State,3334.34,3941.0,3400.91,725.37,10676.25,11401.62,
2025-02-01,2024-25,2025,2,Feb,Haryana,6,State,1508.54,1921.14,5833.46,662.1,9263.14,9925.24,
2025-02-01,2024-25,2025,2,Feb,Himachal Pradesh,2,State,156.7,217.23,490.77,4.11,864.7,868.81,
2025-02-01,2024-25,2025,2,Feb,Jammu and Kashmir,1,Union Territory,143.48,209.81,161.95,7.29,515.24,522.53,
2025-02-01,2024-25,2025,2,Feb,Jharkhand,20,State,598.2,787.04,1237.96,695.72,2623.2,3318.92,
2025-02-01,2024-25,2025,2,Feb,Karnataka,29,State,3259.05,3907.15,5236.56,1714.31,12402.76,14117.07,
2025-02-01,2024-25,2025,2,Feb,Kerala,32,State,1023.01,1312.42,545.98,12.43,2881.41,2893.84,
2025-02-01,2024-25,2025,2,Feb,Ladakh,37,Union Territory,6.96,9.69,2.11,0.05,18.76,18.81,
2025-02-01,2024-25,2025,2,Feb,Lakshadweep,31,Union Territory,0.36,0.39,0.11,0.0,0.86,0.86,
2025-02-01,2024-25,2025,2,Feb,Madhya Pradesh,23,State,1088.53,1286.62,999.42,715.24,3374.57,4089.81,
2025-02-01,2024-25,2025,2,Feb,Maharashtra,27,State,8396.01,9682.19,10195.24,2363.13,28273.44,30636.57,
2025-02-01,2024-25,2025,2,Feb,Manipur,14,State,17.37,24.0,8.96,0.06,50.33,50.39,
2025-02-01,2024-25,2025,2,Feb,Meghalaya,17,State,42.48,53.89,117.54,0.4,213.91,214.31,
2025-02-01,2024-25,2025,2,Feb,Mizoram,15,State,15.22,22.0,4.4,0.02,41.62,41.64,
2025-02-01,2024-25,2025,2,Feb,Nagaland,13,State,19.44,24.85,10.25,1.38,54.54,55.92,
2025-02-01,2024-25,2025,2,Feb,Odisha,21,State,1221.66,1513.44,1688.63,920.75,4423.73,5344.48,
2025-02-01,2024-25,2025,2,Feb,Puducherry,34,Union Territory,31.84,45.83,172.38,0.58,250.05,250.63,
2025-02-01,2024-25,2025,2,Feb,Punjab,3,State,534.53,762.61,798.13,29.63,2095.27,2124.9,
2025-02-01,2024-25,2025,2,Feb,Rajasthan,8,State,1284.3,1619.47,1671.1,211.89,4574.87,4786.76,
2025-02-01,2024-25,2025,2,Feb,Sikkim,11,State,22.42,27.15,281.93,0.19,331.5,331.69,
2025-02-01,2024-25,2025,2,Feb,Tamil Nadu,33,State,2845.11,3930.95,3244.8,673.62,10020.86,10694.48,
2025-02-01,2024-25,2025,2,Feb,Telangana,36,State,1401.63,1747.72,1552.22,578.47,4701.57,5280.04,
2025-02-01,2024-25,2025,2,Feb,Tripura,16,State,38.83,52.27,12.1,0.13,103.2,103.33,
2025-02-01,2024-25,2025,2,Feb,Uttar Pradesh,9,State,2081.07,2731.75,2612.2,1730.45,7425.02,9155.47,
2025-02-01,2024-25,2025,2,Feb,Uttarakhand,5,State,330.65,473.15,839.7,12.19,1643.5,1655.69,
2025-02-01,2024-25,2025,2,Feb,West Bengal,19,State,1694.4,2029.4,1506.2,566.79,5230.0,5796.79,
2025-03-01,2024-25,2025,3,Mar,Andaman and Nicobar Islands,35,Union Territory,16.04,20.5,14.71,0.2,51.25,51.45,
2025-03-01,2024-25,2025,3,Mar,Andhra Pradesh,28,State,985.07,1399.46,1413.21,235.51,3797.74,4033.25,
2025-03-01,2024-25,2025,3,Mar,Arunachal Pradesh,12,State,71.1,82.86,20.03,0.2,173.99,174.19,
2025-03-01,2024-25,2025,3,Mar,Assam,18,State,530.07,693.54,362.86,121.45,1586.47,1707.92,
2025-03-01,2024-25,2025,3,Mar,Bihar,10,State,606.4,1574.37,247.88,169.99,2428.65,2598.64,
2025-03-01,2024-25,2025,3,Mar,Chandigarh,4,Union Territory,51.76,67.29,118.58,2.92,237.63,240.55,
2025-03-01,2024-25,2025,3,Mar,Chhattisgarh,22,State,770.12,1304.32,1002.41,644.06,3076.85,3720.91,
2025-03-01,2024-25,2025,3,Mar,Dadra and Nagar Haveli and Daman and Diu,38,Union Territory,49.63,60.45,275.28,0.2,385.36,385.56,
2025-03-01,2024-25,2025,3,Mar,Delhi,7,Union Territory,1288.36,1541.12,3211.94,97.82,6041.42,6139.24,
2025-03-01,2024-25,2025,3,Mar,Goa,30,State,185.06,228.71,262.65,3.62,676.42,680.04,
2025-03-01,2024-25,2025,3,Mar,Gujarat,24,State,3423.3,4246.16,3898.2,526.88,11567.66,12094.54,
2025-03-01,2024-25,2025,3,Mar,Haryana,6,State,1632.47,2010.72,6407.97,596.86,10051.16,10648.02,
2025-03-01,2024-25,2025,3,Mar,Himachal Pradesh,2,State,166.76,225.2,435.45,2.01,827.41,829.42,
2025-03-01,2024-25,2025,3,Mar,Jammu and Kashmir,1,Union Territory,192.47,256.56,137.06,8.83,586.09,594.92,
2025-03-01,2024-25,2025,3,Mar,Jharkhand,20,State,650.86,902.31,1129.54,626.02,2682.71,3308.73,
2025-03-01,2024-25,2025,3,Mar,Karnataka,29,State,3352.87,4178.02,4669.58,1296.97,12200.47,13497.44,
2025-03-01,2024-25,2025,3,Mar,Kerala,32,State,1039.89,1265.2,518.71,5.23,2823.8,2829.03,
2025-03-01,2024-25,2025,3,Mar,Ladakh,37,Union Territory,19.87,21.79,6.57,0.23,48.23,48.46,
2025-03-01,2024-25,2025,3,Mar,Lakshadweep,31,Union Territory,0.67,1.2,0.96,0.0,2.83,2.83,
2025-03-01,2024-25,2025,3,Mar,Madhya Pradesh,23,State,1116.61,1417.07,944.95,694.85,3478.63,4173.48,
2025-03-01,2024-25,2025,3,Mar,Maharashtra,27,State,9057.72,10925.59,9363.12,2187.09,29346.43,31533.52,
2025-03-01,2024-25,2025,3,Mar,Manipur,14,State,19.07,28.07,9.7,0.15,56.84,56.99,
2025-03-01,2024-25,2025,3,Mar,Meghalaya,17,State,71.71,85.42,109.89,0.67,267.02,267.69,
2025-03-01,2024-25,2025,3,Mar,Mizoram,15,State,17.24,23.44,5.59,0.04,46.27,46.31,
2025-03-01,2024-25,2025,3,Mar,Nagaland,13,State,29.71,35.72,17.76,1.46,83.19,84.65,
2025-03-01,2024-25,2025,3,Mar,Odisha,21,State,1408.5,2039.43,1561.29,800.19,5009.22,5809.41,
2025-03-01,2024-25,2025,3,Mar,Puducherry,34,Union Territory,34.44,48.6,167.56,0.86,250.6,251.46,
2025-03-01,2024-25,2025,3,Mar,Punjab,3,State,561.85,752.4,819.28,38.21,2133.53,2171.74,
2025-03-01,2024-25,2025,3,Mar,Rajasthan,8,State,1419.83,2048.73,1827.73,202.01,5296.29,5498.3,
2025-03-01,2024-25,2025,3,Mar,Sikkim,11,State,26.61,33.16,289.35,0.29,349.12,349.41,
2025-03-01,2024-25,2025,3,Mar,Tamil Nadu,33,State,3152.02,4565.37,3349.24,728.57,11066.63,11795.2,
2025-03-01,2024-25,2025,3,Mar,Telangana,36,State,1479.76,1821.92,1564.3,535.05,4865.98,5401.03,
2025-03-01,2024-25,2025,3,Mar,Tripura,16,State,62.24,83.9,13.24,0.12,159.38,159.5,
2025-03-01,2024-25,2025,3,Mar,Uttar Pradesh,9,State,2454.7,3207.19,3131.53,1162.9,8793.42,9956.32,
2025-03-01,2024-25,2025,3,Mar,Uttarakhand,5,State,382.24,526.81,823.01,10.26,1732.06,1742.32,
2025-03-01,2024-25,2025,3,Mar,West Bengal,19,State,1799.47,2147.4,1466.0,414.15,5412.87,5827.02,
2025-08-01,2025-26,2025,8,Aug,Andaman and Nicobar Islands,35,Union Territory,12.28,15.08,9.44,,36.8,,Cess removed - suspected data error
2025-08-01,2025-26,2025,8,Aug,Andhra Pradesh,28,State,1048.75,1364.26,1297.05,,3710.06,,Cess removed - suspected data error
2025-08-01,2025-26,2025,8,Aug,Arunachal Pradesh,12,State,35.53,41.08,11.62,,88.23,,Cess removed - suspected data error
2025-08-01,2025-26,2025,8,Aug,Assam,18,State,444.29,562.43,396.72,,1403.44,,Cess removed - suspected data error
2025-08-01,2025-26,2025,8,Aug,Bihar,10,State,464.74,840.52,245.5,,1550.76,,Cess removed - suspected data error
2025-08-01,2025-26,2025,8,Aug,Chandigarh,4,Union Territory,46.09,60.54,105.49,,212.12,,Cess removed - suspected data error
2025-08-01,2025-26,2025,8,Aug,Chhattisgarh,22,State,573.78,720.33,943.6,,2237.71,,Cess removed - suspected data error
2025-08-01,2025-26,2025,8,Aug,Dadra and Nagar Haveli and Daman and Diu,38,Union Territory,49.7,61.66,251.13,,362.49,,Cess removed - suspected data error
2025-08-01,2025-26,2025,8,Aug,Delhi,7,Union Territory,1182.58,1360.68,3095.8,,5639.06,,Cess removed - suspected data error
2025-08-01,2025-26,2025,8,Aug,Goa,30,State,158.44,193.19,191.61,,543.24,,Cess removed - suspected data error
2025-08-01,2025-26,2025,8,Aug,Gujarat,24,State,3130.42,3881.59,3470.11,,10482.12,,Cess removed - suspected data error
2025-08-01,2025-26,2025,8,Aug,Haryana,6,State,1547.11,1997.51,5531.81,,9076.43,,Cess removed - suspected data error
2025-08-01,2025-26,2025,8,Aug,Himachal Pradesh,2,State,147.9,210.38,506.56,,864.84,,Cess removed - suspected data error
2025-08-01,2025-26,2025,8,Aug,Jammu and Kashmir,1,Union Territory,162.3,235.04,171.11,,568.45,,Cess removed - suspected data error
2025-08-01,2025-26,2025,8,Aug,Jharkhand,20,State,586.84,751.67,1005.1,,2343.61,,Cess removed - suspected data error
2025-08-01,2025-26,2025,8,Aug,Karnataka,29,State,3308.49,3958.77,5244.97,,12512.23,,Cess removed - suspected data error
2025-08-01,2025-26,2025,8,Aug,Kerala,32,State,991.22,1220.93,504.63,,2716.78,,Cess removed - suspected data error
2025-08-01,2025-26,2025,8,Aug,Ladakh,37,Union Territory,13.25,18.11,3.58,,34.94,,Cess removed - suspected data error
2025-08-01,2025-26,2025,8,Aug,Lakshadweep,31,Union Territory,0.17,0.27,0.21,,0.65,,Cess removed - suspected data error
2025-08-01,2025-26,2025,8,Aug,Madhya Pradesh,23,State,904.58,1129.13,1052.99,,3086.7,,Cess removed - suspected data error
2025-08-01,2025-26,2025,8,Aug,Maharashtra,27,State,7840.27,9400.0,9505.44,,26745.71,,Cess removed - suspected data error
2025-08-01,2025-26,2025,8,Aug,Manipur,14,State,15.0,19.02,8.01,,42.03,,Cess removed - suspected data error
2025-08-01,2025-26,2025,8,Aug,Meghalaya,17,State,39.75,47.21,119.82,,206.78,,Cess removed - suspected data error
2025-08-01,2025-26,2025,8,Aug,Mizoram,15,State,9.36,13.0,7.46,,29.82,,Cess removed - suspected data error
2025-08-01,2025-26,2025,8,Aug,Nagaland,13,State,20.03,24.09,10.23,,54.35,,Cess removed - suspected data error
2025-08-01,2025-26,2025,8,Aug,Odisha,21,State,1095.84,1452.2,1658.54,,4206.58,,Cess removed - suspected data error
2025-08-01,2025-26,2025,8,Aug,Puducherry,34,Union Territory,31.16,46.8,147.1,,225.06,,Cess removed - suspected data error
2025-08-01,2025-26,2025,8,Aug,Punjab,3,State,535.62,750.37,882.11,,2168.1,,Cess removed - suspected data error
2025-08-01,2025-26,2025,8,Aug,Rajasthan,8,State,1122.86,1480.05,1619.22,,4222.13,,Cess removed - suspected data error
2025-08-01,2025-26,2025,8,Aug,Sikkim,11,State,30.14,47.41,376.61,,454.16,,Cess removed - suspected data error
2025-08-01,2025-26,2025,8,Aug,Tamil Nadu,33,State,3105.19,4038.01,3185.78,,10328.98,,Cess removed - suspected data error
2025-08-01,2025-26,2025,8,Aug,Telangana,36,State,1335.67,1688.75,1587.69,,4612.11,,Cess removed - suspected data error
2025-08-01,2025-26,2025,8,Aug,Tripura,16,State,32.74,40.42,13.3,,86.46,,Cess removed - suspected data error
2025-08-01,2025-26,2025,8,Aug,Uttar Pradesh,9,State,2125.94,2735.7,2785.79,,7647.43,,Cess removed - suspected data error
2025-08-01,2025-26,2025,8,Aug,Uttarakhand,5,State,295.42,493.37,647.38,,1436.17,,Cess removed - suspected data error
2025-08-01,2025-26,2025,8,Aug,West Bengal,19,State,1615.47,1931.0,1491.0,,5037.47,,Cess removed - suspected data error
2026-01-01,2025-26,2026,1,Jan,Andaman and Nicobar Islands,35,Union Territory,17.1,20.54,8.97,,46.61,,Cess removed - suspected data error
2026-01-01,2025-26,2026,1,Jan,Andhra Pradesh,28,State,1007.68,1283.73,1183.23,,3474.64,,Cess removed - suspected data error
2026-01-01,2025-26,2026,1,Jan,Arunachal Pradesh,12,State,43.95,51.23,15.54,,110.72,,Cess removed - suspected data error
2026-01-01,2025-26,2026,1,Jan,Assam,18,State,414.71,571.9,298.0,,1284.61,,Cess removed - suspected data error
2026-01-01,2025-26,2026,1,Jan,Bihar,10,State,421.28,926.21,238.05,,1585.54,,Cess removed - suspected data error
2026-01-01,2025-26,2026,1,Jan,Chandigarh,4,Union Territory,63.84,89.45,136.46,,289.75,,Cess removed - suspected data error
2026-01-01,2025-26,2026,1,Jan,Chhattisgarh,22,State,706.66,815.18,897.08,,2418.92,,Cess removed - suspected data error
2026-01-01,2025-26,2026,1,Jan,Dadra and Nagar Haveli and Daman and Diu,38,Union Territory,53.07,67.63,306.58,,427.28,,Cess removed - suspected data error
2026-01-01,2025-26,2026,1,Jan,Delhi,7,Union Territory,1334.94,1609.34,3553.91,,6498.19,,Cess removed - suspected data error
2026-01-01,2025-26,2026,1,Jan,Goa,30,State,205.66,261.25,150.11,,617.02,,Cess removed - suspected data error
2026-01-01,2025-26,2026,1,Jan,Gujarat,24,State,3682.32,4338.11,3965.65,,11986.08,,Cess removed - suspected data error
2026-01-01,2025-26,2026,1,Jan,Haryana,6,State,1654.0,2173.85,6651.92,,10479.77,,Cess removed - suspected data error
2026-01-01,2025-26,2026,1,Jan,Himachal Pradesh,2,State,172.88,239.18,268.66,,680.72,,Cess removed - suspected data error
2026-01-01,2025-26,2026,1,Jan,Jammu and Kashmir,1,Union Territory,224.97,292.6,101.94,,619.51,,Cess removed - suspected data error
2026-01-01,2025-26,2026,1,Jan,Jharkhand,20,State,602.52,766.37,1056.8,,2425.69,,Cess removed - suspected data error
2026-01-01,2025-26,2026,1,Jan,Karnataka,29,State,3656.2,4425.49,6094.15,,14175.84,,Cess removed - suspected data error
2026-01-01,2025-26,2026,1,Jan,Kerala,32,State,1239.28,1488.5,532.61,,3260.39,,Cess removed - suspected data error
2026-01-01,2025-26,2026,1,Jan,Ladakh,37,Union Territory,24.04,30.94,8.25,,63.23,,Cess removed - suspected data error
2026-01-01,2025-26,2026,1,Jan,Lakshadweep,31,Union Territory,0.38,0.5,0.62,,1.5,,Cess removed - suspected data error
2026-01-01,2025-26,2026,1,Jan,Madhya Pradesh,23,State,1039.48,1280.19,920.09,,3239.76,,Cess removed - suspected data error
2026-01-01,2025-26,2026,1,Jan,Maharashtra,27,State,9353.92,10571.83,12902.61,,32828.36,,Cess removed - suspected data error
2026-01-01,2025-26,2026,1,Jan,Manipur,14,State,19.77,26.61,8.61,,54.99,,Cess removed - suspected data error
2026-01-01,2025-26,2026,1,Jan,Meghalaya,17,State,54.06,69.6,70.67,,194.33,,Cess removed - suspected data error
2026-01-01,2025-26,2026,1,Jan,Mizoram,15,State,11.43,16.61,5.0,,33.04,,Cess removed - suspected data error
2026-01-01,2025-26,2026,1,Jan,Nagaland,13,State,21.36,25.96,14.41,,61.73,,Cess removed - suspected data error
2026-01-01,2025-26,2026,1,Jan,Odisha,21,State,1313.93,1668.52,1157.08,,4139.53,,Cess removed - suspected data error
2026-01-01,2025-26,2026,1,Jan,Puducherry,34,Union Territory,38.33,59.36,119.46,,217.15,,Cess removed - suspected data error
2026-01-01,2025-26,2026,1,Jan,Punjab,3,State,634.04,938.46,822.76,,2395.26,,Cess removed - suspected data error
2026-01-01,2025-26,2026,1,Jan,Rajasthan,8,State,1370.56,1807.52,1464.17,,4642.25,,Cess removed - suspected data error
2026-01-01,2025-26,2026,1,Jan,Sikkim,11,State,28.66,34.83,88.21,,151.7,,Cess removed - suspected data error
2026-01-01,2025-26,2026,1,Jan,Tamil Nadu,33,State,3066.33,3947.34,3893.34,,10907.01,,Cess removed - suspected data error
2026-01-01,2025-26,2026,1,Jan,Telangana,36,State,1760.95,2189.96,1753.26,,5704.17,,Cess removed - suspected data error
2026-01-01,2025-26,2026,1,Jan,Tripura,16,State,41.25,55.09,16.78,,113.12,,Cess removed - suspected data error
2026-01-01,2025-26,2026,1,Jan,Uttar Pradesh,9,State,2294.85,3003.33,3080.54,,8378.72,,Cess removed - suspected data error
2026-01-01,2025-26,2026,1,Jan,Uttarakhand,5,State,311.86,470.4,687.53,,1469.79,,Cess removed - suspected data error
2026-01-01,2025-26,2026,1,Jan,West Bengal,19,State,1872.17,2150.6,1482.96,,5505.73,,Cess removed - suspected data error
